<?xml version="1.0" encoding="UTF-8"?>
<!DOCTYPE list SYSTEM "item.dtd">
<list>
	<etcitem id="2508" name="Cursed Bone">
		<set name="class" value="CONSUMABLE"/>
		<set name="crystal_type" value="NONE"/>
		<set name="icon" value="icon.etc_piece_bone_red_i00"/>
		<set name="price" value="240"/>
		<set name="stackable" value="true"/>
		<set name="type" value="MATERIAL"/>
		<set name="weight" value="3"/>
	</etcitem>
	<etcitem id="2509" name="Spiritshot: No Grade">
		<set name="class" value="CONSUMABLE"/>
		<set name="crystal_type" value="NONE"/>
		<set name="icon" value="icon.etc_spell_shot_white_i00"/>
		<set name="price" value="15"/>
		<set name="stackable" value="true"/>
		<set name="type" value="OTHER"/>
		<set name="weight" value="5"/>
	</etcitem>
	<etcitem id="2510" name="Spiritshot: D-grade">
		<set name="class" value="CONSUMABLE"/>
		<set name="crystal_type" value="D"/>
		<set name="icon" value="icon.etc_spell_shot_blue_i00"/>
		<set name="price" value="18"/>
		<set name="stackable" value="true"/>
		<set name="type" value="OTHER"/>
		<set name="weight" value="5"/>
	</etcitem>
	<etcitem id="2511" name="Spiritshot: C-grade">
		<set name="class" value="CONSUMABLE"/>
		<set name="crystal_type" value="C"/>
		<set name="icon" value="icon.etc_spell_shot_green_i00"/>
		<set name="price" value="35"/>
		<set name="stackable" value="true"/>
		<set name="type" value="OTHER"/>
		<set name="weight" value="3"/>
	</etcitem>
	<etcitem id="2512" name="Spiritshot: B-grade">
		<set name="class" value="CONSUMABLE"/>
		<set name="crystal_type" value="B"/>
		<set name="icon" value="icon.etc_spell_shot_red_i00"/>
		<set name="price" value="100"/>
		<set name="stackable" value="true"/>
		<set name="type" value="OTHER"/>
		<set name="weight" value="3"/>
	</etcitem>
	<etcitem id="2513" name="Spiritshot: A-grade">
		<set name="class" value="CONSUMABLE"/>
		<set name="crystal_type" value="A"/>
		<set name="icon" value="icon.etc_spell_shot_silver_i00"/>
		<set name="price" value="120"/>
		<set name="stackable" value="true"/>
		<set name="type" value="OTHER"/>
		<set name="weight" value="2"/>
	</etcitem>
	<etcitem id="2514" name="Spiritshot: S-grade">
		<set name="class" value="CONSUMABLE"/>
		<set name="crystal_type" value="S"/>
		<set name="icon" value="icon.etc_spell_shot_gold_i00"/>
		<set name="price" value="150"/>
		<set name="stackable" value="true"/>
		<set name="type" value="OTHER"/>
		<set name="weight" value="2"/>
	</etcitem>
	<etcitem id="2515" name="Food For Wolves">
		<set name="class" value="OTHER"/>
		<set name="ex_type" value="OTHER_ITEMS"/>
		<set name="crystal_type" value="NONE"/>
		<set name="icon" value="icon.etc_pouch_yellow_i00"/>
		<set name="price" value="100"/>
		<set name="stackable" value="true"/>
		<set name="type" value="OTHER"/>
		<set name="weight" value="10"/>
		<cond msgId="1508">
			<not>
				<player olympiad="true"/>
			</not>
		</cond>
		<skills>
			<skill id="2048" level="1"/>
		</skills>
		<set name="capsuled" value="true"/>
	</etcitem>
</list>
