<?xml version="1.0" encoding="UTF-8"?>
<!DOCTYPE list SYSTEM "item.dtd">
<list>
	<etcitem id="2627" name="Mark of Challenger">
		<set name="class" value="OTHER"/>
		<set name="ex_type" value="OTHER_ITEMS"/>
		<set name="crystal_type" value="NONE"/>
		<set name="durability" value="100"/>
		<set name="icon" value="icon.etc_jewel_silver_i00"/>
		<set name="stackable" value="true"/>
		<set name="type" value="QUEST"/>
	</etcitem>
	<etcitem id="2628" name="Letter of Kash">
		<set name="class" value="OTHER"/>
		<set name="ex_type" value="OTHER_ITEMS"/>
		<set name="crystal_type" value="NONE"/>
		<set name="durability" value="100"/>
		<set name="icon" value="icon.etc_scroll_gray_i00"/>
		<set name="stackable" value="true"/>
		<set name="type" value="QUEST"/>
	</etcitem>
	<etcitem id="2629" name="Watcher's 1st Eye">
		<set name="class" value="OTHER"/>
		<set name="ex_type" value="OTHER_ITEMS"/>
		<set name="crystal_type" value="NONE"/>
		<set name="durability" value="100"/>
		<set name="icon" value="icon.etc_eyeball_i00"/>
		<set name="stackable" value="true"/>
		<set name="type" value="QUEST"/>
	</etcitem>
	<etcitem id="2630" name="Watcher's 2nd Eye">
		<set name="class" value="OTHER"/>
		<set name="ex_type" value="OTHER_ITEMS"/>
		<set name="crystal_type" value="NONE"/>
		<set name="durability" value="100"/>
		<set name="icon" value="icon.etc_eyeball_i00"/>
		<set name="stackable" value="true"/>
		<set name="type" value="QUEST"/>
	</etcitem>
	<etcitem id="2631" name="Scroll of Shyslassys">
		<set name="class" value="OTHER"/>
		<set name="ex_type" value="OTHER_ITEMS"/>
		<set name="crystal_type" value="NONE"/>
		<set name="durability" value="100"/>
		<set name="icon" value="icon.etc_scroll_of_enchant_weapon_i01"/>
		<set name="stackable" value="true"/>
		<set name="type" value="QUEST"/>
	</etcitem>
	<etcitem id="2632" name="Broken Key">
		<set name="class" value="OTHER"/>
		<set name="ex_type" value="OTHER_ITEMS"/>
		<set name="crystal_type" value="NONE"/>
		<set name="durability" value="100"/>
		<set name="icon" value="icon.etc_mold_i00"/>
		<set name="stackable" value="true"/>
		<set name="type" value="QUEST"/>
	</etcitem>
	<etcitem id="2633" name="Mark of Duty">
		<set name="class" value="OTHER"/>
		<set name="ex_type" value="OTHER_ITEMS"/>
		<set name="crystal_type" value="NONE"/>
		<set name="durability" value="100"/>
		<set name="icon" value="icon.accessary_necklace_of_holy_spirit_i00"/>
		<set name="stackable" value="true"/>
		<set name="type" value="QUEST"/>
	</etcitem>
	<etcitem id="2634" name="Letter of Dustin">
		<set name="class" value="OTHER"/>
		<set name="ex_type" value="OTHER_ITEMS"/>
		<set name="crystal_type" value="NONE"/>
		<set name="durability" value="100"/>
		<set name="icon" value="icon.etc_piece_of_paper_white_i00"/>
		<set name="stackable" value="true"/>
		<set name="type" value="QUEST"/>
	</etcitem>
	<etcitem id="2635" name="Knights Tear">
		<set name="class" value="OTHER"/>
		<set name="ex_type" value="OTHER_ITEMS"/>
		<set name="crystal_type" value="NONE"/>
		<set name="durability" value="100"/>
		<set name="icon" value="icon.etc_crystal_ball_red_i00"/>
		<set name="stackable" value="true"/>
		<set name="type" value="QUEST"/>
	</etcitem>
	<etcitem id="2636" name="Mirror of Orpic">
		<set name="class" value="OTHER"/>
		<set name="ex_type" value="OTHER_ITEMS"/>
		<set name="crystal_type" value="NONE"/>
		<set name="durability" value="100"/>
		<set name="icon" value="icon.etc_mirror_i00"/>
		<set name="stackable" value="true"/>
		<set name="type" value="QUEST"/>
	</etcitem>
	<etcitem id="2637" name="Tear of Confession">
		<set name="class" value="OTHER"/>
		<set name="ex_type" value="OTHER_ITEMS"/>
		<set name="crystal_type" value="NONE"/>
		<set name="durability" value="100"/>
		<set name="icon" value="icon.etc_crystal_ball_white_i00"/>
		<set name="stackable" value="true"/>
		<set name="type" value="QUEST"/>
	</etcitem>
	<etcitem id="2638" name="Report Piece">
		<set name="class" value="OTHER"/>
		<set name="ex_type" value="OTHER_ITEMS"/>
		<set name="crystal_type" value="NONE"/>
		<set name="durability" value="100"/>
		<set name="icon" value="icon.etc_leather_gray_i00"/>
		<set name="stackable" value="true"/>
		<set name="type" value="QUEST"/>
	</etcitem>
	<etcitem id="2639" name="Report Piece">
		<set name="class" value="OTHER"/>
		<set name="ex_type" value="OTHER_ITEMS"/>
		<set name="crystal_type" value="NONE"/>
		<set name="durability" value="100"/>
		<set name="icon" value="icon.etc_letter_white_i00"/>
		<set name="stackable" value="true"/>
		<set name="type" value="QUEST"/>
	</etcitem>
	<etcitem id="2640" name="Tear of Loyalty">
		<set name="class" value="OTHER"/>
		<set name="ex_type" value="OTHER_ITEMS"/>
		<set name="crystal_type" value="NONE"/>
		<set name="durability" value="100"/>
		<set name="icon" value="icon.etc_crystal_ball_silver_i00"/>
		<set name="stackable" value="true"/>
		<set name="type" value="QUEST"/>
	</etcitem>
	<etcitem id="2641" name="Militas Article">
		<set name="class" value="OTHER"/>
		<set name="ex_type" value="OTHER_ITEMS"/>
		<set name="crystal_type" value="NONE"/>
		<set name="durability" value="100"/>
		<set name="icon" value="icon.etc_jewel_box_i00"/>
		<set name="stackable" value="true"/>
		<set name="type" value="QUEST"/>
	</etcitem>
	<etcitem id="2642" name="Saints Ashes Urn">
		<set name="class" value="OTHER"/>
		<set name="ex_type" value="OTHER_ITEMS"/>
		<set name="crystal_type" value="NONE"/>
		<set name="durability" value="100"/>
		<set name="icon" value="icon.etc_oil_pot_white_i00"/>
		<set name="stackable" value="true"/>
		<set name="type" value="QUEST"/>
	</etcitem>
	<etcitem id="2643" name="Athebaldt's Skull">
		<set name="class" value="OTHER"/>
		<set name="ex_type" value="OTHER_ITEMS"/>
		<set name="crystal_type" value="NONE"/>
		<set name="durability" value="100"/>
		<set name="icon" value="icon.etc_skull_white_i00"/>
		<set name="stackable" value="true"/>
		<set name="type" value="QUEST"/>
	</etcitem>
	<etcitem id="2644" name="Athebaldt's Ribs">
		<set name="class" value="OTHER"/>
		<set name="ex_type" value="OTHER_ITEMS"/>
		<set name="crystal_type" value="NONE"/>
		<set name="durability" value="100"/>
		<set name="icon" value="icon.etc_rib_white_i00"/>
		<set name="stackable" value="true"/>
		<set name="type" value="QUEST"/>
	</etcitem>
	<etcitem id="2645" name="Athebaldt's Shin">
		<set name="class" value="OTHER"/>
		<set name="ex_type" value="OTHER_ITEMS"/>
		<set name="crystal_type" value="NONE"/>
		<set name="durability" value="100"/>
		<set name="icon" value="icon.etc_piece_bone_white_i00"/>
		<set name="stackable" value="true"/>
		<set name="type" value="QUEST"/>
	</etcitem>
	<etcitem id="2646" name="Letter of Windawood">
		<set name="class" value="OTHER"/>
		<set name="ex_type" value="OTHER_ITEMS"/>
		<set name="crystal_type" value="NONE"/>
		<set name="durability" value="100"/>
		<set name="icon" value="icon.etc_letter_blue_i00"/>
		<set name="stackable" value="true"/>
		<set name="type" value="QUEST"/>
	</etcitem>
	<etcitem id="2647" name="Dufners Letter">
		<set name="class" value="OTHER"/>
		<set name="ex_type" value="OTHER_ITEMS"/>
		<set name="crystal_type" value="NONE"/>
		<set name="durability" value="100"/>
		<set name="icon" value="icon.etc_scroll_white_i00"/>
		<set name="stackable" value="true"/>
		<set name="type" value="QUEST"/>
	</etcitem>
	<etcitem id="2648" name="Terry's 1st Order">
		<set name="class" value="OTHER"/>
		<set name="ex_type" value="OTHER_ITEMS"/>
		<set name="crystal_type" value="NONE"/>
		<set name="durability" value="100"/>
		<set name="icon" value="icon.etc_scroll_of_resurrection_i01"/>
		<set name="stackable" value="true"/>
		<set name="type" value="QUEST"/>
	</etcitem>
	<etcitem id="2649" name="Terry's 2nd Order">
		<set name="class" value="OTHER"/>
		<set name="ex_type" value="OTHER_ITEMS"/>
		<set name="crystal_type" value="NONE"/>
		<set name="durability" value="100"/>
		<set name="icon" value="icon.etc_scroll_of_return_i00"/>
		<set name="stackable" value="true"/>
		<set name="type" value="QUEST"/>
	</etcitem>
	<etcitem id="2650" name="Terry's Letter">
		<set name="class" value="OTHER"/>
		<set name="ex_type" value="OTHER_ITEMS"/>
		<set name="crystal_type" value="NONE"/>
		<set name="durability" value="100"/>
		<set name="icon" value="icon.etc_letter_blue_i00"/>
		<set name="stackable" value="true"/>
		<set name="type" value="QUEST"/>
	</etcitem>
	<etcitem id="2651" name="Viktor's Letter">
		<set name="class" value="OTHER"/>
		<set name="ex_type" value="OTHER_ITEMS"/>
		<set name="crystal_type" value="NONE"/>
		<set name="durability" value="100"/>
		<set name="icon" value="icon.etc_letter_red_i00"/>
		<set name="stackable" value="true"/>
		<set name="type" value="QUEST"/>
	</etcitem>
	<etcitem id="2652" name="Hawkeye's Letter">
		<set name="class" value="OTHER"/>
		<set name="ex_type" value="OTHER_ITEMS"/>
		<set name="crystal_type" value="NONE"/>
		<set name="durability" value="100"/>
		<set name="icon" value="icon.etc_letter_white_i00"/>
		<set name="stackable" value="true"/>
		<set name="type" value="QUEST"/>
	</etcitem>
	<etcitem id="2653" name="Mysterious Spirit Ore">
		<set name="class" value="OTHER"/>
		<set name="ex_type" value="OTHER_ITEMS"/>
		<set name="crystal_type" value="NONE"/>
		<set name="durability" value="100"/>
		<set name="icon" value="icon.etc_crystal_blue_i00"/>
		<set name="stackable" value="true"/>
		<set name="type" value="QUEST"/>
	</etcitem>
	<etcitem id="2654" name="Ol Mahum Spirit Ore">
		<set name="class" value="OTHER"/>
		<set name="ex_type" value="OTHER_ITEMS"/>
		<set name="crystal_type" value="NONE"/>
		<set name="durability" value="100"/>
		<set name="icon" value="icon.etc_crystal_red_i00"/>
		<set name="stackable" value="true"/>
		<set name="type" value="QUEST"/>
	</etcitem>
	<etcitem id="2655" name="Turek Spirit Ore">
		<set name="class" value="OTHER"/>
		<set name="ex_type" value="OTHER_ITEMS"/>
		<set name="crystal_type" value="NONE"/>
		<set name="durability" value="100"/>
		<set name="icon" value="icon.etc_crystal_silver_i00"/>
		<set name="stackable" value="true"/>
		<set name="type" value="QUEST"/>
	</etcitem>
	<etcitem id="2656" name="Ant Spirit Ore">
		<set name="class" value="OTHER"/>
		<set name="ex_type" value="OTHER_ITEMS"/>
		<set name="crystal_type" value="NONE"/>
		<set name="durability" value="100"/>
		<set name="icon" value="icon.etc_crystal_white_i00"/>
		<set name="stackable" value="true"/>
		<set name="type" value="QUEST"/>
	</etcitem>
	<etcitem id="2657" name="Turak Bugbear Spirit Ore">
		<set name="class" value="OTHER"/>
		<set name="ex_type" value="OTHER_ITEMS"/>
		<set name="crystal_type" value="NONE"/>
		<set name="durability" value="100"/>
		<set name="icon" value="icon.etc_crystal_gold_i00"/>
		<set name="stackable" value="true"/>
		<set name="type" value="QUEST"/>
	</etcitem>
	<etcitem id="2658" name="Terry's Box">
		<set name="class" value="OTHER"/>
		<set name="ex_type" value="OTHER_ITEMS"/>
		<set name="crystal_type" value="NONE"/>
		<set name="durability" value="100"/>
		<set name="icon" value="icon.etc_jewel_box_i00"/>
		<set name="stackable" value="true"/>
		<set name="type" value="QUEST"/>
	</etcitem>
	<etcitem id="2659" name="Viktor's Request">
		<set name="class" value="OTHER"/>
		<set name="ex_type" value="OTHER_ITEMS"/>
		<set name="crystal_type" value="NONE"/>
		<set name="durability" value="100"/>
		<set name="icon" value="icon.etc_scroll_of_enchant_armor_i01"/>
		<set name="stackable" value="true"/>
		<set name="type" value="QUEST"/>
	</etcitem>
	<etcitem id="2660" name="Medusa Scales">
		<set name="class" value="OTHER"/>
		<set name="ex_type" value="OTHER_ITEMS"/>
		<set name="crystal_type" value="NONE"/>
		<set name="durability" value="100"/>
		<set name="icon" value="icon.etc_parasite_i00"/>
		<set name="stackable" value="true"/>
		<set name="type" value="QUEST"/>
	</etcitem>
	<etcitem id="2661" name="Shilen's Spirit Ore">
		<set name="class" value="OTHER"/>
		<set name="ex_type" value="OTHER_ITEMS"/>
		<set name="crystal_type" value="NONE"/>
		<set name="durability" value="100"/>
		<set name="icon" value="icon.etc_crystal_green_i00"/>
		<set name="stackable" value="true"/>
		<set name="type" value="QUEST"/>
	</etcitem>
	<etcitem id="2662" name="Analysis Request">
		<set name="class" value="OTHER"/>
		<set name="ex_type" value="OTHER_ITEMS"/>
		<set name="crystal_type" value="NONE"/>
		<set name="durability" value="100"/>
		<set name="icon" value="icon.etc_recipe_blue_i00"/>
		<set name="stackable" value="true"/>
		<set name="type" value="QUEST"/>
	</etcitem>
	<etcitem id="2663" name="Marina's Letter">
		<set name="class" value="OTHER"/>
		<set name="ex_type" value="OTHER_ITEMS"/>
		<set name="crystal_type" value="NONE"/>
		<set name="durability" value="100"/>
		<set name="icon" value="icon.etc_piece_of_paper_white_i00"/>
		<set name="stackable" value="true"/>
		<set name="type" value="QUEST"/>
	</etcitem>
	<etcitem id="2664" name="Experiment Tools">
		<set name="class" value="OTHER"/>
		<set name="ex_type" value="OTHER_ITEMS"/>
		<set name="crystal_type" value="NONE"/>
		<set name="durability" value="100"/>
		<set name="icon" value="icon.etc_squares_wood_i00"/>
		<set name="stackable" value="true"/>
		<set name="type" value="QUEST"/>
	</etcitem>
	<etcitem id="2665" name="Analysis Result">
		<set name="class" value="OTHER"/>
		<set name="ex_type" value="OTHER_ITEMS"/>
		<set name="crystal_type" value="NONE"/>
		<set name="durability" value="100"/>
		<set name="icon" value="icon.etc_recipe_red_i00"/>
		<set name="stackable" value="true"/>
		<set name="type" value="QUEST"/>
	</etcitem>
	<etcitem id="2666" name="Terry's 3rd Order">
		<set name="class" value="OTHER"/>
		<set name="ex_type" value="OTHER_ITEMS"/>
		<set name="crystal_type" value="NONE"/>
		<set name="durability" value="100"/>
		<set name="icon" value="icon.etc_scroll_of_enchant_weapon_i01"/>
		<set name="stackable" value="true"/>
		<set name="type" value="QUEST"/>
	</etcitem>
	<etcitem id="2667" name="List of Host">
		<set name="class" value="OTHER"/>
		<set name="ex_type" value="OTHER_ITEMS"/>
		<set name="crystal_type" value="NONE"/>
		<set name="durability" value="100"/>
		<set name="icon" value="icon.etc_piece_of_paper_black_i00"/>
		<set name="stackable" value="true"/>
		<set name="type" value="QUEST"/>
	</etcitem>
	<etcitem id="2668" name="Abyss Spirit Ore">
		<set name="class" value="OTHER"/>
		<set name="ex_type" value="OTHER_ITEMS"/>
		<set name="crystal_type" value="NONE"/>
		<set name="durability" value="100"/>
		<set name="icon" value="icon.etc_crystal_blue_i00"/>
		<set name="stackable" value="true"/>
		<set name="type" value="QUEST"/>
	</etcitem>
	<etcitem id="2669" name="Abyss Spirit Ore">
		<set name="class" value="OTHER"/>
		<set name="ex_type" value="OTHER_ITEMS"/>
		<set name="crystal_type" value="NONE"/>
		<set name="durability" value="100"/>
		<set name="icon" value="icon.etc_crystal_silver_i00"/>
		<set name="stackable" value="true"/>
		<set name="type" value="QUEST"/>
	</etcitem>
	<etcitem id="2670" name="Abyss Spirit Ore">
		<set name="class" value="OTHER"/>
		<set name="ex_type" value="OTHER_ITEMS"/>
		<set name="crystal_type" value="NONE"/>
		<set name="durability" value="100"/>
		<set name="icon" value="icon.etc_crystal_white_i00"/>
		<set name="stackable" value="true"/>
		<set name="type" value="QUEST"/>
	</etcitem>
	<etcitem id="2671" name="Abyss Spirit Ore">
		<set name="class" value="OTHER"/>
		<set name="ex_type" value="OTHER_ITEMS"/>
		<set name="crystal_type" value="NONE"/>
		<set name="durability" value="100"/>
		<set name="icon" value="icon.etc_crystal_green_i00"/>
		<set name="stackable" value="true"/>
		<set name="type" value="QUEST"/>
	</etcitem>
	<etcitem id="2672" name="Terry's Report">
		<set name="class" value="OTHER"/>
		<set name="ex_type" value="OTHER_ITEMS"/>
		<set name="crystal_type" value="NONE"/>
		<set name="durability" value="100"/>
		<set name="icon" value="icon.etc_scroll_of_enchant_weapon_i00"/>
		<set name="stackable" value="true"/>
		<set name="type" value="QUEST"/>
	</etcitem>
	<etcitem id="2673" name="Mark of Seeker">
		<set name="class" value="OTHER"/>
		<set name="ex_type" value="OTHER_ITEMS"/>
		<set name="crystal_type" value="NONE"/>
		<set name="durability" value="100"/>
		<set name="icon" value="icon.etc_jewel_green_i00"/>
		<set name="stackable" value="true"/>
		<set name="type" value="QUEST"/>
	</etcitem>
	<etcitem id="2674" name="Mark of Scholar">
		<set name="class" value="OTHER"/>
		<set name="ex_type" value="OTHER_ITEMS"/>
		<set name="crystal_type" value="NONE"/>
		<set name="durability" value="100"/>
		<set name="icon" value="icon.etc_jewel_blue_i00"/>
		<set name="stackable" value="true"/>
		<set name="type" value="QUEST"/>
	</etcitem>
	<etcitem id="2675" name="Mirien's 1st Sigil">
		<set name="class" value="OTHER"/>
		<set name="ex_type" value="OTHER_ITEMS"/>
		<set name="crystal_type" value="NONE"/>
		<set name="durability" value="100"/>
		<set name="icon" value="icon.shield_shield_of_mana_i00"/>
		<set name="stackable" value="true"/>
		<set name="type" value="QUEST"/>
	</etcitem>
	<etcitem id="2676" name="Mirien's 2nd Sigil">
		<set name="class" value="OTHER"/>
		<set name="ex_type" value="OTHER_ITEMS"/>
		<set name="crystal_type" value="NONE"/>
		<set name="durability" value="100"/>
		<set name="icon" value="icon.shield_shield_of_pledge_i00"/>
		<set name="stackable" value="true"/>
		<set name="type" value="QUEST"/>
	</etcitem>
	<etcitem id="2677" name="Mirien's 3rd Sigil">
		<set name="class" value="OTHER"/>
		<set name="ex_type" value="OTHER_ITEMS"/>
		<set name="crystal_type" value="NONE"/>
		<set name="durability" value="100"/>
		<set name="icon" value="icon.shield_round_shield_i00"/>
		<set name="stackable" value="true"/>
		<set name="type" value="QUEST"/>
	</etcitem>
	<etcitem id="2678" name="Mirien's Instruction">
		<set name="class" value="OTHER"/>
		<set name="ex_type" value="OTHER_ITEMS"/>
		<set name="crystal_type" value="NONE"/>
		<set name="durability" value="100"/>
		<set name="icon" value="icon.etc_scroll_gray_i00"/>
		<set name="stackable" value="true"/>
		<set name="type" value="QUEST"/>
	</etcitem>
	<etcitem id="2679" name="Maria's 1st Letter">
		<set name="class" value="OTHER"/>
		<set name="ex_type" value="OTHER_ITEMS"/>
		<set name="crystal_type" value="NONE"/>
		<set name="durability" value="100"/>
		<set name="icon" value="icon.etc_letter_blue_i00"/>
		<set name="stackable" value="true"/>
		<set name="type" value="QUEST"/>
	</etcitem>
	<etcitem id="2680" name="Maria's 2nd Letter">
		<set name="class" value="OTHER"/>
		<set name="ex_type" value="OTHER_ITEMS"/>
		<set name="crystal_type" value="NONE"/>
		<set name="durability" value="100"/>
		<set name="icon" value="icon.etc_letter_red_i00"/>
		<set name="stackable" value="true"/>
		<set name="type" value="QUEST"/>
	</etcitem>
	<etcitem id="2681" name="Lucas's Letter">
		<set name="class" value="OTHER"/>
		<set name="ex_type" value="OTHER_ITEMS"/>
		<set name="crystal_type" value="NONE"/>
		<set name="durability" value="100"/>
		<set name="icon" value="icon.etc_letter_white_i00"/>
		<set name="stackable" value="true"/>
		<set name="type" value="QUEST"/>
	</etcitem>
	<etcitem id="2682" name="Lucilla's Handbag">
		<set name="class" value="OTHER"/>
		<set name="ex_type" value="OTHER_ITEMS"/>
		<set name="crystal_type" value="NONE"/>
		<set name="durability" value="100"/>
		<set name="icon" value="icon.etc_pouch_yellow_i00"/>
		<set name="stackable" value="true"/>
		<set name="type" value="QUEST"/>
	</etcitem>
	<etcitem id="2683" name="Creta's 1st Letter">
		<set name="class" value="OTHER"/>
		<set name="ex_type" value="OTHER_ITEMS"/>
		<set name="crystal_type" value="NONE"/>
		<set name="durability" value="100"/>
		<set name="icon" value="icon.etc_letter_blue_i00"/>
		<set name="stackable" value="true"/>
		<set name="type" value="QUEST"/>
	</etcitem>
	<etcitem id="2684" name="Creta's Painting1">
		<set name="class" value="OTHER"/>
		<set name="ex_type" value="OTHER_ITEMS"/>
		<set name="crystal_type" value="NONE"/>
		<set name="durability" value="100"/>
		<set name="icon" value="icon.etc_scroll_of_enchant_armor_i00"/>
		<set name="stackable" value="true"/>
		<set name="type" value="QUEST"/>
	</etcitem>
	<etcitem id="2685" name="Creta's Painting2">
		<set name="class" value="OTHER"/>
		<set name="ex_type" value="OTHER_ITEMS"/>
		<set name="crystal_type" value="NONE"/>
		<set name="durability" value="100"/>
		<set name="icon" value="icon.etc_scroll_of_resurrection_i00"/>
		<set name="stackable" value="true"/>
		<set name="type" value="QUEST"/>
	</etcitem>
	<etcitem id="2686" name="Creta's Painting3">
		<set name="class" value="OTHER"/>
		<set name="ex_type" value="OTHER_ITEMS"/>
		<set name="crystal_type" value="NONE"/>
		<set name="durability" value="100"/>
		<set name="icon" value="icon.etc_scroll_of_return_i00"/>
		<set name="stackable" value="true"/>
		<set name="type" value="QUEST"/>
	</etcitem>
	<etcitem id="2687" name="Brown Scroll Scrap">
		<set name="class" value="OTHER"/>
		<set name="ex_type" value="OTHER_ITEMS"/>
		<set name="crystal_type" value="NONE"/>
		<set name="durability" value="100"/>
		<set name="icon" value="icon.etc_map_piece_yellow_i00"/>
		<set name="stackable" value="true"/>
		<set name="type" value="QUEST"/>
	</etcitem>
	<etcitem id="2688" name="Crystal of Purity">
		<set name="class" value="OTHER"/>
		<set name="ex_type" value="OTHER_ITEMS"/>
		<set name="crystal_type" value="NONE"/>
		<set name="durability" value="100"/>
		<set name="icon" value="icon.etc_gem_clear_i00"/>
		<set name="stackable" value="true"/>
		<set name="type" value="OTHER"/>
	</etcitem>
	<etcitem id="2689" name="High Priest's Sigil">
		<set name="class" value="OTHER"/>
		<set name="ex_type" value="OTHER_ITEMS"/>
		<set name="crystal_type" value="NONE"/>
		<set name="durability" value="100"/>
		<set name="icon" value="icon.shield_sages_shield_i01"/>
		<set name="stackable" value="true"/>
		<set name="type" value="QUEST"/>
	</etcitem>
	<etcitem id="2690" name="Grand Magister's Sigil">
		<set name="class" value="OTHER"/>
		<set name="ex_type" value="OTHER_ITEMS"/>
		<set name="crystal_type" value="NONE"/>
		<set name="durability" value="100"/>
		<set name="icon" value="icon.shield_doom_shield_i00"/>
		<set name="stackable" value="true"/>
		<set name="type" value="QUEST"/>
	</etcitem>
	<etcitem id="2691" name="Crono's Sigil">
		<set name="class" value="OTHER"/>
		<set name="ex_type" value="OTHER_ITEMS"/>
		<set name="crystal_type" value="NONE"/>
		<set name="durability" value="100"/>
		<set name="icon" value="icon.shield_another_worlds_shield_i01"/>
		<set name="stackable" value="true"/>
		<set name="type" value="QUEST"/>
	</etcitem>
	<etcitem id="2692" name="Sylvain's Letter">
		<set name="class" value="OTHER"/>
		<set name="ex_type" value="OTHER_ITEMS"/>
		<set name="crystal_type" value="NONE"/>
		<set name="durability" value="100"/>
		<set name="icon" value="icon.etc_piece_of_paper_gray_i00"/>
		<set name="stackable" value="true"/>
		<set name="type" value="QUEST"/>
	</etcitem>
	<etcitem id="2693" name="Symbol of Sylvain">
		<set name="class" value="OTHER"/>
		<set name="ex_type" value="OTHER_ITEMS"/>
		<set name="crystal_type" value="NONE"/>
		<set name="durability" value="100"/>
		<set name="icon" value="icon.etc_coins_blue_i00"/>
		<set name="stackable" value="true"/>
		<set name="type" value="QUEST"/>
	</etcitem>
	<etcitem id="2694" name="Jurek's List">
		<set name="class" value="OTHER"/>
		<set name="ex_type" value="OTHER_ITEMS"/>
		<set name="crystal_type" value="NONE"/>
		<set name="durability" value="100"/>
		<set name="icon" value="icon.etc_piece_of_paper_black_i00"/>
		<set name="stackable" value="true"/>
		<set name="type" value="QUEST"/>
	</etcitem>
	<etcitem id="2695" name="Monster Eye Destroyer Skin">
		<set name="class" value="OTHER"/>
		<set name="ex_type" value="OTHER_ITEMS"/>
		<set name="crystal_type" value="NONE"/>
		<set name="durability" value="100"/>
		<set name="icon" value="icon.etc_leather_yellow_i00"/>
		<set name="stackable" value="true"/>
		<set name="type" value="QUEST"/>
	</etcitem>
	<etcitem id="2696" name="Shaman's Necklace">
		<set name="class" value="OTHER"/>
		<set name="ex_type" value="OTHER_ITEMS"/>
		<set name="crystal_type" value="NONE"/>
		<set name="durability" value="100"/>
		<set name="icon" value="icon.etc_totem_necklace_red_i00"/>
		<set name="stackable" value="true"/>
		<set name="type" value="QUEST"/>
	</etcitem>
	<etcitem id="2697" name="Shackle's Scalp">
		<set name="class" value="OTHER"/>
		<set name="ex_type" value="OTHER_ITEMS"/>
		<set name="crystal_type" value="NONE"/>
		<set name="durability" value="100"/>
		<set name="icon" value="icon.etc_leather_brown_i00"/>
		<set name="stackable" value="true"/>
		<set name="type" value="QUEST"/>
	</etcitem>
	<etcitem id="2698" name="Symbol of Jurek">
		<set name="class" value="OTHER"/>
		<set name="ex_type" value="OTHER_ITEMS"/>
		<set name="crystal_type" value="NONE"/>
		<set name="durability" value="100"/>
		<set name="icon" value="icon.etc_coins_gold_i00"/>
		<set name="stackable" value="true"/>
		<set name="type" value="QUEST"/>
	</etcitem>
	<etcitem id="2699" name="Cronos Letter">
		<set name="class" value="OTHER"/>
		<set name="ex_type" value="OTHER_ITEMS"/>
		<set name="crystal_type" value="NONE"/>
		<set name="durability" value="100"/>
		<set name="icon" value="icon.etc_letter_red_i00"/>
		<set name="stackable" value="true"/>
		<set name="type" value="QUEST"/>
	</etcitem>
</list>
