<?xml version="1.0" encoding="UTF-8"?>
<!DOCTYPE list SYSTEM "item.dtd">
<list>
	<etcitem id="3100" name="Spellbook: Guidance">
		<set name="class" value="SPELLBOOKS"/>
		<set name="crystal_type" value="NONE"/>
		<set name="icon" value="icon.etc_spell_books_assistance_i00"/>
		<set name="price" value="3200"/>
		<set name="stackable" value="true"/>
		<set name="type" value="SPELLBOOK"/>
		<set name="ex_type" value="SPELLBOOK"/>
		<set name="weight" value="120"/>
	</etcitem>
	<etcitem id="3101" name="Spellbook: Death Whisper">
		<set name="class" value="SPELLBOOKS"/>
		<set name="crystal_type" value="NONE"/>
		<set name="icon" value="icon.etc_spell_books_assistance_i00"/>
		<set name="price" value="3200"/>
		<set name="stackable" value="true"/>
		<set name="type" value="SPELLBOOK"/>
		<set name="ex_type" value="SPELLBOOK"/>
		<set name="weight" value="120"/>
	</etcitem>
	<etcitem id="3102" name="Spellbook: Bless Shield">
		<set name="class" value="SPELLBOOKS"/>
		<set name="crystal_type" value="NONE"/>
		<set name="icon" value="icon.etc_spell_books_assistance_i00"/>
		<set name="price" value="3200"/>
		<set name="stackable" value="true"/>
		<set name="type" value="SPELLBOOK"/>
		<set name="ex_type" value="SPELLBOOK"/>
		<set name="weight" value="120"/>
	</etcitem>
	<etcitem id="3103" name="Amulet: Pa'agrio's Wisdom">
		<set name="class" value="SPELLBOOKS"/>
		<set name="crystal_type" value="NONE"/>
		<set name="icon" value="icon.etc_orcish_talisman_i00"/>
		<set name="price" value="3200"/>
		<set name="stackable" value="true"/>
		<set name="type" value="SPELLBOOK"/>
		<set name="ex_type" value="SPELLBOOK"/>
		<set name="weight" value="120"/>
	</etcitem>
	<etcitem id="3104" name="Amulet: Pa'agrio's Glory">
		<set name="class" value="SPELLBOOKS"/>
		<set name="crystal_type" value="NONE"/>
		<set name="icon" value="icon.etc_orcish_talisman_i00"/>
		<set name="price" value="3200"/>
		<set name="stackable" value="true"/>
		<set name="type" value="SPELLBOOK"/>
		<set name="ex_type" value="SPELLBOOK"/>
		<set name="weight" value="120"/>
	</etcitem>
	<etcitem id="3105" name="Amulet: Seal of Winter">
		<set name="class" value="SPELLBOOKS"/>
		<set name="crystal_type" value="NONE"/>
		<set name="icon" value="icon.etc_orcish_talisman_i00"/>
		<set name="price" value="3200"/>
		<set name="stackable" value="true"/>
		<set name="type" value="SPELLBOOK"/>
		<set name="ex_type" value="SPELLBOOK"/>
		<set name="weight" value="120"/>
	</etcitem>
	<etcitem id="3106" name="Amulet: Seal of Flame">
		<set name="class" value="SPELLBOOKS"/>
		<set name="crystal_type" value="NONE"/>
		<set name="icon" value="icon.etc_orcish_talisman_i00"/>
		<set name="price" value="4600"/>
		<set name="stackable" value="true"/>
		<set name="type" value="SPELLBOOK"/>
		<set name="ex_type" value="SPELLBOOK"/>
		<set name="weight" value="120"/>
	</etcitem>
	<etcitem id="3107" name="Amulet: Seal of Gloom">
		<set name="class" value="SPELLBOOKS"/>
		<set name="crystal_type" value="NONE"/>
		<set name="icon" value="icon.etc_orcish_talisman_i00"/>
		<set name="price" value="3850"/>
		<set name="stackable" value="true"/>
		<set name="type" value="SPELLBOOK"/>
		<set name="ex_type" value="SPELLBOOK"/>
		<set name="weight" value="120"/>
	</etcitem>
	<etcitem id="3108" name="Amulet: Seal of Mirage">
		<set name="class" value="SPELLBOOKS"/>
		<set name="crystal_type" value="NONE"/>
		<set name="icon" value="icon.etc_orcish_talisman_i00"/>
		<set name="price" value="3850"/>
		<set name="stackable" value="true"/>
		<set name="type" value="SPELLBOOK"/>
		<set name="ex_type" value="SPELLBOOK"/>
		<set name="weight" value="120"/>
	</etcitem>
	<etcitem id="3109" name="Amulet: Seal of Silence">
		<set name="class" value="SPELLBOOKS"/>
		<set name="crystal_type" value="NONE"/>
		<set name="icon" value="icon.etc_orcish_talisman_i00"/>
		<set name="price" value="4600"/>
		<set name="stackable" value="true"/>
		<set name="type" value="SPELLBOOK"/>
		<set name="ex_type" value="SPELLBOOK"/>
		<set name="weight" value="120"/>
	</etcitem>
	<etcitem id="3110" name="Amulet: Seal of Scourge">
		<set name="class" value="SPELLBOOKS"/>
		<set name="crystal_type" value="NONE"/>
		<set name="icon" value="icon.etc_orcish_talisman_i00"/>
		<set name="price" value="3200"/>
		<set name="stackable" value="true"/>
		<set name="type" value="SPELLBOOK"/>
		<set name="ex_type" value="SPELLBOOK"/>
		<set name="weight" value="120"/>
	</etcitem>
	<etcitem id="3111" name="Amulet: Seal of Suspension">
		<set name="class" value="SPELLBOOKS"/>
		<set name="crystal_type" value="NONE"/>
		<set name="icon" value="icon.etc_orcish_talisman_i00"/>
		<set name="price" value="4600"/>
		<set name="stackable" value="true"/>
		<set name="type" value="SPELLBOOK"/>
		<set name="ex_type" value="SPELLBOOK"/>
		<set name="weight" value="120"/>
	</etcitem>
	<etcitem id="3112" name="Amulet: Pa'agrio's Vision">
		<set name="class" value="SPELLBOOKS"/>
		<set name="crystal_type" value="NONE"/>
		<set name="icon" value="icon.etc_orcish_talisman_i00"/>
		<set name="price" value="3850"/>
		<set name="stackable" value="true"/>
		<set name="type" value="SPELLBOOK"/>
		<set name="ex_type" value="SPELLBOOK"/>
		<set name="weight" value="120"/>
	</etcitem>
	<etcitem id="3113" name="Amulet: Pa'agrio's Protection">
		<set name="class" value="SPELLBOOKS"/>
		<set name="crystal_type" value="NONE"/>
		<set name="icon" value="icon.etc_orcish_talisman_i00"/>
		<set name="price" value="3200"/>
		<set name="stackable" value="true"/>
		<set name="type" value="SPELLBOOK"/>
		<set name="ex_type" value="SPELLBOOK"/>
		<set name="weight" value="120"/>
	</etcitem>
	<etcitem id="3114" name="Amulet: Steal Essence">
		<set name="class" value="SPELLBOOKS"/>
		<set name="crystal_type" value="NONE"/>
		<set name="icon" value="icon.etc_orcish_talisman_i00"/>
		<set name="price" value="3200"/>
		<set name="stackable" value="true"/>
		<set name="type" value="SPELLBOOK"/>
		<set name="ex_type" value="SPELLBOOK"/>
		<set name="weight" value="120"/>
	</etcitem>
	<etcitem id="3115" name="Amulet: Freezing Flame">
		<set name="class" value="SPELLBOOKS"/>
		<set name="crystal_type" value="NONE"/>
		<set name="icon" value="icon.etc_orcish_talisman_i00"/>
		<set name="price" value="3200"/>
		<set name="stackable" value="true"/>
		<set name="type" value="SPELLBOOK"/>
		<set name="ex_type" value="SPELLBOOK"/>
		<set name="weight" value="120"/>
	</etcitem>
	<etcitem id="3116" name="Amulet: Chant of Fury">
		<set name="class" value="SPELLBOOKS"/>
		<set name="crystal_type" value="NONE"/>
		<set name="icon" value="icon.etc_orcish_talisman_i00"/>
		<set name="price" value="4600"/>
		<set name="stackable" value="true"/>
		<set name="type" value="SPELLBOOK"/>
		<set name="ex_type" value="SPELLBOOK"/>
		<set name="weight" value="120"/>
	</etcitem>
	<etcitem id="3117" name="Amulet: Chant of Evasion">
		<set name="class" value="SPELLBOOKS"/>
		<set name="crystal_type" value="NONE"/>
		<set name="icon" value="icon.etc_orcish_talisman_i00"/>
		<set name="price" value="3200"/>
		<set name="stackable" value="true"/>
		<set name="type" value="SPELLBOOK"/>
		<set name="ex_type" value="SPELLBOOK"/>
		<set name="weight" value="120"/>
	</etcitem>
	<etcitem id="3118" name="Amulet: Chant of Rage">
		<set name="class" value="SPELLBOOKS"/>
		<set name="crystal_type" value="NONE"/>
		<set name="icon" value="icon.etc_orcish_talisman_i00"/>
		<set name="price" value="3850"/>
		<set name="stackable" value="true"/>
		<set name="type" value="SPELLBOOK"/>
		<set name="ex_type" value="SPELLBOOK"/>
		<set name="weight" value="120"/>
	</etcitem>
	<etcitem id="3119" name="Mark of Guildsman">
		<set name="class" value="OTHER"/>
		<set name="ex_type" value="OTHER_ITEMS"/>
		<set name="crystal_type" value="NONE"/>
		<set name="durability" value="100"/>
		<set name="icon" value="icon.etc_badge_gold_i00"/>
		<set name="stackable" value="true"/>
		<set name="type" value="QUEST"/>
	</etcitem>
	<etcitem id="3120" name="Valkon's Recommendation">
		<set name="class" value="OTHER"/>
		<set name="ex_type" value="OTHER_ITEMS"/>
		<set name="crystal_type" value="NONE"/>
		<set name="durability" value="100"/>
		<set name="icon" value="icon.etc_letter_white_i00"/>
		<set name="stackable" value="true"/>
		<set name="type" value="QUEST"/>
	</etcitem>
	<etcitem id="3121" name="Mandragora Berry">
		<set name="class" value="OTHER"/>
		<set name="ex_type" value="OTHER_ITEMS"/>
		<set name="crystal_type" value="NONE"/>
		<set name="durability" value="100"/>
		<set name="icon" value="icon.etc_fruit_red_i00"/>
		<set name="stackable" value="true"/>
		<set name="type" value="QUEST"/>
	</etcitem>
	<etcitem id="3122" name="Altran's Instructions">
		<set name="class" value="OTHER"/>
		<set name="ex_type" value="OTHER_ITEMS"/>
		<set name="crystal_type" value="NONE"/>
		<set name="durability" value="100"/>
		<set name="icon" value="icon.etc_piece_of_paper_white_i00"/>
		<set name="stackable" value="true"/>
		<set name="type" value="QUEST"/>
	</etcitem>
	<etcitem id="3123" name="Altran's 1st Recommendation">
		<set name="class" value="OTHER"/>
		<set name="ex_type" value="OTHER_ITEMS"/>
		<set name="crystal_type" value="NONE"/>
		<set name="durability" value="100"/>
		<set name="icon" value="icon.etc_scroll_gray_i00"/>
		<set name="stackable" value="true"/>
		<set name="type" value="QUEST"/>
	</etcitem>
	<etcitem id="3124" name="Altran's 2nd Recommendation">
		<set name="class" value="OTHER"/>
		<set name="ex_type" value="OTHER_ITEMS"/>
		<set name="crystal_type" value="NONE"/>
		<set name="durability" value="100"/>
		<set name="icon" value="icon.etc_scroll_white_i00"/>
		<set name="stackable" value="true"/>
		<set name="type" value="QUEST"/>
	</etcitem>
	<etcitem id="3125" name="Norman's Instructions">
		<set name="class" value="OTHER"/>
		<set name="ex_type" value="OTHER_ITEMS"/>
		<set name="crystal_type" value="NONE"/>
		<set name="durability" value="100"/>
		<set name="icon" value="icon.etc_piece_of_paper_black_i00"/>
		<set name="stackable" value="true"/>
		<set name="type" value="QUEST"/>
	</etcitem>
	<etcitem id="3126" name="Norman's Receipt">
		<set name="class" value="OTHER"/>
		<set name="ex_type" value="OTHER_ITEMS"/>
		<set name="crystal_type" value="NONE"/>
		<set name="durability" value="100"/>
		<set name="icon" value="icon.etc_letter_blue_i00"/>
		<set name="stackable" value="true"/>
		<set name="type" value="QUEST"/>
	</etcitem>
	<etcitem id="3127" name="Duning's Instructions">
		<set name="class" value="OTHER"/>
		<set name="ex_type" value="OTHER_ITEMS"/>
		<set name="crystal_type" value="NONE"/>
		<set name="durability" value="100"/>
		<set name="icon" value="icon.etc_scroll_gray_i00"/>
		<set name="stackable" value="true"/>
		<set name="type" value="QUEST"/>
	</etcitem>
	<etcitem id="3128" name="Duning's Key">
		<set name="class" value="OTHER"/>
		<set name="ex_type" value="OTHER_ITEMS"/>
		<set name="crystal_type" value="NONE"/>
		<set name="durability" value="100"/>
		<set name="icon" value="icon.etc_key_i00"/>
		<set name="stackable" value="true"/>
		<set name="type" value="QUEST"/>
	</etcitem>
	<etcitem id="3129" name="Norman's List">
		<set name="class" value="OTHER"/>
		<set name="ex_type" value="OTHER_ITEMS"/>
		<set name="crystal_type" value="NONE"/>
		<set name="durability" value="100"/>
		<set name="icon" value="icon.etc_piece_of_paper_gray_i00"/>
		<set name="stackable" value="true"/>
		<set name="type" value="QUEST"/>
	</etcitem>
	<etcitem id="3130" name="Gray Bone Powder">
		<set name="class" value="OTHER"/>
		<set name="ex_type" value="OTHER_ITEMS"/>
		<set name="crystal_type" value="NONE"/>
		<set name="durability" value="100"/>
		<set name="icon" value="icon.etc_powder_gray_i00"/>
		<set name="stackable" value="true"/>
		<set name="type" value="QUEST"/>
	</etcitem>
	<etcitem id="3131" name="Granite Whetstone">
		<set name="class" value="OTHER"/>
		<set name="ex_type" value="OTHER_ITEMS"/>
		<set name="crystal_type" value="NONE"/>
		<set name="durability" value="100"/>
		<set name="icon" value="icon.etc_plate_black_i00"/>
		<set name="stackable" value="true"/>
		<set name="type" value="QUEST"/>
	</etcitem>
	<etcitem id="3132" name="Red Pigment">
		<set name="class" value="OTHER"/>
		<set name="ex_type" value="OTHER_ITEMS"/>
		<set name="crystal_type" value="NONE"/>
		<set name="durability" value="100"/>
		<set name="icon" value="icon.etc_lesser_potion_scarlet_i00"/>
		<set name="stackable" value="true"/>
		<set name="type" value="QUEST"/>
	</etcitem>
	<etcitem id="3133" name="Braided Yarn">
		<set name="class" value="OTHER"/>
		<set name="ex_type" value="OTHER_ITEMS"/>
		<set name="crystal_type" value="NONE"/>
		<set name="durability" value="100"/>
		<set name="icon" value="icon.etc_skein_gray_i00"/>
		<set name="stackable" value="true"/>
		<set name="type" value="QUEST"/>
	</etcitem>
	<etcitem id="3134" name="Journeyman Gem">
		<set name="class" value="OTHER"/>
		<set name="ex_type" value="OTHER_ITEMS"/>
		<set name="crystal_type" value="NONE"/>
		<set name="durability" value="100"/>
		<set name="icon" value="icon.etc_jewel_red_i00"/>
		<set name="stackable" value="true"/>
		<set name="type" value="QUEST"/>
	</etcitem>
	<etcitem id="3135" name="Pinter's Instructions">
		<set name="class" value="OTHER"/>
		<set name="ex_type" value="OTHER_ITEMS"/>
		<set name="crystal_type" value="NONE"/>
		<set name="durability" value="100"/>
		<set name="icon" value="icon.etc_scroll_white_i00"/>
		<set name="stackable" value="true"/>
		<set name="type" value="QUEST"/>
	</etcitem>
	<etcitem id="3136" name="Amber Bead">
		<set name="class" value="OTHER"/>
		<set name="ex_type" value="OTHER_ITEMS"/>
		<set name="crystal_type" value="NONE"/>
		<set name="durability" value="100"/>
		<set name="icon" value="icon.etc_crystal_ball_red_i00"/>
		<set name="stackable" value="true"/>
		<set name="type" value="QUEST"/>
	</etcitem>
	<etcitem id="3137" name="Amber Lump">
		<set name="class" value="OTHER"/>
		<set name="ex_type" value="OTHER_ITEMS"/>
		<set name="crystal_type" value="NONE"/>
		<set name="durability" value="100"/>
		<set name="icon" value="icon.etc_crystal_red_i00"/>
		<set name="stackable" value="true"/>
		<set name="type" value="QUEST"/>
	</etcitem>
	<etcitem id="3138" name="Journeyman Deco Beads">
		<set name="class" value="OTHER"/>
		<set name="ex_type" value="OTHER_ITEMS"/>
		<set name="crystal_type" value="NONE"/>
		<set name="durability" value="100"/>
		<set name="icon" value="icon.etc_bead_red_i00"/>
		<set name="stackable" value="true"/>
		<set name="type" value="QUEST"/>
	</etcitem>
	<etcitem id="3139" name="Journeyman Ring">
		<set name="class" value="OTHER"/>
		<set name="ex_type" value="OTHER_ITEMS"/>
		<set name="crystal_type" value="NONE"/>
		<set name="durability" value="100"/>
		<set name="icon" value="icon.accessary_ring_of_blessing_i00"/>
		<set name="stackable" value="true"/>
		<set name="type" value="QUEST"/>
	</etcitem>
	<etcitem id="3140" name="Mark of Life">
		<set name="class" value="OTHER"/>
		<set name="ex_type" value="OTHER_ITEMS"/>
		<set name="crystal_type" value="NONE"/>
		<set name="durability" value="100"/>
		<set name="icon" value="icon.etc_herb_green_i00"/>
		<set name="stackable" value="true"/>
		<set name="type" value="QUEST"/>
	</etcitem>
	<etcitem id="3141" name="Cardien's Letter">
		<set name="class" value="OTHER"/>
		<set name="ex_type" value="OTHER_ITEMS"/>
		<set name="crystal_type" value="NONE"/>
		<set name="durability" value="100"/>
		<set name="icon" value="icon.etc_piece_of_paper_white_i00"/>
		<set name="stackable" value="true"/>
		<set name="type" value="QUEST"/>
	</etcitem>
	<etcitem id="3142" name="Camomile Charm">
		<set name="class" value="OTHER"/>
		<set name="ex_type" value="OTHER_ITEMS"/>
		<set name="crystal_type" value="NONE"/>
		<set name="durability" value="100"/>
		<set name="icon" value="icon.accessary_near_forest_necklace_i00"/>
		<set name="stackable" value="true"/>
		<set name="type" value="QUEST"/>
	</etcitem>
	<etcitem id="3143" name="Hierarch's Letter">
		<set name="class" value="OTHER"/>
		<set name="ex_type" value="OTHER_ITEMS"/>
		<set name="crystal_type" value="NONE"/>
		<set name="durability" value="100"/>
		<set name="icon" value="icon.etc_scroll_white_i00"/>
		<set name="stackable" value="true"/>
		<set name="type" value="QUEST"/>
	</etcitem>
	<etcitem id="3144" name="Moonflower Charm">
		<set name="class" value="OTHER"/>
		<set name="ex_type" value="OTHER_ITEMS"/>
		<set name="crystal_type" value="NONE"/>
		<set name="durability" value="100"/>
		<set name="icon" value="icon.accessary_paradia_ring_i00"/>
		<set name="stackable" value="true"/>
		<set name="type" value="QUEST"/>
	</etcitem>
	<etcitem id="3145" name="Grail Diagram">
		<set name="class" value="OTHER"/>
		<set name="ex_type" value="OTHER_ITEMS"/>
		<set name="crystal_type" value="NONE"/>
		<set name="durability" value="100"/>
		<set name="icon" value="icon.etc_spellbook_red_i00"/>
		<set name="stackable" value="true"/>
		<set name="type" value="QUEST"/>
	</etcitem>
	<etcitem id="3146" name="Thalia's 1st Letter">
		<set name="class" value="OTHER"/>
		<set name="ex_type" value="OTHER_ITEMS"/>
		<set name="crystal_type" value="NONE"/>
		<set name="durability" value="100"/>
		<set name="icon" value="icon.etc_piece_of_paper_gray_i00"/>
		<set name="stackable" value="true"/>
		<set name="type" value="QUEST"/>
	</etcitem>
	<etcitem id="3147" name="Thalia's 2nd Letter">
		<set name="class" value="OTHER"/>
		<set name="ex_type" value="OTHER_ITEMS"/>
		<set name="crystal_type" value="NONE"/>
		<set name="durability" value="100"/>
		<set name="icon" value="icon.etc_piece_of_paper_white_i00"/>
		<set name="stackable" value="true"/>
		<set name="type" value="QUEST"/>
	</etcitem>
	<etcitem id="3148" name="Thalia's Instructions">
		<set name="class" value="OTHER"/>
		<set name="ex_type" value="OTHER_ITEMS"/>
		<set name="crystal_type" value="NONE"/>
		<set name="durability" value="100"/>
		<set name="icon" value="icon.etc_scroll_gray_i00"/>
		<set name="stackable" value="true"/>
		<set name="type" value="QUEST"/>
	</etcitem>
	<etcitem id="3149" name="Pushkin's List">
		<set name="class" value="OTHER"/>
		<set name="ex_type" value="OTHER_ITEMS"/>
		<set name="crystal_type" value="NONE"/>
		<set name="durability" value="100"/>
		<set name="icon" value="icon.etc_piece_of_paper_black_i00"/>
		<set name="stackable" value="true"/>
		<set name="type" value="QUEST"/>
	</etcitem>
	<etcitem id="3150" name="Pure Mithril Cup">
		<set name="class" value="OTHER"/>
		<set name="ex_type" value="OTHER_ITEMS"/>
		<set name="crystal_type" value="NONE"/>
		<set name="durability" value="100"/>
		<set name="icon" value="icon.etc_oil_pot_black_i00"/>
		<set name="stackable" value="true"/>
		<set name="type" value="QUEST"/>
	</etcitem>
	<etcitem id="3151" name="Arkenia's Contract">
		<set name="class" value="OTHER"/>
		<set name="ex_type" value="OTHER_ITEMS"/>
		<set name="crystal_type" value="NONE"/>
		<set name="durability" value="100"/>
		<set name="icon" value="icon.etc_letter_red_i00"/>
		<set name="stackable" value="true"/>
		<set name="type" value="QUEST"/>
	</etcitem>
	<etcitem id="3152" name="Arkenia's Instructions">
		<set name="class" value="OTHER"/>
		<set name="ex_type" value="OTHER_ITEMS"/>
		<set name="crystal_type" value="NONE"/>
		<set name="durability" value="100"/>
		<set name="icon" value="icon.etc_scroll_gray_i00"/>
		<set name="stackable" value="true"/>
		<set name="type" value="QUEST"/>
	</etcitem>
	<etcitem id="3153" name="Adonius's list">
		<set name="class" value="OTHER"/>
		<set name="ex_type" value="OTHER_ITEMS"/>
		<set name="crystal_type" value="NONE"/>
		<set name="durability" value="100"/>
		<set name="icon" value="icon.etc_piece_of_paper_white_i00"/>
		<set name="stackable" value="true"/>
		<set name="type" value="QUEST"/>
	</etcitem>
	<etcitem id="3154" name="Andariel Scripture Copy">
		<set name="class" value="OTHER"/>
		<set name="ex_type" value="OTHER_ITEMS"/>
		<set name="crystal_type" value="NONE"/>
		<set name="durability" value="100"/>
		<set name="icon" value="icon.etc_spell_books_blue_i00"/>
		<set name="stackable" value="true"/>
		<set name="type" value="QUEST"/>
	</etcitem>
	<etcitem id="3155" name="Stardust">
		<set name="class" value="OTHER"/>
		<set name="ex_type" value="OTHER_ITEMS"/>
		<set name="crystal_type" value="NONE"/>
		<set name="durability" value="100"/>
		<set name="icon" value="icon.etc_powder_orange_i00"/>
		<set name="stackable" value="true"/>
		<set name="type" value="QUEST"/>
	</etcitem>
	<etcitem id="3156" name="Isael's Instructions">
		<set name="class" value="OTHER"/>
		<set name="ex_type" value="OTHER_ITEMS"/>
		<set name="crystal_type" value="NONE"/>
		<set name="durability" value="100"/>
		<set name="icon" value="icon.etc_piece_of_paper_gray_i00"/>
		<set name="stackable" value="true"/>
		<set name="type" value="QUEST"/>
	</etcitem>
	<etcitem id="3157" name="Isael's Letter">
		<set name="class" value="OTHER"/>
		<set name="ex_type" value="OTHER_ITEMS"/>
		<set name="crystal_type" value="NONE"/>
		<set name="durability" value="100"/>
		<set name="icon" value="icon.etc_letter_blue_i00"/>
		<set name="stackable" value="true"/>
		<set name="type" value="QUEST"/>
	</etcitem>
	<etcitem id="3158" name="Grail of Purity">
		<set name="class" value="OTHER"/>
		<set name="ex_type" value="OTHER_ITEMS"/>
		<set name="crystal_type" value="NONE"/>
		<set name="durability" value="100"/>
		<set name="icon" value="icon.etc_oil_pot_white_i00"/>
		<set name="stackable" value="true"/>
		<set name="type" value="QUEST"/>
	</etcitem>
	<etcitem id="3159" name="Tears of Unicorn">
		<set name="class" value="OTHER"/>
		<set name="ex_type" value="OTHER_ITEMS"/>
		<set name="crystal_type" value="NONE"/>
		<set name="durability" value="100"/>
		<set name="icon" value="icon.etc_crystal_ball_blue_i00"/>
		<set name="stackable" value="true"/>
		<set name="type" value="QUEST"/>
	</etcitem>
	<etcitem id="3160" name="Water of Life">
		<set name="class" value="OTHER"/>
		<set name="ex_type" value="OTHER_ITEMS"/>
		<set name="crystal_type" value="NONE"/>
		<set name="durability" value="100"/>
		<set name="icon" value="icon.etc_potion_blue_i00"/>
		<set name="stackable" value="true"/>
		<set name="type" value="QUEST"/>
	</etcitem>
	<etcitem id="3161" name="Pure Mithril Ore">
		<set name="class" value="OTHER"/>
		<set name="ex_type" value="OTHER_ITEMS"/>
		<set name="crystal_type" value="NONE"/>
		<set name="durability" value="100"/>
		<set name="icon" value="icon.etc_stone_gray_i00"/>
		<set name="stackable" value="true"/>
		<set name="type" value="QUEST"/>
	</etcitem>
	<etcitem id="3162" name="Ant Soldier Acid">
		<set name="class" value="OTHER"/>
		<set name="ex_type" value="OTHER_ITEMS"/>
		<set name="crystal_type" value="NONE"/>
		<set name="durability" value="100"/>
		<set name="icon" value="icon.etc_reagent_silver_i00"/>
		<set name="stackable" value="true"/>
		<set name="type" value="QUEST"/>
	</etcitem>
	<etcitem id="3163" name="Wyrm's Talon">
		<set name="class" value="OTHER"/>
		<set name="ex_type" value="OTHER_ITEMS"/>
		<set name="crystal_type" value="NONE"/>
		<set name="durability" value="100"/>
		<set name="icon" value="icon.etc_horn_i00"/>
		<set name="stackable" value="true"/>
		<set name="type" value="QUEST"/>
	</etcitem>
	<etcitem id="3164" name="Spider Ichor">
		<set name="class" value="OTHER"/>
		<set name="ex_type" value="OTHER_ITEMS"/>
		<set name="crystal_type" value="NONE"/>
		<set name="durability" value="100"/>
		<set name="icon" value="icon.etc_reagent_green_i00"/>
		<set name="stackable" value="true"/>
		<set name="type" value="QUEST"/>
	</etcitem>
	<etcitem id="3165" name="Harpy's Down">
		<set name="class" value="OTHER"/>
		<set name="ex_type" value="OTHER_ITEMS"/>
		<set name="crystal_type" value="NONE"/>
		<set name="durability" value="100"/>
		<set name="icon" value="icon.etc_feather_white_i00"/>
		<set name="stackable" value="true"/>
		<set name="type" value="QUEST"/>
	</etcitem>
	<etcitem id="3166" name="Talin's Spear Blade">
		<set name="class" value="OTHER"/>
		<set name="ex_type" value="OTHER_ITEMS"/>
		<set name="crystal_type" value="NONE"/>
		<set name="durability" value="100"/>
		<set name="icon" value="icon.etc_sword_body_i00"/>
		<set name="stackable" value="true"/>
		<set name="type" value="QUEST"/>
	</etcitem>
	<etcitem id="3167" name="Talin's Spear Shaft">
		<set name="class" value="OTHER"/>
		<set name="ex_type" value="OTHER_ITEMS"/>
		<set name="crystal_type" value="NONE"/>
		<set name="durability" value="100"/>
		<set name="icon" value="icon.weapon_club_i00"/>
		<set name="stackable" value="true"/>
		<set name="type" value="QUEST"/>
	</etcitem>
	<etcitem id="3168" name="Talin's Ruby">
		<set name="class" value="OTHER"/>
		<set name="ex_type" value="OTHER_ITEMS"/>
		<set name="crystal_type" value="NONE"/>
		<set name="durability" value="100"/>
		<set name="icon" value="icon.etc_gem_red_i00"/>
		<set name="stackable" value="true"/>
		<set name="type" value="QUEST"/>
	</etcitem>
	<etcitem id="3169" name="Talin's Aquamarine">
		<set name="class" value="OTHER"/>
		<set name="ex_type" value="OTHER_ITEMS"/>
		<set name="crystal_type" value="NONE"/>
		<set name="durability" value="100"/>
		<set name="icon" value="icon.etc_gem_blue_i00"/>
		<set name="stackable" value="true"/>
		<set name="type" value="QUEST"/>
	</etcitem>
	<etcitem id="3170" name="Talin's Amethyst">
		<set name="class" value="OTHER"/>
		<set name="ex_type" value="OTHER_ITEMS"/>
		<set name="crystal_type" value="NONE"/>
		<set name="durability" value="100"/>
		<set name="icon" value="icon.etc_gem_clear_i00"/>
		<set name="stackable" value="true"/>
		<set name="type" value="QUEST"/>
	</etcitem>
	<etcitem id="3171" name="Talin's Peridot">
		<set name="class" value="OTHER"/>
		<set name="ex_type" value="OTHER_ITEMS"/>
		<set name="crystal_type" value="NONE"/>
		<set name="durability" value="100"/>
		<set name="icon" value="icon.etc_gem_green_i00"/>
		<set name="stackable" value="true"/>
		<set name="type" value="QUEST"/>
	</etcitem>
	<etcitem id="3172" name="Mark of Fate">
		<set name="class" value="OTHER"/>
		<set name="ex_type" value="OTHER_ITEMS"/>
		<set name="crystal_type" value="NONE"/>
		<set name="durability" value="100"/>
		<set name="icon" value="icon.etc_jewel_blue_i00"/>
		<set name="stackable" value="true"/>
		<set name="type" value="QUEST"/>
	</etcitem>
	<etcitem id="3173" name="Kaira's Letter">
		<set name="class" value="OTHER"/>
		<set name="ex_type" value="OTHER_ITEMS"/>
		<set name="crystal_type" value="NONE"/>
		<set name="durability" value="100"/>
		<set name="icon" value="icon.etc_scroll_gray_i00"/>
		<set name="stackable" value="true"/>
		<set name="type" value="QUEST"/>
	</etcitem>
	<etcitem id="3174" name="Metheus's Funeral Jar">
		<set name="class" value="OTHER"/>
		<set name="ex_type" value="OTHER_ITEMS"/>
		<set name="crystal_type" value="NONE"/>
		<set name="durability" value="100"/>
		<set name="icon" value="icon.etc_oil_pot_white_i00"/>
		<set name="stackable" value="true"/>
		<set name="type" value="QUEST"/>
	</etcitem>
	<etcitem id="3175" name="Kasandra's Remains">
		<set name="class" value="OTHER"/>
		<set name="ex_type" value="OTHER_ITEMS"/>
		<set name="crystal_type" value="NONE"/>
		<set name="durability" value="100"/>
		<set name="icon" value="icon.etc_ashes_white_i00"/>
		<set name="stackable" value="true"/>
		<set name="type" value="QUEST"/>
	</etcitem>
	<etcitem id="3176" name="Herbalism Textbook">
		<set name="class" value="OTHER"/>
		<set name="ex_type" value="OTHER_ITEMS"/>
		<set name="crystal_type" value="NONE"/>
		<set name="durability" value="100"/>
		<set name="icon" value="icon.etc_spellbook_gray_i00"/>
		<set name="stackable" value="true"/>
		<set name="type" value="QUEST"/>
	</etcitem>
	<etcitem id="3177" name="Ixia's List">
		<set name="class" value="OTHER"/>
		<set name="ex_type" value="OTHER_ITEMS"/>
		<set name="crystal_type" value="NONE"/>
		<set name="durability" value="100"/>
		<set name="icon" value="icon.etc_piece_of_paper_black_i00"/>
		<set name="stackable" value="true"/>
		<set name="type" value="QUEST"/>
	</etcitem>
	<etcitem id="3178" name="Medusa's Ichor">
		<set name="class" value="OTHER"/>
		<set name="ex_type" value="OTHER_ITEMS"/>
		<set name="crystal_type" value="NONE"/>
		<set name="durability" value="100"/>
		<set name="icon" value="icon.etc_reagent_blue_i00"/>
		<set name="stackable" value="true"/>
		<set name="type" value="QUEST"/>
	</etcitem>
	<etcitem id="3179" name="Marsh Spider Fluids">
		<set name="class" value="OTHER"/>
		<set name="ex_type" value="OTHER_ITEMS"/>
		<set name="crystal_type" value="NONE"/>
		<set name="durability" value="100"/>
		<set name="icon" value="icon.etc_lesser_potion_scarlet_i00"/>
		<set name="stackable" value="true"/>
		<set name="type" value="QUEST"/>
	</etcitem>
	<etcitem id="3180" name="Dead Seeker Dung">
		<set name="class" value="OTHER"/>
		<set name="ex_type" value="OTHER_ITEMS"/>
		<set name="crystal_type" value="NONE"/>
		<set name="durability" value="100"/>
		<set name="icon" value="icon.etc_powder_black_i00"/>
		<set name="stackable" value="true"/>
		<set name="type" value="QUEST"/>
	</etcitem>
	<etcitem id="3181" name="Tyrant's Blood">
		<set name="class" value="OTHER"/>
		<set name="ex_type" value="OTHER_ITEMS"/>
		<set name="crystal_type" value="NONE"/>
		<set name="durability" value="100"/>
		<set name="icon" value="icon.etc_potion_scarlet_i00"/>
		<set name="stackable" value="true"/>
		<set name="type" value="QUEST"/>
	</etcitem>
	<etcitem id="3182" name="Nightshade Root">
		<set name="class" value="OTHER"/>
		<set name="ex_type" value="OTHER_ITEMS"/>
		<set name="crystal_type" value="NONE"/>
		<set name="durability" value="100"/>
		<set name="icon" value="icon.etc_ginseng_gray_i00"/>
		<set name="stackable" value="true"/>
		<set name="type" value="QUEST"/>
	</etcitem>
	<etcitem id="3183" name="Belladonna">
		<set name="class" value="OTHER"/>
		<set name="ex_type" value="OTHER_ITEMS"/>
		<set name="crystal_type" value="NONE"/>
		<set name="durability" value="100"/>
		<set name="icon" value="icon.etc_lesser_potion_purple_i00"/>
		<set name="stackable" value="true"/>
		<set name="type" value="QUEST"/>
	</etcitem>
	<etcitem id="3184" name="Alder's Skull">
		<set name="class" value="OTHER"/>
		<set name="ex_type" value="OTHER_ITEMS"/>
		<set name="crystal_type" value="NONE"/>
		<set name="durability" value="100"/>
		<set name="icon" value="icon.etc_skull_white_i00"/>
		<set name="stackable" value="true"/>
		<set name="type" value="QUEST"/>
	</etcitem>
	<etcitem id="3185" name="Alders Skull">
		<set name="class" value="OTHER"/>
		<set name="ex_type" value="OTHER_ITEMS"/>
		<set name="crystal_type" value="NONE"/>
		<set name="durability" value="100"/>
		<set name="icon" value="icon.etc_skull_white_i00"/>
		<set name="stackable" value="true"/>
		<set name="type" value="QUEST"/>
	</etcitem>
	<etcitem id="3186" name="Alder's Receipt">
		<set name="class" value="OTHER"/>
		<set name="ex_type" value="OTHER_ITEMS"/>
		<set name="crystal_type" value="NONE"/>
		<set name="durability" value="100"/>
		<set name="icon" value="icon.etc_ticket_red_i00"/>
		<set name="stackable" value="true"/>
		<set name="type" value="QUEST"/>
	</etcitem>
	<etcitem id="3187" name="Revelations Manuscript">
		<set name="class" value="OTHER"/>
		<set name="ex_type" value="OTHER_ITEMS"/>
		<set name="crystal_type" value="NONE"/>
		<set name="durability" value="100"/>
		<set name="icon" value="icon.etc_spellbook_red_i00"/>
		<set name="stackable" value="true"/>
		<set name="type" value="QUEST"/>
	</etcitem>
	<etcitem id="3188" name="Kaira's Instructions">
		<set name="class" value="OTHER"/>
		<set name="ex_type" value="OTHER_ITEMS"/>
		<set name="crystal_type" value="NONE"/>
		<set name="durability" value="100"/>
		<set name="icon" value="icon.etc_scroll_gray_i00"/>
		<set name="stackable" value="true"/>
		<set name="type" value="QUEST"/>
	</etcitem>
	<etcitem id="3189" name="Kaira's Recommendation">
		<set name="class" value="OTHER"/>
		<set name="ex_type" value="OTHER_ITEMS"/>
		<set name="crystal_type" value="NONE"/>
		<set name="durability" value="100"/>
		<set name="icon" value="icon.etc_letter_blue_i00"/>
		<set name="stackable" value="true"/>
		<set name="type" value="QUEST"/>
	</etcitem>
	<etcitem id="3190" name="Palus Charm">
		<set name="class" value="OTHER"/>
		<set name="ex_type" value="OTHER_ITEMS"/>
		<set name="crystal_type" value="NONE"/>
		<set name="durability" value="100"/>
		<set name="icon" value="icon.accessary_onyxbeastseye_earing_i00"/>
		<set name="stackable" value="true"/>
		<set name="type" value="QUEST"/>
	</etcitem>
	<etcitem id="3191" name="Thifiell's Letter">
		<set name="class" value="OTHER"/>
		<set name="ex_type" value="OTHER_ITEMS"/>
		<set name="crystal_type" value="NONE"/>
		<set name="durability" value="100"/>
		<set name="icon" value="icon.etc_piece_of_paper_black_i00"/>
		<set name="stackable" value="true"/>
		<set name="type" value="QUEST"/>
	</etcitem>
	<etcitem id="3192" name="Arkenia's Note">
		<set name="class" value="OTHER"/>
		<set name="ex_type" value="OTHER_ITEMS"/>
		<set name="crystal_type" value="NONE"/>
		<set name="durability" value="100"/>
		<set name="icon" value="icon.etc_piece_of_paper_white_i00"/>
		<set name="stackable" value="true"/>
		<set name="type" value="QUEST"/>
	</etcitem>
	<etcitem id="3193" name="Pixy Garnet">
		<set name="class" value="OTHER"/>
		<set name="ex_type" value="OTHER_ITEMS"/>
		<set name="crystal_type" value="NONE"/>
		<set name="durability" value="100"/>
		<set name="icon" value="icon.etc_gem_red_i00"/>
		<set name="stackable" value="true"/>
		<set name="type" value="QUEST"/>
	</etcitem>
	<etcitem id="3194" name="Grandis's Skull">
		<set name="class" value="OTHER"/>
		<set name="ex_type" value="OTHER_ITEMS"/>
		<set name="crystal_type" value="NONE"/>
		<set name="durability" value="100"/>
		<set name="icon" value="icon.etc_ashes_red_i00"/>
		<set name="stackable" value="true"/>
		<set name="type" value="QUEST"/>
	</etcitem>
	<etcitem id="3195" name="Karul Bugbear Skull">
		<set name="class" value="OTHER"/>
		<set name="ex_type" value="OTHER_ITEMS"/>
		<set name="crystal_type" value="NONE"/>
		<set name="durability" value="100"/>
		<set name="icon" value="icon.etc_skull_black_i00"/>
		<set name="stackable" value="true"/>
		<set name="type" value="QUEST"/>
	</etcitem>
	<etcitem id="3196" name="Breka Overlord Skull">
		<set name="class" value="OTHER"/>
		<set name="ex_type" value="OTHER_ITEMS"/>
		<set name="crystal_type" value="NONE"/>
		<set name="durability" value="100"/>
		<set name="icon" value="icon.etc_skull_white_i00"/>
		<set name="stackable" value="true"/>
		<set name="type" value="QUEST"/>
	</etcitem>
	<etcitem id="3197" name="Leto Overlord Skull">
		<set name="class" value="OTHER"/>
		<set name="ex_type" value="OTHER_ITEMS"/>
		<set name="crystal_type" value="NONE"/>
		<set name="durability" value="100"/>
		<set name="icon" value="icon.etc_skull_red_i00"/>
		<set name="stackable" value="true"/>
		<set name="type" value="QUEST"/>
	</etcitem>
	<etcitem id="3198" name="Red Fairy Dust">
		<set name="class" value="OTHER"/>
		<set name="ex_type" value="OTHER_ITEMS"/>
		<set name="crystal_type" value="NONE"/>
		<set name="durability" value="100"/>
		<set name="icon" value="icon.etc_powder_red_i00"/>
		<set name="stackable" value="true"/>
		<set name="type" value="QUEST"/>
	</etcitem>
	<etcitem id="3199" name="Blight Treant Seed">
		<set name="class" value="OTHER"/>
		<set name="ex_type" value="OTHER_ITEMS"/>
		<set name="crystal_type" value="NONE"/>
		<set name="durability" value="100"/>
		<set name="icon" value="icon.etc_fruit_yellow_i00"/>
		<set name="stackable" value="true"/>
		<set name="type" value="QUEST"/>
	</etcitem>
</list>
