<?xml version="1.0" encoding="UTF-8"?>
<!DOCTYPE list SYSTEM "item.dtd">
<list>
	<etcitem id="3926" name="L2Day - Scroll of Guidance">
		<set name="class" value="CONSUMABLE"/>
		<set name="crystal_type" value="NONE"/>
		<set name="icon" value="icon.etc_scroll_white_i00"/>
		<set name="stackable" value="true"/>
		<set name="type" value="SCROLL"/>
		<set name="weight" value="120"/>
		<skills>
			<skill id="2050" level="1"/>
		</skills>
		<cond msgId="1508">
			<not>
				<player olympiad="true"/>
			</not>
		</cond>
	</etcitem>
	<etcitem id="3927" name="L2Day - Scroll of Death Whisper">
		<set name="class" value="CONSUMABLE"/>
		<set name="crystal_type" value="NONE"/>
		<set name="icon" value="icon.etc_scroll_white_i00"/>
		<set name="stackable" value="true"/>
		<set name="type" value="SCROLL"/>
		<set name="weight" value="120"/>
		<skills>
			<skill id="2051" level="1"/>
		</skills>
		<cond msgId="1508">
			<not>
				<player olympiad="true"/>
			</not>
		</cond>
	</etcitem>
	<etcitem id="3928" name="L2Day - Scroll of Focus">
		<set name="class" value="CONSUMABLE"/>
		<set name="crystal_type" value="NONE"/>
		<set name="icon" value="icon.etc_scroll_white_i00"/>
		<set name="stackable" value="true"/>
		<set name="type" value="SCROLL"/>
		<set name="weight" value="120"/>
		<skills>
			<skill id="2052" level="1"/>
		</skills>
		<cond msgId="1508">
			<not>
				<player olympiad="true"/>
			</not>
		</cond>
	</etcitem>
	<etcitem id="3929" name="L2Day - Scroll of Greater Acumen">
		<set name="class" value="CONSUMABLE"/>
		<set name="crystal_type" value="NONE"/>
		<set name="icon" value="icon.etc_scroll_white_i00"/>
		<set name="stackable" value="true"/>
		<set name="type" value="SCROLL"/>
		<set name="weight" value="120"/>
		<skills>
			<skill id="2053" level="1"/>
		</skills>
		<cond msgId="1508">
			<not>
				<player olympiad="true"/>
			</not>
		</cond>
	</etcitem>
	<etcitem id="3930" name="L2Day - Scroll of Haste">
		<set name="class" value="CONSUMABLE"/>
		<set name="crystal_type" value="NONE"/>
		<set name="icon" value="icon.etc_scroll_white_i00"/>
		<set name="stackable" value="true"/>
		<set name="type" value="SCROLL"/>
		<set name="weight" value="120"/>
		<skills>
			<skill id="2054" level="1"/>
		</skills>
		<cond msgId="1508">
			<not>
				<player olympiad="true"/>
			</not>
		</cond>
	</etcitem>
	<etcitem id="3931" name="L2Day - Scroll of Agility">
		<set name="class" value="CONSUMABLE"/>
		<set name="crystal_type" value="NONE"/>
		<set name="icon" value="icon.etc_scroll_white_i00"/>
		<set name="stackable" value="true"/>
		<set name="type" value="SCROLL"/>
		<set name="weight" value="120"/>
		<skills>
			<skill id="2055" level="1"/>
		</skills>
		<cond msgId="1508">
			<not>
				<player olympiad="true"/>
			</not>
		</cond>
	</etcitem>
	<etcitem id="3932" name="L2Day - Scroll of Mystic Empower">
		<set name="class" value="CONSUMABLE"/>
		<set name="crystal_type" value="NONE"/>
		<set name="icon" value="icon.etc_scroll_white_i00"/>
		<set name="stackable" value="true"/>
		<set name="type" value="SCROLL"/>
		<set name="weight" value="120"/>
		<skills>
			<skill id="2056" level="1"/>
		</skills>
		<cond msgId="1508">
			<not>
				<player olympiad="true"/>
			</not>
		</cond>
	</etcitem>
	<etcitem id="3933" name="L2Day - Scroll of Might">
		<set name="class" value="CONSUMABLE"/>
		<set name="crystal_type" value="NONE"/>
		<set name="icon" value="icon.etc_scroll_white_i00"/>
		<set name="stackable" value="true"/>
		<set name="type" value="SCROLL"/>
		<set name="weight" value="120"/>
		<skills>
			<skill id="2057" level="1"/>
		</skills>
		<cond msgId="1508">
			<not>
				<player olympiad="true"/>
			</not>
		</cond>
	</etcitem>
	<etcitem id="3934" name="L2Day - Scroll of Windwalk">
		<set name="class" value="CONSUMABLE"/>
		<set name="crystal_type" value="NONE"/>
		<set name="icon" value="icon.etc_scroll_white_i00"/>
		<set name="stackable" value="true"/>
		<set name="type" value="SCROLL"/>
		<set name="weight" value="120"/>
		<skills>
			<skill id="2058" level="1"/>
		</skills>
		<cond msgId="1508">
			<not>
				<player olympiad="true"/>
			</not>
		</cond>
	</etcitem>
	<etcitem id="3935" name="L2Day - Scroll of Shield">
		<set name="class" value="CONSUMABLE"/>
		<set name="crystal_type" value="NONE"/>
		<set name="icon" value="icon.etc_scroll_white_i00"/>
		<set name="stackable" value="true"/>
		<set name="type" value="SCROLL"/>
		<set name="weight" value="120"/>
		<skills>
			<skill id="2059" level="1"/>
		</skills>
		<cond msgId="1508">
			<not>
				<player olympiad="true"/>
			</not>
		</cond>
	</etcitem>
	<etcitem id="3936" name="Blessed Scroll of Resurrection">
		<set name="class" value="CONSUMABLE"/>
		<set name="crystal_type" value="NONE"/>
		<set name="icon" value="icon.etc_scroll_of_resurrection_i01"/>
		<set name="price" value="400000"/>
		<set name="stackable" value="true"/>
		<set name="type" value="SCROLL"/>
		<set name="weight" value="120"/>
		<skills>
			<skill id="2049" level="1"/>
		</skills>
		<cond msgId="1508">
			<not>
				<player olympiad="true"/>
			</not>
		</cond>
	</etcitem>
	<etcitem id="3940" name="Blueprint: Summon Siege Golem">
		<set name="class" value="SPELLBOOKS"/>
		<set name="crystal_type" value="NONE"/>
		<set name="icon" value="icon.etc_plan_i00"/>
		<set name="price" value="4800"/>
		<set name="stackable" value="true"/>
		<set name="type" value="SPELLBOOK"/>
		<set name="ex_type" value="SPELLBOOK"/>
		<set name="weight" value="120"/>
	</etcitem>
	<etcitem id="3941" name="Spellbook: Mass Resurrection">
		<set name="class" value="SPELLBOOKS"/>
		<set name="crystal_type" value="NONE"/>
		<set name="icon" value="icon.etc_spell_books_white_i00"/>
		<set name="price" value="4600"/>
		<set name="stackable" value="true"/>
		<set name="type" value="SPELLBOOK"/>
		<set name="ex_type" value="SPELLBOOK"/>
		<set name="weight" value="120"/>
	</etcitem>
	<etcitem id="3942" name="Spellbook: Party Return">
		<set name="class" value="SPELLBOOKS"/>
		<set name="crystal_type" value="NONE"/>
		<set name="icon" value="icon.etc_spell_books_assistance_i00"/>
		<set name="price" value="4600"/>
		<set name="stackable" value="true"/>
		<set name="type" value="SPELLBOOK"/>
		<set name="ex_type" value="SPELLBOOK"/>
		<set name="weight" value="120"/>
	</etcitem>
	<etcitem id="3943" name="Amulet: Pa'agrio's Heart">
		<set name="class" value="SPELLBOOKS"/>
		<set name="crystal_type" value="NONE"/>
		<set name="icon" value="icon.etc_orcish_talisman_i00"/>
		<set name="price" value="3850"/>
		<set name="stackable" value="true"/>
		<set name="type" value="SPELLBOOK"/>
		<set name="ex_type" value="SPELLBOOK"/>
		<set name="weight" value="120"/>
	</etcitem>
	<etcitem id="3944" name="Spellbook: Decrease Weight">
		<set name="class" value="SPELLBOOKS"/>
		<set name="crystal_type" value="NONE"/>
		<set name="icon" value="icon.etc_spell_books_blue_i00"/>
		<set name="price" value="2450"/>
		<set name="stackable" value="true"/>
		<set name="type" value="SPELLBOOK"/>
		<set name="ex_type" value="SPELLBOOK"/>
		<set name="weight" value="120"/>
	</etcitem>
	<etcitem id="3945" name="Boat Ticket: Talking Island to Giran">
		<set name="class" value="OTHER"/>
		<set name="ex_type" value="OTHER_ITEMS"/>
		<set name="crystal_type" value="NONE"/>
		<set name="icon" value="icon.etc_ticket_red_i00"/>
		<set name="price" value="5000"/>
		<set name="stackable" value="true"/>
		<set name="type" value="OTHER"/>
		<set name="weight" value="20"/>
	</etcitem>
	<etcitem id="3946" name="Boat Ticket: Giran to Talking Island">
		<set name="class" value="OTHER"/>
		<set name="ex_type" value="OTHER_ITEMS"/>
		<set name="crystal_type" value="NONE"/>
		<set name="icon" value="icon.etc_ticket_blue_i00"/>
		<set name="price" value="5000"/>
		<set name="stackable" value="true"/>
		<set name="type" value="OTHER"/>
		<set name="weight" value="20"/>
	</etcitem>
	<etcitem id="3947" name="Blessed Spiritshot: No Grade">
		<set name="class" value="CONSUMABLE"/>
		<set name="crystal_type" value="NONE"/>
		<set name="icon" value="icon.etc_spell_shot_white_i01"/>
		<set name="price" value="35"/>
		<set name="stackable" value="true"/>
		<set name="type" value="SHOT"/>
		<set name="weight" value="5"/>
	</etcitem>
	<etcitem id="3948" name="Blessed Spiritshot: D-Grade">
		<set name="class" value="CONSUMABLE"/>
		<set name="crystal_type" value="D"/>
		<set name="icon" value="icon.etc_spell_shot_blue_i01"/>
		<set name="price" value="28"/>
		<set name="stackable" value="true"/>
		<set name="type" value="SHOT"/>
		<set name="weight" value="5"/>
	</etcitem>
	<etcitem id="3949" name="Blessed Spiritshot: C-Grade">
		<set name="class" value="CONSUMABLE"/>
		<set name="crystal_type" value="C"/>
		<set name="icon" value="icon.etc_spell_shot_green_i01"/>
		<set name="price" value="42"/>
		<set name="stackable" value="true"/>
		<set name="type" value="SHOT"/>
		<set name="weight" value="3"/>
	</etcitem>
	<etcitem id="3950" name="Blessed Spiritshot: B-Grade">
		<set name="class" value="CONSUMABLE"/>
		<set name="crystal_type" value="B"/>
		<set name="icon" value="icon.etc_spell_shot_red_i01"/>
		<set name="price" value="245"/>
		<set name="stackable" value="true"/>
		<set name="type" value="SHOT"/>
		<set name="weight" value="3"/>
	</etcitem>
	<etcitem id="3951" name="Blessed Spiritshot: A-Grade">
		<set name="class" value="CONSUMABLE"/>
		<set name="crystal_type" value="A"/>
		<set name="icon" value="icon.etc_spell_shot_silver_i01"/>
		<set name="price" value="290"/>
		<set name="stackable" value="true"/>
		<set name="type" value="SHOT"/>
		<set name="weight" value="2"/>
	</etcitem>
	<etcitem id="3952" name="Blessed Spiritshot: S Grade">
		<set name="class" value="CONSUMABLE"/>
		<set name="crystal_type" value="S"/>
		<set name="icon" value="icon.etc_spell_shot_gold_i01"/>
		<set name="price" value="350"/>
		<set name="stackable" value="true"/>
		<set name="type" value="SHOT"/>
		<set name="weight" value="2"/>
	</etcitem>
	<etcitem id="3953" name="Recipe: Blessed Spiritshot D">
		<set name="class" value="RECIPIES"/>
		<set name="crystal_type" value="NONE"/>
		<set name="icon" value="icon.etc_recipe_blue_i00"/>
		<set name="price" value="5000"/>
		<set name="stackable" value="true"/>
		<set name="type" value="RECIPE"/>
		<set name="ex_type" value="RECIPE"/>
		<set name="weight" value="30"/>
	</etcitem>
	<etcitem id="3954" name="Recipe: Blessed Spiritshot C">
		<set name="class" value="RECIPIES"/>
		<set name="crystal_type" value="NONE"/>
		<set name="icon" value="icon.etc_recipe_yellow_i00"/>
		<set name="price" value="60000"/>
		<set name="stackable" value="true"/>
		<set name="type" value="RECIPE"/>
		<set name="ex_type" value="RECIPE"/>
		<set name="weight" value="30"/>
	</etcitem>
	<etcitem id="3955" name="Recipe: Blessed Spiritshot B">
		<set name="class" value="RECIPIES"/>
		<set name="crystal_type" value="NONE"/>
		<set name="icon" value="icon.etc_recipe_red_i00"/>
		<set name="price" value="100000"/>
		<set name="stackable" value="true"/>
		<set name="type" value="RECIPE"/>
		<set name="ex_type" value="RECIPE"/>
		<set name="weight" value="30"/>
	</etcitem>
	<etcitem id="3956" name="Recipe: Blessed Spiritshot A">
		<set name="class" value="RECIPIES"/>
		<set name="crystal_type" value="NONE"/>
		<set name="icon" value="icon.etc_recipe_violet_i00"/>
		<set name="price" value="150000"/>
		<set name="stackable" value="true"/>
		<set name="type" value="RECIPE"/>
		<set name="ex_type" value="RECIPE"/>
		<set name="weight" value="30"/>
	</etcitem>
	<etcitem id="3957" name="Recipe: Blessed Spiritshot S">
		<set name="class" value="RECIPIES"/>
		<set name="crystal_type" value="NONE"/>
		<set name="icon" value="icon.etc_recipe_black_i00"/>
		<set name="price" value="450000"/>
		<set name="stackable" value="true"/>
		<set name="type" value="RECIPE"/>
		<set name="ex_type" value="RECIPE"/>
		<set name="weight" value="30"/>
	</etcitem>
	<etcitem id="3958" name="L2Day - Blessed Escape Effect">
		<set name="class" value="CONSUMABLE"/>
		<set name="crystal_type" value="NONE"/>
		<set name="icon" value="icon.etc_scroll_of_return_i01"/>
		<set name="stackable" value="true"/>
		<set name="type" value="SCROLL"/>
		<set name="weight" value="120"/>
		<skills>
			<skill id="2036" level="2"/>
		</skills>
		<cond msgId="1508">
			<not>
				<player olympiad="true"/>
			</not>
		</cond>
	</etcitem>
	<etcitem id="3959" name="L2Day - Blessed Resurrection Effect">
		<set name="class" value="CONSUMABLE"/>
		<set name="crystal_type" value="NONE"/>
		<set name="icon" value="icon.etc_scroll_of_resurrection_i01"/>
		<set name="stackable" value="true"/>
		<set name="type" value="SCROLL"/>
		<set name="weight" value="120"/>
		<skills>
			<skill id="2062" level="1"/>
		</skills>
		<cond msgId="1508">
			<not>
				<player olympiad="true"/>
			</not>
		</cond>
	</etcitem>
	<etcitem id="3960" name="Mercenary Posting Ticket (Sword/Stationary)">
		<set name="class" value="OTHER"/>
		<set name="ex_type" value="OTHER_ITEMS"/>
		<set name="crystal_type" value="NONE"/>
		<set name="dropable" value="false"/>
		<set name="icon" value="icon.mticket_sword_fix_i00"/>
		<set name="price" value="50000"/>
		<set name="stackable" value="true"/>
		<set name="tradeable" value="false"/>
		<set name="type" value="MERCENARY_TICKET"/>
	</etcitem>
	<etcitem id="3961" name="Mercenary Posting Ticket (Spear/Stationary)">
		<set name="class" value="OTHER"/>
		<set name="ex_type" value="OTHER_ITEMS"/>
		<set name="crystal_type" value="NONE"/>
		<set name="dropable" value="false"/>
		<set name="icon" value="icon.mticket_pole_fix_i00"/>
		<set name="price" value="60000"/>
		<set name="stackable" value="true"/>
		<set name="tradeable" value="false"/>
		<set name="type" value="MERCENARY_TICKET"/>
	</etcitem>
	<etcitem id="3962" name="Mercenary Posting Ticket (Bow/Stationary)">
		<set name="class" value="OTHER"/>
		<set name="ex_type" value="OTHER_ITEMS"/>
		<set name="crystal_type" value="NONE"/>
		<set name="dropable" value="false"/>
		<set name="icon" value="icon.mticket_bow_fix_i00"/>
		<set name="price" value="70000"/>
		<set name="stackable" value="true"/>
		<set name="tradeable" value="false"/>
		<set name="type" value="MERCENARY_TICKET"/>
	</etcitem>
	<etcitem id="3963" name="Mercenary Posting Ticket (Cleric/Stationary)">
		<set name="class" value="OTHER"/>
		<set name="ex_type" value="OTHER_ITEMS"/>
		<set name="crystal_type" value="NONE"/>
		<set name="dropable" value="false"/>
		<set name="icon" value="icon.mticket_cleric_fix_i00"/>
		<set name="price" value="170000"/>
		<set name="stackable" value="true"/>
		<set name="tradeable" value="false"/>
		<set name="type" value="MERCENARY_TICKET"/>
	</etcitem>
	<etcitem id="3964" name="Mercenary Posting Ticket (Wizard/Stationary)">
		<set name="class" value="OTHER"/>
		<set name="ex_type" value="OTHER_ITEMS"/>
		<set name="crystal_type" value="NONE"/>
		<set name="dropable" value="false"/>
		<set name="icon" value="icon.mticket_wizard_fix_i00"/>
		<set name="price" value="170000"/>
		<set name="stackable" value="true"/>
		<set name="tradeable" value="false"/>
		<set name="type" value="MERCENARY_TICKET"/>
	</etcitem>
	<etcitem id="3965" name="Mercenary Posting Ticket (Sword/Mobile)">
		<set name="class" value="OTHER"/>
		<set name="ex_type" value="OTHER_ITEMS"/>
		<set name="crystal_type" value="NONE"/>
		<set name="dropable" value="false"/>
		<set name="icon" value="icon.mticket_sword_move_i00"/>
		<set name="price" value="50000"/>
		<set name="stackable" value="true"/>
		<set name="tradeable" value="false"/>
		<set name="type" value="MERCENARY_TICKET"/>
	</etcitem>
	<etcitem id="3966" name="Mercenary Posting Ticket (Spear/Mobile)">
		<set name="class" value="OTHER"/>
		<set name="ex_type" value="OTHER_ITEMS"/>
		<set name="crystal_type" value="NONE"/>
		<set name="dropable" value="false"/>
		<set name="icon" value="icon.mticket_pole_move_i00"/>
		<set name="price" value="60000"/>
		<set name="stackable" value="true"/>
		<set name="tradeable" value="false"/>
		<set name="type" value="MERCENARY_TICKET"/>
	</etcitem>
	<etcitem id="3967" name="Mercenary Posting Ticket (Bow/Mobile)">
		<set name="class" value="OTHER"/>
		<set name="ex_type" value="OTHER_ITEMS"/>
		<set name="crystal_type" value="NONE"/>
		<set name="dropable" value="false"/>
		<set name="icon" value="icon.mticket_bow_move_i00"/>
		<set name="price" value="70000"/>
		<set name="stackable" value="true"/>
		<set name="tradeable" value="false"/>
		<set name="type" value="MERCENARY_TICKET"/>
	</etcitem>
	<etcitem id="3968" name="Mercenary Posting Ticket (Cleric/Mobile)">
		<set name="class" value="OTHER"/>
		<set name="ex_type" value="OTHER_ITEMS"/>
		<set name="crystal_type" value="NONE"/>
		<set name="dropable" value="false"/>
		<set name="icon" value="icon.mticket_cleric_move_i00"/>
		<set name="price" value="170000"/>
		<set name="stackable" value="true"/>
		<set name="tradeable" value="false"/>
		<set name="type" value="MERCENARY_TICKET"/>
	</etcitem>
	<etcitem id="3969" name="Mercenary Posting Ticket (Wizard/Mobile)">
		<set name="class" value="OTHER"/>
		<set name="ex_type" value="OTHER_ITEMS"/>
		<set name="crystal_type" value="NONE"/>
		<set name="dropable" value="false"/>
		<set name="icon" value="icon.mticket_wizard_move_i00"/>
		<set name="price" value="170000"/>
		<set name="stackable" value="true"/>
		<set name="tradeable" value="false"/>
		<set name="type" value="MERCENARY_TICKET"/>
	</etcitem>
	<etcitem id="3970" name="Mercenary Posting Ticket (Teleporter1)">
		<set name="class" value="OTHER"/>
		<set name="ex_type" value="OTHER_ITEMS"/>
		<set name="crystal_type" value="NONE"/>
		<set name="dropable" value="false"/>
		<set name="icon" value="icon.mticket_teleporter_fix_i00"/>
		<set name="price" value="100000"/>
		<set name="stackable" value="true"/>
		<set name="tradeable" value="false"/>
		<set name="type" value="MERCENARY_TICKET"/>
	</etcitem>
	<etcitem id="3971" name="Mercenary Posting Ticket (Teleporter2)">
		<set name="class" value="OTHER"/>
		<set name="ex_type" value="OTHER_ITEMS"/>
		<set name="crystal_type" value="NONE"/>
		<set name="dropable" value="false"/>
		<set name="icon" value="icon.mticket_teleporter_fix_i00"/>
		<set name="price" value="100000"/>
		<set name="stackable" value="true"/>
		<set name="tradeable" value="false"/>
		<set name="type" value="MERCENARY_TICKET"/>
	</etcitem>
	<etcitem id="3972" name="Mercenary Posting Ticket (Teleporter3)">
		<set name="class" value="OTHER"/>
		<set name="ex_type" value="OTHER_ITEMS"/>
		<set name="crystal_type" value="NONE"/>
		<set name="dropable" value="false"/>
		<set name="icon" value="icon.mticket_teleporter_fix_i00"/>
		<set name="price" value="100000"/>
		<set name="stackable" value="true"/>
		<set name="tradeable" value="false"/>
		<set name="type" value="MERCENARY_TICKET"/>
	</etcitem>
	<etcitem id="3973" name="Mercenary Posting Ticket (Sword/Stationary)">
		<set name="class" value="OTHER"/>
		<set name="ex_type" value="OTHER_ITEMS"/>
		<set name="crystal_type" value="NONE"/>
		<set name="dropable" value="false"/>
		<set name="icon" value="icon.mticket_sword_fix_i00"/>
		<set name="price" value="50000"/>
		<set name="stackable" value="true"/>
		<set name="tradeable" value="false"/>
		<set name="type" value="MERCENARY_TICKET"/>
	</etcitem>
	<etcitem id="3974" name="Mercenary Posting Ticket (Spear/Stationary)">
		<set name="class" value="OTHER"/>
		<set name="ex_type" value="OTHER_ITEMS"/>
		<set name="crystal_type" value="NONE"/>
		<set name="dropable" value="false"/>
		<set name="icon" value="icon.mticket_pole_fix_i00"/>
		<set name="price" value="60000"/>
		<set name="stackable" value="true"/>
		<set name="tradeable" value="false"/>
		<set name="type" value="MERCENARY_TICKET"/>
	</etcitem>
	<etcitem id="3975" name="Mercenary Posting Ticket (Bow/Stationary)">
		<set name="class" value="OTHER"/>
		<set name="ex_type" value="OTHER_ITEMS"/>
		<set name="crystal_type" value="NONE"/>
		<set name="dropable" value="false"/>
		<set name="icon" value="icon.mticket_bow_fix_i00"/>
		<set name="price" value="70000"/>
		<set name="stackable" value="true"/>
		<set name="tradeable" value="false"/>
		<set name="type" value="MERCENARY_TICKET"/>
	</etcitem>
	<etcitem id="3976" name="Mercenary Posting Ticket (Cleric/Stationary)">
		<set name="class" value="OTHER"/>
		<set name="ex_type" value="OTHER_ITEMS"/>
		<set name="crystal_type" value="NONE"/>
		<set name="dropable" value="false"/>
		<set name="icon" value="icon.mticket_cleric_fix_i00"/>
		<set name="price" value="170000"/>
		<set name="stackable" value="true"/>
		<set name="tradeable" value="false"/>
		<set name="type" value="MERCENARY_TICKET"/>
	</etcitem>
	<etcitem id="3977" name="Mercenary Posting Ticket (Wizard/Stationary)">
		<set name="class" value="OTHER"/>
		<set name="ex_type" value="OTHER_ITEMS"/>
		<set name="crystal_type" value="NONE"/>
		<set name="dropable" value="false"/>
		<set name="icon" value="icon.mticket_wizard_fix_i00"/>
		<set name="price" value="170000"/>
		<set name="stackable" value="true"/>
		<set name="tradeable" value="false"/>
		<set name="type" value="MERCENARY_TICKET"/>
	</etcitem>
	<etcitem id="3978" name="Mercenary Posting Ticket (Sword/Mobile)">
		<set name="class" value="OTHER"/>
		<set name="ex_type" value="OTHER_ITEMS"/>
		<set name="crystal_type" value="NONE"/>
		<set name="dropable" value="false"/>
		<set name="icon" value="icon.mticket_sword_move_i00"/>
		<set name="price" value="50000"/>
		<set name="stackable" value="true"/>
		<set name="tradeable" value="false"/>
		<set name="type" value="MERCENARY_TICKET"/>
	</etcitem>
	<etcitem id="3979" name="Mercenary Posting Ticket (Spear/Mobile)">
		<set name="class" value="OTHER"/>
		<set name="ex_type" value="OTHER_ITEMS"/>
		<set name="crystal_type" value="NONE"/>
		<set name="dropable" value="false"/>
		<set name="icon" value="icon.mticket_pole_move_i00"/>
		<set name="price" value="60000"/>
		<set name="stackable" value="true"/>
		<set name="tradeable" value="false"/>
		<set name="type" value="MERCENARY_TICKET"/>
	</etcitem>
	<etcitem id="3980" name="Mercenary Posting Ticket (Bow/Mobile)">
		<set name="class" value="OTHER"/>
		<set name="ex_type" value="OTHER_ITEMS"/>
		<set name="crystal_type" value="NONE"/>
		<set name="dropable" value="false"/>
		<set name="icon" value="icon.mticket_bow_move_i00"/>
		<set name="price" value="70000"/>
		<set name="stackable" value="true"/>
		<set name="tradeable" value="false"/>
		<set name="type" value="MERCENARY_TICKET"/>
	</etcitem>
	<etcitem id="3981" name="Mercenary Posting Ticket (Cleric/Mobile)">
		<set name="class" value="OTHER"/>
		<set name="ex_type" value="OTHER_ITEMS"/>
		<set name="crystal_type" value="NONE"/>
		<set name="dropable" value="false"/>
		<set name="icon" value="icon.mticket_cleric_move_i00"/>
		<set name="price" value="170000"/>
		<set name="stackable" value="true"/>
		<set name="tradeable" value="false"/>
		<set name="type" value="MERCENARY_TICKET"/>
	</etcitem>
	<etcitem id="3982" name="Mercenary Posting Ticket (Wizard/Mobile)">
		<set name="class" value="OTHER"/>
		<set name="ex_type" value="OTHER_ITEMS"/>
		<set name="crystal_type" value="NONE"/>
		<set name="dropable" value="false"/>
		<set name="icon" value="icon.mticket_wizard_move_i00"/>
		<set name="price" value="170000"/>
		<set name="stackable" value="true"/>
		<set name="tradeable" value="false"/>
		<set name="type" value="MERCENARY_TICKET"/>
	</etcitem>
	<etcitem id="3983" name="Mercenary Posting Ticket (Teleporter1)">
		<set name="class" value="OTHER"/>
		<set name="ex_type" value="OTHER_ITEMS"/>
		<set name="crystal_type" value="NONE"/>
		<set name="dropable" value="false"/>
		<set name="icon" value="icon.mticket_teleporter_fix_i00"/>
		<set name="price" value="100000"/>
		<set name="stackable" value="true"/>
		<set name="tradeable" value="false"/>
		<set name="type" value="MERCENARY_TICKET"/>
	</etcitem>
	<etcitem id="3984" name="Mercenary Posting Ticket (Teleporter2)">
		<set name="class" value="OTHER"/>
		<set name="ex_type" value="OTHER_ITEMS"/>
		<set name="crystal_type" value="NONE"/>
		<set name="dropable" value="false"/>
		<set name="icon" value="icon.mticket_teleporter_fix_i00"/>
		<set name="price" value="100000"/>
		<set name="stackable" value="true"/>
		<set name="tradeable" value="false"/>
		<set name="type" value="MERCENARY_TICKET"/>
	</etcitem>
	<etcitem id="3985" name="Mercenary Posting Ticket (Teleporter3)">
		<set name="class" value="OTHER"/>
		<set name="ex_type" value="OTHER_ITEMS"/>
		<set name="crystal_type" value="NONE"/>
		<set name="dropable" value="false"/>
		<set name="icon" value="icon.mticket_teleporter_fix_i00"/>
		<set name="price" value="100000"/>
		<set name="stackable" value="true"/>
		<set name="tradeable" value="false"/>
		<set name="type" value="MERCENARY_TICKET"/>
	</etcitem>
	<etcitem id="3986" name="Mercenary Posting Ticket (Sword/Stationary)">
		<set name="class" value="OTHER"/>
		<set name="ex_type" value="OTHER_ITEMS"/>
		<set name="crystal_type" value="NONE"/>
		<set name="dropable" value="false"/>
		<set name="icon" value="icon.mticket_sword_fix_i00"/>
		<set name="price" value="50000"/>
		<set name="stackable" value="true"/>
		<set name="tradeable" value="false"/>
		<set name="type" value="MERCENARY_TICKET"/>
	</etcitem>
	<etcitem id="3987" name="Mercenary Posting Ticket (Spear/Stationary)">
		<set name="class" value="OTHER"/>
		<set name="ex_type" value="OTHER_ITEMS"/>
		<set name="crystal_type" value="NONE"/>
		<set name="dropable" value="false"/>
		<set name="icon" value="icon.mticket_pole_fix_i00"/>
		<set name="price" value="60000"/>
		<set name="stackable" value="true"/>
		<set name="tradeable" value="false"/>
		<set name="type" value="MERCENARY_TICKET"/>
	</etcitem>
	<etcitem id="3988" name="Mercenary Posting Ticket (Bow/Stationary)">
		<set name="class" value="OTHER"/>
		<set name="ex_type" value="OTHER_ITEMS"/>
		<set name="crystal_type" value="NONE"/>
		<set name="dropable" value="false"/>
		<set name="icon" value="icon.mticket_bow_fix_i00"/>
		<set name="price" value="70000"/>
		<set name="stackable" value="true"/>
		<set name="tradeable" value="false"/>
		<set name="type" value="MERCENARY_TICKET"/>
	</etcitem>
	<etcitem id="3989" name="Mercenary Posting Ticket (Cleric/Stationary)">
		<set name="class" value="OTHER"/>
		<set name="ex_type" value="OTHER_ITEMS"/>
		<set name="crystal_type" value="NONE"/>
		<set name="dropable" value="false"/>
		<set name="icon" value="icon.mticket_cleric_fix_i00"/>
		<set name="price" value="170000"/>
		<set name="stackable" value="true"/>
		<set name="tradeable" value="false"/>
		<set name="type" value="MERCENARY_TICKET"/>
	</etcitem>
	<etcitem id="3990" name="Mercenary Posting Ticket (Wizard/Stationary)">
		<set name="class" value="OTHER"/>
		<set name="ex_type" value="OTHER_ITEMS"/>
		<set name="crystal_type" value="NONE"/>
		<set name="dropable" value="false"/>
		<set name="icon" value="icon.mticket_wizard_fix_i00"/>
		<set name="price" value="170000"/>
		<set name="stackable" value="true"/>
		<set name="tradeable" value="false"/>
		<set name="type" value="MERCENARY_TICKET"/>
	</etcitem>
	<etcitem id="3991" name="Mercenary Posting Ticket (Sword/Mobile)">
		<set name="class" value="OTHER"/>
		<set name="ex_type" value="OTHER_ITEMS"/>
		<set name="crystal_type" value="NONE"/>
		<set name="dropable" value="false"/>
		<set name="icon" value="icon.mticket_sword_move_i00"/>
		<set name="price" value="50000"/>
		<set name="stackable" value="true"/>
		<set name="tradeable" value="false"/>
		<set name="type" value="MERCENARY_TICKET"/>
	</etcitem>
	<etcitem id="3992" name="Mercenary Posting Ticket (Spear/Mobile)">
		<set name="class" value="OTHER"/>
		<set name="ex_type" value="OTHER_ITEMS"/>
		<set name="crystal_type" value="NONE"/>
		<set name="dropable" value="false"/>
		<set name="icon" value="icon.mticket_pole_move_i00"/>
		<set name="price" value="60000"/>
		<set name="stackable" value="true"/>
		<set name="tradeable" value="false"/>
		<set name="type" value="MERCENARY_TICKET"/>
	</etcitem>
	<etcitem id="3993" name="Mercenary Posting Ticket (Bow/Mobile)">
		<set name="class" value="OTHER"/>
		<set name="ex_type" value="OTHER_ITEMS"/>
		<set name="crystal_type" value="NONE"/>
		<set name="dropable" value="false"/>
		<set name="icon" value="icon.mticket_bow_move_i00"/>
		<set name="price" value="70000"/>
		<set name="stackable" value="true"/>
		<set name="tradeable" value="false"/>
		<set name="type" value="MERCENARY_TICKET"/>
	</etcitem>
	<etcitem id="3994" name="Mercenary Posting Ticket (Cleric/Mobile)">
		<set name="class" value="OTHER"/>
		<set name="ex_type" value="OTHER_ITEMS"/>
		<set name="crystal_type" value="NONE"/>
		<set name="dropable" value="false"/>
		<set name="icon" value="icon.mticket_cleric_move_i00"/>
		<set name="price" value="170000"/>
		<set name="stackable" value="true"/>
		<set name="tradeable" value="false"/>
		<set name="type" value="MERCENARY_TICKET"/>
	</etcitem>
	<etcitem id="3995" name="Mercenary Posting Ticket (Wizard/Mobile)">
		<set name="class" value="OTHER"/>
		<set name="ex_type" value="OTHER_ITEMS"/>
		<set name="crystal_type" value="NONE"/>
		<set name="dropable" value="false"/>
		<set name="icon" value="icon.mticket_wizard_move_i00"/>
		<set name="price" value="170000"/>
		<set name="stackable" value="true"/>
		<set name="tradeable" value="false"/>
		<set name="type" value="MERCENARY_TICKET"/>
	</etcitem>
	<etcitem id="3996" name="Mercenary Posting Ticket (Teleporter1)">
		<set name="class" value="OTHER"/>
		<set name="ex_type" value="OTHER_ITEMS"/>
		<set name="crystal_type" value="NONE"/>
		<set name="dropable" value="false"/>
		<set name="icon" value="icon.mticket_teleporter_fix_i00"/>
		<set name="price" value="100000"/>
		<set name="stackable" value="true"/>
		<set name="tradeable" value="false"/>
		<set name="type" value="MERCENARY_TICKET"/>
	</etcitem>
	<etcitem id="3997" name="Mercenary Posting Ticket (Teleporter2)">
		<set name="class" value="OTHER"/>
		<set name="ex_type" value="OTHER_ITEMS"/>
		<set name="crystal_type" value="NONE"/>
		<set name="dropable" value="false"/>
		<set name="icon" value="icon.mticket_teleporter_fix_i00"/>
		<set name="price" value="100000"/>
		<set name="stackable" value="true"/>
		<set name="tradeable" value="false"/>
		<set name="type" value="MERCENARY_TICKET"/>
	</etcitem>
	<etcitem id="3998" name="Mercenary Posting Ticket (Teleporter3)">
		<set name="class" value="OTHER"/>
		<set name="ex_type" value="OTHER_ITEMS"/>
		<set name="crystal_type" value="NONE"/>
		<set name="dropable" value="false"/>
		<set name="icon" value="icon.mticket_teleporter_fix_i00"/>
		<set name="price" value="100000"/>
		<set name="stackable" value="true"/>
		<set name="tradeable" value="false"/>
		<set name="type" value="MERCENARY_TICKET"/>
	</etcitem>
	<etcitem id="3999" name="Mercenary Posting Ticket (Sword/Stationary)">
		<set name="class" value="OTHER"/>
		<set name="ex_type" value="OTHER_ITEMS"/>
		<set name="crystal_type" value="NONE"/>
		<set name="dropable" value="false"/>
		<set name="icon" value="icon.mticket_sword_fix_i00"/>
		<set name="price" value="50000"/>
		<set name="stackable" value="true"/>
		<set name="tradeable" value="false"/>
		<set name="type" value="MERCENARY_TICKET"/>
	</etcitem>
</list>
