<?xml version="1.0" encoding="UTF-8"?>
<!DOCTYPE list SYSTEM "item.dtd">
<list>
	<etcitem id="4600" name="Greater Dye of WIT &lt;Wit+2 Men-2&gt;">
		<set name="class" value="MISC"/>
		<set name="crystal_type" value="NONE"/>
		<set name="icon" value="icon.etc_wit_hena_i02"/>
		<set name="price" value="60000"/>
		<set name="stackable" value="true"/>
		<set name="type" value="OTHER"/>
		<set name="weight" value="150"/>
	</etcitem>
	<etcitem id="4601" name="Greater Dye of STR &lt;Str+3 Con-3&gt;">
		<set name="class" value="MISC"/>
		<set name="crystal_type" value="NONE"/>
		<set name="icon" value="icon.etc_str_hena_i02"/>
		<set name="price" value="90000"/>
		<set name="stackable" value="true"/>
		<set name="type" value="OTHER"/>
		<set name="weight" value="150"/>
	</etcitem>
	<etcitem id="4602" name="Greater Dye of STR &lt;Str+3 Dex-3&gt;">
		<set name="class" value="MISC"/>
		<set name="crystal_type" value="NONE"/>
		<set name="icon" value="icon.etc_str_hena_i02"/>
		<set name="price" value="90000"/>
		<set name="stackable" value="true"/>
		<set name="type" value="OTHER"/>
		<set name="weight" value="150"/>
	</etcitem>
	<etcitem id="4603" name="Greater Dye of CON &lt;Con+3 Str-3&gt;">
		<set name="class" value="MISC"/>
		<set name="crystal_type" value="NONE"/>
		<set name="icon" value="icon.etc_con_hena_i02"/>
		<set name="price" value="90000"/>
		<set name="stackable" value="true"/>
		<set name="type" value="OTHER"/>
		<set name="weight" value="150"/>
	</etcitem>
	<etcitem id="4604" name="Greater Dye of CON &lt;Con+3 Dex-3&gt;">
		<set name="class" value="MISC"/>
		<set name="crystal_type" value="NONE"/>
		<set name="icon" value="icon.etc_con_hena_i02"/>
		<set name="price" value="90000"/>
		<set name="stackable" value="true"/>
		<set name="type" value="OTHER"/>
		<set name="weight" value="150"/>
	</etcitem>
	<etcitem id="4605" name="Greater Dye of DEX &lt;Dex+3 Str-3&gt;">
		<set name="class" value="MISC"/>
		<set name="crystal_type" value="NONE"/>
		<set name="icon" value="icon.etc_dex_hena_i02"/>
		<set name="price" value="90000"/>
		<set name="stackable" value="true"/>
		<set name="type" value="OTHER"/>
		<set name="weight" value="150"/>
	</etcitem>
	<etcitem id="4606" name="Greater Dye of DEX &lt;Dex+3 Con-3&gt;">
		<set name="class" value="MISC"/>
		<set name="crystal_type" value="NONE"/>
		<set name="icon" value="icon.etc_dex_hena_i02"/>
		<set name="price" value="90000"/>
		<set name="stackable" value="true"/>
		<set name="type" value="OTHER"/>
		<set name="weight" value="150"/>
	</etcitem>
	<etcitem id="4607" name="Greater Dye of INT &lt;Int+3 Men-3&gt;">
		<set name="class" value="MISC"/>
		<set name="crystal_type" value="NONE"/>
		<set name="icon" value="icon.etc_int_hena_i02"/>
		<set name="price" value="90000"/>
		<set name="stackable" value="true"/>
		<set name="type" value="OTHER"/>
		<set name="weight" value="150"/>
	</etcitem>
	<etcitem id="4608" name="Greater Dye of INT &lt;Int+3 Wit-3&gt;">
		<set name="class" value="MISC"/>
		<set name="crystal_type" value="NONE"/>
		<set name="icon" value="icon.etc_int_hena_i02"/>
		<set name="price" value="90000"/>
		<set name="stackable" value="true"/>
		<set name="type" value="OTHER"/>
		<set name="weight" value="150"/>
	</etcitem>
	<etcitem id="4609" name="Greater Dye of MEN &lt;Men+3 Int-3&gt;">
		<set name="class" value="MISC"/>
		<set name="crystal_type" value="NONE"/>
		<set name="icon" value="icon.etc_men_hena_i02"/>
		<set name="price" value="90000"/>
		<set name="stackable" value="true"/>
		<set name="type" value="OTHER"/>
		<set name="weight" value="150"/>
	</etcitem>
	<etcitem id="4610" name="Greater Dye of MEN &lt;Men+3 Wit-3&gt;">
		<set name="class" value="MISC"/>
		<set name="crystal_type" value="NONE"/>
		<set name="icon" value="icon.etc_men_hena_i02"/>
		<set name="price" value="90000"/>
		<set name="stackable" value="true"/>
		<set name="type" value="OTHER"/>
		<set name="weight" value="150"/>
	</etcitem>
	<etcitem id="4611" name="Greater Dye of WIT &lt;Wit+3 Int-3&gt;">
		<set name="class" value="MISC"/>
		<set name="crystal_type" value="NONE"/>
		<set name="icon" value="icon.etc_wit_hena_i02"/>
		<set name="price" value="90000"/>
		<set name="stackable" value="true"/>
		<set name="type" value="OTHER"/>
		<set name="weight" value="150"/>
	</etcitem>
	<etcitem id="4612" name="Greater Dye of WIT &lt;Wit+3 Men-3&gt;">
		<set name="class" value="MISC"/>
		<set name="crystal_type" value="NONE"/>
		<set name="icon" value="icon.etc_wit_hena_i02"/>
		<set name="price" value="90000"/>
		<set name="stackable" value="true"/>
		<set name="type" value="OTHER"/>
		<set name="weight" value="150"/>
	</etcitem>
	<etcitem id="4613" name="Greater Dye of STR &lt;Str+4 Con-4&gt;">
		<set name="class" value="MISC"/>
		<set name="crystal_type" value="NONE"/>
		<set name="icon" value="icon.etc_str_hena_i02"/>
		<set name="price" value="145000"/>
		<set name="stackable" value="true"/>
		<set name="type" value="OTHER"/>
		<set name="weight" value="150"/>
	</etcitem>
	<etcitem id="4614" name="Greater Dye of STR &lt;Str+4 Dex-4&gt;">
		<set name="class" value="MISC"/>
		<set name="crystal_type" value="NONE"/>
		<set name="icon" value="icon.etc_str_hena_i02"/>
		<set name="price" value="145000"/>
		<set name="stackable" value="true"/>
		<set name="type" value="OTHER"/>
		<set name="weight" value="150"/>
	</etcitem>
	<etcitem id="4615" name="Greater Dye of CON &lt;Con+4 Str-4&gt;">
		<set name="class" value="MISC"/>
		<set name="crystal_type" value="NONE"/>
		<set name="icon" value="icon.etc_con_hena_i02"/>
		<set name="price" value="145000"/>
		<set name="stackable" value="true"/>
		<set name="type" value="OTHER"/>
		<set name="weight" value="150"/>
	</etcitem>
	<etcitem id="4616" name="Greater Dye of CON &lt;Con+4 Dex-4&gt;">
		<set name="class" value="MISC"/>
		<set name="crystal_type" value="NONE"/>
		<set name="icon" value="icon.etc_con_hena_i02"/>
		<set name="price" value="145000"/>
		<set name="stackable" value="true"/>
		<set name="type" value="OTHER"/>
		<set name="weight" value="150"/>
	</etcitem>
	<etcitem id="4617" name="Greater Dye of DEX &lt;Dex+4 Str-4&gt;">
		<set name="class" value="MISC"/>
		<set name="crystal_type" value="NONE"/>
		<set name="icon" value="icon.etc_dex_hena_i02"/>
		<set name="price" value="145000"/>
		<set name="stackable" value="true"/>
		<set name="type" value="OTHER"/>
		<set name="weight" value="150"/>
	</etcitem>
	<etcitem id="4618" name="Greater Dye of DEX &lt;Dex+4 Con-4&gt;">
		<set name="class" value="MISC"/>
		<set name="crystal_type" value="NONE"/>
		<set name="icon" value="icon.etc_dex_hena_i02"/>
		<set name="price" value="145000"/>
		<set name="stackable" value="true"/>
		<set name="type" value="OTHER"/>
		<set name="weight" value="150"/>
	</etcitem>
	<etcitem id="4619" name="Greater Dye of INT &lt;Int+4 Men-4&gt;">
		<set name="class" value="MISC"/>
		<set name="crystal_type" value="NONE"/>
		<set name="icon" value="icon.etc_int_hena_i02"/>
		<set name="price" value="145000"/>
		<set name="stackable" value="true"/>
		<set name="type" value="OTHER"/>
		<set name="weight" value="150"/>
	</etcitem>
	<etcitem id="4620" name="Greater Dye of INT &lt;Int+4 Wit-4&gt;">
		<set name="class" value="MISC"/>
		<set name="crystal_type" value="NONE"/>
		<set name="icon" value="icon.etc_int_hena_i02"/>
		<set name="price" value="145000"/>
		<set name="stackable" value="true"/>
		<set name="type" value="OTHER"/>
		<set name="weight" value="150"/>
	</etcitem>
	<etcitem id="4621" name="Greater Dye of MEN &lt;Men+4 Int-4&gt;">
		<set name="class" value="MISC"/>
		<set name="crystal_type" value="NONE"/>
		<set name="icon" value="icon.etc_men_hena_i02"/>
		<set name="price" value="145000"/>
		<set name="stackable" value="true"/>
		<set name="type" value="OTHER"/>
		<set name="weight" value="150"/>
	</etcitem>
	<etcitem id="4622" name="Greater Dye of MEN &lt;Men+4 Wit-4&gt;">
		<set name="class" value="MISC"/>
		<set name="crystal_type" value="NONE"/>
		<set name="icon" value="icon.etc_men_hena_i02"/>
		<set name="price" value="145000"/>
		<set name="stackable" value="true"/>
		<set name="type" value="OTHER"/>
		<set name="weight" value="150"/>
	</etcitem>
	<etcitem id="4623" name="Greater Dye of WIT &lt;Wit+4 Int-4&gt;">
		<set name="class" value="MISC"/>
		<set name="crystal_type" value="NONE"/>
		<set name="icon" value="icon.etc_wit_hena_i02"/>
		<set name="price" value="145000"/>
		<set name="stackable" value="true"/>
		<set name="type" value="OTHER"/>
		<set name="weight" value="150"/>
	</etcitem>
	<etcitem id="4624" name="Greater Dye of WIT &lt;Wit+4 Men-4&gt;">
		<set name="class" value="MISC"/>
		<set name="crystal_type" value="NONE"/>
		<set name="icon" value="icon.etc_wit_hena_i02"/>
		<set name="price" value="145000"/>
		<set name="stackable" value="true"/>
		<set name="type" value="OTHER"/>
		<set name="weight" value="150"/>
	</etcitem>
	<etcitem id="4625" name="Dice (Heart)">
		<set name="reuse_delay" value="5000"/>
		<set name="class" value="OTHER"/>
		<set name="ex_type" value="OTHER_ITEMS"/>
		<set name="crystal_type" value="NONE"/>
		<set name="icon" value="icon.etc_dice_a_i00"/>
		<set name="price" value="500"/>
		<set name="type" value="OTHER"/>
	</etcitem>
	<etcitem id="4626" name="Dice (Spade)">
		<set name="reuse_delay" value="5000"/>
		<set name="class" value="OTHER"/>
		<set name="ex_type" value="OTHER_ITEMS"/>
		<set name="crystal_type" value="NONE"/>
		<set name="icon" value="icon.etc_dice_b_i00"/>
		<set name="price" value="500"/>
		<set name="type" value="OTHER"/>
	</etcitem>
	<etcitem id="4627" name="Dice (Clover)">
		<set name="reuse_delay" value="5000"/>
		<set name="class" value="OTHER"/>
		<set name="ex_type" value="OTHER_ITEMS"/>
		<set name="crystal_type" value="NONE"/>
		<set name="icon" value="icon.etc_dice_c_i00"/>
		<set name="price" value="500"/>
		<set name="type" value="OTHER"/>
	</etcitem>
	<etcitem id="4628" name="Dice (Diamond)">
		<set name="reuse_delay" value="5000"/>
		<set name="class" value="OTHER"/>
		<set name="ex_type" value="OTHER_ITEMS"/>
		<set name="crystal_type" value="NONE"/>
		<set name="icon" value="icon.etc_dice_d_i00"/>
		<set name="price" value="500"/>
		<set name="type" value="OTHER"/>
	</etcitem>
	<etcitem id="4629" name="Red Soul Crystal">
		<set name="class" value="MISC"/>
		<set name="crystal_type" value="NONE"/>
		<set name="icon" value="icon.etc_soul_stone_i00"/>
		<set name="type" value="SCROLL"/>
		<set name="weight" value="20"/>
		<cond msgId="1508">
			<not>
				<player olympiad="true"/>
			</not>
		</cond>
	</etcitem>
	<etcitem id="4630" name="Red Soul Crystal - Stage 1">
		<set name="class" value="MISC"/>
		<set name="crystal_type" value="NONE"/>
		<set name="icon" value="icon.etc_soul_stone_i00"/>
		<set name="type" value="SCROLL"/>
		<set name="weight" value="20"/>
		<cond msgId="1508">
			<not>
				<player olympiad="true"/>
			</not>
		</cond>
	</etcitem>
	<etcitem id="4631" name="Red Soul Crystal - Stage 2">
		<set name="class" value="MISC"/>
		<set name="crystal_type" value="NONE"/>
		<set name="icon" value="icon.etc_soul_stone_i00"/>
		<set name="type" value="SCROLL"/>
		<set name="weight" value="20"/>
		<cond msgId="1508">
			<not>
				<player olympiad="true"/>
			</not>
		</cond>
	</etcitem>
	<etcitem id="4632" name="Red Soul Crystal - Stage 3">
		<set name="class" value="MISC"/>
		<set name="crystal_type" value="NONE"/>
		<set name="icon" value="icon.etc_soul_stone_i00"/>
		<set name="type" value="SCROLL"/>
		<set name="weight" value="20"/>
		<cond msgId="1508">
			<not>
				<player olympiad="true"/>
			</not>
		</cond>
	</etcitem>
	<etcitem id="4633" name="Red Soul Crystal - Stage 4">
		<set name="class" value="MISC"/>
		<set name="crystal_type" value="NONE"/>
		<set name="icon" value="icon.etc_soul_stone_i00"/>
		<set name="type" value="SCROLL"/>
		<set name="weight" value="20"/>
		<cond msgId="1508">
			<not>
				<player olympiad="true"/>
			</not>
		</cond>
	</etcitem>
	<etcitem id="4634" name="Red Soul Crystal - Stage 5">
		<set name="class" value="MISC"/>
		<set name="crystal_type" value="NONE"/>
		<set name="icon" value="icon.etc_soul_stone_i00"/>
		<set name="type" value="SCROLL"/>
		<set name="weight" value="20"/>
		<cond msgId="1508">
			<not>
				<player olympiad="true"/>
			</not>
		</cond>
	</etcitem>
	<etcitem id="4635" name="Red Soul Crystal - Stage 6">
		<set name="class" value="MISC"/>
		<set name="crystal_type" value="NONE"/>
		<set name="icon" value="icon.etc_soul_stone_i00"/>
		<set name="type" value="SCROLL"/>
		<set name="weight" value="20"/>
		<cond msgId="1508">
			<not>
				<player olympiad="true"/>
			</not>
		</cond>
	</etcitem>
	<etcitem id="4636" name="Red Soul Crystal - Stage 7">
		<set name="class" value="MISC"/>
		<set name="crystal_type" value="NONE"/>
		<set name="icon" value="icon.etc_soul_stone_i00"/>
		<set name="type" value="SCROLL"/>
		<set name="weight" value="20"/>
		<cond msgId="1508">
			<not>
				<player olympiad="true"/>
			</not>
		</cond>
	</etcitem>
	<etcitem id="4637" name="Red Soul Crystal - Stage 8">
		<set name="class" value="MISC"/>
		<set name="crystal_type" value="NONE"/>
		<set name="icon" value="icon.etc_soul_stone_i00"/>
		<set name="type" value="SCROLL"/>
		<set name="weight" value="20"/>
		<cond msgId="1508">
			<not>
				<player olympiad="true"/>
			</not>
		</cond>
	</etcitem>
	<etcitem id="4638" name="Red Soul Crystal - Stage 9">
		<set name="class" value="MISC"/>
		<set name="crystal_type" value="NONE"/>
		<set name="icon" value="icon.etc_soul_stone_i00"/>
		<set name="type" value="SCROLL"/>
		<set name="weight" value="20"/>
		<cond msgId="1508">
			<not>
				<player olympiad="true"/>
			</not>
		</cond>
	</etcitem>
	<etcitem id="4639" name="Red Soul Crystal - Stage 10">
		<set name="class" value="MISC"/>
		<set name="crystal_type" value="NONE"/>
		<set name="icon" value="icon.etc_soul_stone_i00"/>
		<set name="type" value="SCROLL"/>
		<set name="weight" value="20"/>
		<cond msgId="1508">
			<not>
				<player olympiad="true"/>
			</not>
		</cond>
	</etcitem>
	<etcitem id="4640" name="Green Soul Crystal">
		<set name="class" value="MISC"/>
		<set name="crystal_type" value="NONE"/>
		<set name="icon" value="icon.etc_soul_stone_i02"/>
		<set name="type" value="SCROLL"/>
		<set name="weight" value="20"/>
		<cond msgId="1508">
			<not>
				<player olympiad="true"/>
			</not>
		</cond>
	</etcitem>
	<etcitem id="4641" name="Green Soul Crystal - Stage 1">
		<set name="class" value="MISC"/>
		<set name="crystal_type" value="NONE"/>
		<set name="icon" value="icon.etc_soul_stone_i02"/>
		<set name="type" value="SCROLL"/>
		<set name="weight" value="20"/>
		<cond msgId="1508">
			<not>
				<player olympiad="true"/>
			</not>
		</cond>
	</etcitem>
	<etcitem id="4642" name="Green Soul Crystal - Stage 2">
		<set name="class" value="MISC"/>
		<set name="crystal_type" value="NONE"/>
		<set name="icon" value="icon.etc_soul_stone_i02"/>
		<set name="type" value="SCROLL"/>
		<set name="weight" value="20"/>
		<cond msgId="1508">
			<not>
				<player olympiad="true"/>
			</not>
		</cond>
	</etcitem>
	<etcitem id="4643" name="Green Soul Crystal - Stage 3">
		<set name="class" value="MISC"/>
		<set name="crystal_type" value="NONE"/>
		<set name="icon" value="icon.etc_soul_stone_i02"/>
		<set name="type" value="SCROLL"/>
		<set name="weight" value="20"/>
		<cond msgId="1508">
			<not>
				<player olympiad="true"/>
			</not>
		</cond>
	</etcitem>
	<etcitem id="4644" name="Green Soul Crystal - Stage 4">
		<set name="class" value="MISC"/>
		<set name="crystal_type" value="NONE"/>
		<set name="icon" value="icon.etc_soul_stone_i02"/>
		<set name="type" value="SCROLL"/>
		<set name="weight" value="20"/>
		<cond msgId="1508">
			<not>
				<player olympiad="true"/>
			</not>
		</cond>
	</etcitem>
	<etcitem id="4645" name="Green Soul Crystal - Stage 5">
		<set name="class" value="MISC"/>
		<set name="crystal_type" value="NONE"/>
		<set name="icon" value="icon.etc_soul_stone_i02"/>
		<set name="type" value="SCROLL"/>
		<set name="weight" value="20"/>
		<cond msgId="1508">
			<not>
				<player olympiad="true"/>
			</not>
		</cond>
	</etcitem>
	<etcitem id="4646" name="Green Soul Crystal - Stage 6">
		<set name="class" value="MISC"/>
		<set name="crystal_type" value="NONE"/>
		<set name="icon" value="icon.etc_soul_stone_i02"/>
		<set name="type" value="SCROLL"/>
		<set name="weight" value="20"/>
		<cond msgId="1508">
			<not>
				<player olympiad="true"/>
			</not>
		</cond>
	</etcitem>
	<etcitem id="4647" name="Green Soul Crystal - Stage 7">
		<set name="class" value="MISC"/>
		<set name="crystal_type" value="NONE"/>
		<set name="icon" value="icon.etc_soul_stone_i02"/>
		<set name="type" value="SCROLL"/>
		<set name="weight" value="20"/>
		<cond msgId="1508">
			<not>
				<player olympiad="true"/>
			</not>
		</cond>
	</etcitem>
	<etcitem id="4648" name="Green Soul Crystal - Stage 8">
		<set name="class" value="MISC"/>
		<set name="crystal_type" value="NONE"/>
		<set name="icon" value="icon.etc_soul_stone_i02"/>
		<set name="type" value="SCROLL"/>
		<set name="weight" value="20"/>
		<cond msgId="1508">
			<not>
				<player olympiad="true"/>
			</not>
		</cond>
	</etcitem>
	<etcitem id="4649" name="Green Soul Crystal - Stage 9">
		<set name="class" value="MISC"/>
		<set name="crystal_type" value="NONE"/>
		<set name="icon" value="icon.etc_soul_stone_i02"/>
		<set name="type" value="SCROLL"/>
		<set name="weight" value="20"/>
		<cond msgId="1508">
			<not>
				<player olympiad="true"/>
			</not>
		</cond>
	</etcitem>
	<etcitem id="4650" name="Green Soul Crystal - Stage 10">
		<set name="class" value="MISC"/>
		<set name="crystal_type" value="NONE"/>
		<set name="icon" value="icon.etc_soul_stone_i02"/>
		<set name="type" value="SCROLL"/>
		<set name="weight" value="20"/>
		<cond msgId="1508">
			<not>
				<player olympiad="true"/>
			</not>
		</cond>
	</etcitem>
	<etcitem id="4651" name="Blue Soul Crystal">
		<set name="class" value="MISC"/>
		<set name="crystal_type" value="NONE"/>
		<set name="icon" value="icon.etc_soul_stone_i01"/>
		<set name="type" value="SCROLL"/>
		<set name="weight" value="20"/>
		<cond msgId="1508">
			<not>
				<player olympiad="true"/>
			</not>
		</cond>
	</etcitem>
	<etcitem id="4652" name="Blue Soul Crystal - Stage 1">
		<set name="class" value="MISC"/>
		<set name="crystal_type" value="NONE"/>
		<set name="icon" value="icon.etc_soul_stone_i01"/>
		<set name="type" value="SCROLL"/>
		<set name="weight" value="20"/>
		<cond msgId="1508">
			<not>
				<player olympiad="true"/>
			</not>
		</cond>
	</etcitem>
	<etcitem id="4653" name="Blue Soul Crystal - Stage 2">
		<set name="class" value="MISC"/>
		<set name="crystal_type" value="NONE"/>
		<set name="icon" value="icon.etc_soul_stone_i01"/>
		<set name="type" value="SCROLL"/>
		<set name="weight" value="20"/>
		<cond msgId="1508">
			<not>
				<player olympiad="true"/>
			</not>
		</cond>
	</etcitem>
	<etcitem id="4654" name="Blue Soul Crystal - Stage 3">
		<set name="class" value="MISC"/>
		<set name="crystal_type" value="NONE"/>
		<set name="icon" value="icon.etc_soul_stone_i01"/>
		<set name="type" value="SCROLL"/>
		<set name="weight" value="20"/>
		<cond msgId="1508">
			<not>
				<player olympiad="true"/>
			</not>
		</cond>
	</etcitem>
	<etcitem id="4655" name="Blue Soul Crystal - Stage 4">
		<set name="class" value="MISC"/>
		<set name="crystal_type" value="NONE"/>
		<set name="icon" value="icon.etc_soul_stone_i01"/>
		<set name="type" value="SCROLL"/>
		<set name="weight" value="20"/>
		<cond msgId="1508">
			<not>
				<player olympiad="true"/>
			</not>
		</cond>
	</etcitem>
	<etcitem id="4656" name="Blue Soul Crystal - Stage 5">
		<set name="class" value="MISC"/>
		<set name="crystal_type" value="NONE"/>
		<set name="icon" value="icon.etc_soul_stone_i01"/>
		<set name="type" value="SCROLL"/>
		<set name="weight" value="20"/>
		<cond msgId="1508">
			<not>
				<player olympiad="true"/>
			</not>
		</cond>
	</etcitem>
	<etcitem id="4657" name="Blue Soul Crystal - Stage 6">
		<set name="class" value="MISC"/>
		<set name="crystal_type" value="NONE"/>
		<set name="icon" value="icon.etc_soul_stone_i01"/>
		<set name="type" value="SCROLL"/>
		<set name="weight" value="20"/>
		<cond msgId="1508">
			<not>
				<player olympiad="true"/>
			</not>
		</cond>
	</etcitem>
	<etcitem id="4658" name="Blue Soul Crystal - Stage 7">
		<set name="class" value="MISC"/>
		<set name="crystal_type" value="NONE"/>
		<set name="icon" value="icon.etc_soul_stone_i01"/>
		<set name="type" value="SCROLL"/>
		<set name="weight" value="20"/>
		<cond msgId="1508">
			<not>
				<player olympiad="true"/>
			</not>
		</cond>
	</etcitem>
	<etcitem id="4659" name="Blue Soul Crystal - Stage 8">
		<set name="class" value="MISC"/>
		<set name="crystal_type" value="NONE"/>
		<set name="icon" value="icon.etc_soul_stone_i01"/>
		<set name="type" value="SCROLL"/>
		<set name="weight" value="20"/>
		<cond msgId="1508">
			<not>
				<player olympiad="true"/>
			</not>
		</cond>
	</etcitem>
	<etcitem id="4660" name="Blue Soul Crystal - Stage 9">
		<set name="class" value="MISC"/>
		<set name="crystal_type" value="NONE"/>
		<set name="icon" value="icon.etc_soul_stone_i01"/>
		<set name="type" value="SCROLL"/>
		<set name="weight" value="20"/>
		<cond msgId="1508">
			<not>
				<player olympiad="true"/>
			</not>
		</cond>
	</etcitem>
	<etcitem id="4661" name="Blue Soul Crystal - Stage 10">
		<set name="class" value="MISC"/>
		<set name="crystal_type" value="NONE"/>
		<set name="icon" value="icon.etc_soul_stone_i01"/>
		<set name="type" value="SCROLL"/>
		<set name="weight" value="20"/>
		<cond msgId="1508">
			<not>
				<player olympiad="true"/>
			</not>
		</cond>
	</etcitem>
	<etcitem id="4662" name="Broken Red Soul Crystal">
		<set name="class" value="MISC"/>
		<set name="crystal_type" value="NONE"/>
		<set name="icon" value="icon.etc_broken_crystal_red_i00"/>
		<set name="type" value="SCROLL"/>
		<set name="weight" value="20"/>
		<cond msgId="1508">
			<not>
				<player olympiad="true"/>
			</not>
		</cond>
	</etcitem>
	<etcitem id="4663" name="Broken Green Soul Crystal">
		<set name="class" value="MISC"/>
		<set name="crystal_type" value="NONE"/>
		<set name="icon" value="icon.etc_broken_crystal_green_i00"/>
		<set name="type" value="SCROLL"/>
		<set name="weight" value="20"/>
		<cond msgId="1508">
			<not>
				<player olympiad="true"/>
			</not>
		</cond>
	</etcitem>
	<etcitem id="4664" name="Broken Blue Soul Crystal">
		<set name="class" value="MISC"/>
		<set name="crystal_type" value="NONE"/>
		<set name="icon" value="icon.etc_broken_crystal_blue_i00"/>
		<set name="type" value="SCROLL"/>
		<set name="weight" value="20"/>
		<cond msgId="1508">
			<not>
				<player olympiad="true"/>
			</not>
		</cond>
	</etcitem>
	<etcitem id="4666" name="Reiria's Soul Orb">
		<set name="class" value="OTHER"/>
		<set name="ex_type" value="OTHER_ITEMS"/>
		<set name="crystal_type" value="NONE"/>
		<set name="durability" value="100"/>
		<set name="icon" value="icon.etc_bead_white_i00"/>
		<set name="stackable" value="true"/>
		<set name="type" value="QUEST"/>
	</etcitem>
	<etcitem id="4667" name="Kernon's Infernium Scepter">
		<set name="class" value="OTHER"/>
		<set name="ex_type" value="OTHER_ITEMS"/>
		<set name="crystal_type" value="NONE"/>
		<set name="durability" value="100"/>
		<set name="icon" value="icon.etc_imperial_scepter_i02"/>
		<set name="stackable" value="true"/>
		<set name="type" value="QUEST"/>
	</etcitem>
	<etcitem id="4668" name="Golkonda's Infernium Scepter">
		<set name="class" value="OTHER"/>
		<set name="ex_type" value="OTHER_ITEMS"/>
		<set name="crystal_type" value="NONE"/>
		<set name="durability" value="100"/>
		<set name="icon" value="icon.etc_imperial_scepter_i01"/>
		<set name="stackable" value="true"/>
		<set name="type" value="QUEST"/>
	</etcitem>
	<etcitem id="4669" name="Hallate's Infernium Scepter">
		<set name="class" value="OTHER"/>
		<set name="ex_type" value="OTHER_ITEMS"/>
		<set name="crystal_type" value="NONE"/>
		<set name="durability" value="100"/>
		<set name="icon" value="icon.etc_imperial_scepter_i00"/>
		<set name="stackable" value="true"/>
		<set name="type" value="QUEST"/>
	</etcitem>
	<etcitem id="4670" name="Maestro Reorin's Hammer">
		<set name="class" value="OTHER"/>
		<set name="ex_type" value="OTHER_ITEMS"/>
		<set name="crystal_type" value="NONE"/>
		<set name="durability" value="100"/>
		<set name="icon" value="icon.weapon_iron_hammer_i01"/>
		<set name="stackable" value="true"/>
		<set name="type" value="QUEST"/>
	</etcitem>
	<etcitem id="4671" name="Maestro Reorin's Mold">
		<set name="class" value="OTHER"/>
		<set name="ex_type" value="OTHER_ITEMS"/>
		<set name="crystal_type" value="NONE"/>
		<set name="durability" value="100"/>
		<set name="icon" value="icon.etc_artisans_frame_i00"/>
		<set name="stackable" value="true"/>
		<set name="type" value="QUEST"/>
	</etcitem>
	<etcitem id="4672" name="Infernium Varnish">
		<set name="class" value="OTHER"/>
		<set name="ex_type" value="OTHER_ITEMS"/>
		<set name="crystal_type" value="NONE"/>
		<set name="durability" value="100"/>
		<set name="icon" value="icon.etc_powder_red_i00"/>
		<set name="stackable" value="true"/>
		<set name="type" value="QUEST"/>
	</etcitem>
	<etcitem id="4673" name="Red Pipette Knife">
		<set name="class" value="OTHER"/>
		<set name="ex_type" value="OTHER_ITEMS"/>
		<set name="crystal_type" value="NONE"/>
		<set name="durability" value="100"/>
		<set name="icon" value="icon.weapon_knife_i01"/>
		<set name="stackable" value="true"/>
		<set name="type" value="QUEST"/>
	</etcitem>
	<etcitem id="4674" name="Medal of Honor">
		<set name="class" value="OTHER"/>
		<set name="ex_type" value="OTHER_ITEMS"/>
		<set name="crystal_type" value="NONE"/>
		<set name="durability" value="100"/>
		<set name="icon" value="icon.etc_magic_coin_gold_i00"/>
		<set name="stackable" value="true"/>
		<set name="type" value="QUEST"/>
	</etcitem>
	<etcitem id="4675" name="Medal of Friendship">
		<set name="class" value="OTHER"/>
		<set name="ex_type" value="OTHER_ITEMS"/>
		<set name="crystal_type" value="NONE"/>
		<set name="durability" value="100"/>
		<set name="icon" value="icon.etc_magic_coin_silver_i00"/>
		<set name="stackable" value="true"/>
		<set name="type" value="QUEST"/>
	</etcitem>
	<etcitem id="4676" name="Medal of Victory">
		<set name="class" value="OTHER"/>
		<set name="ex_type" value="OTHER_ITEMS"/>
		<set name="crystal_type" value="NONE"/>
		<set name="durability" value="100"/>
		<set name="icon" value="icon.etc_magic_coin_blood_i00"/>
		<set name="stackable" value="true"/>
		<set name="type" value="QUEST"/>
	</etcitem>
	<etcitem id="4677" name="Potion of Critical Escape">
		<set name="reuse_delay" value="500"/>
		<set name="class" value="CONSUMABLE"/>
		<set name="crystal_type" value="NONE"/>
		<set name="icon" value="icon.etc_potion_red_i00"/>
		<set name="price" value="120"/>
		<set name="stackable" value="true"/>
		<set name="type" value="POTION"/>
		<set name="ex_type" value="POTION"/>
		<set name="weight" value="120"/>
		<skills>
			<skill id="2074" level="1"/>
		</skills>
		<cond msgId="1508">
			<not>
				<player olympiad="true"/>
			</not>
		</cond>
	</etcitem>
	<etcitem id="4678" name="Decrease Haste Potion">
		<set name="reuse_delay" value="10000"/>
		<set name="class" value="CONSUMABLE"/>
		<set name="crystal_type" value="NONE"/>
		<set name="icon" value="icon.etc_scroll_white_i00"/>
		<set name="price" value="5000"/>
		<set name="stackable" value="true"/>
		<set name="type" value="POTION"/>
		<set name="ex_type" value="POTION"/>
		<set name="weight" value="180"/>
		<skills>
			<skill id="2075" level="1"/>
		</skills>
		<cond msgId="1508">
			<not>
				<player olympiad="true"/>
			</not>
		</cond>
	</etcitem>
	<etcitem id="4679" name="Bless of Eva">
		<set name="reuse_delay" value="500"/>
		<set name="class" value="CONSUMABLE"/>
		<set name="crystal_type" value="NONE"/>
		<set name="icon" value="icon.etc_bless_of_eva_i00"/>
		<set name="price" value="500"/>
		<set name="stackable" value="true"/>
		<set name="type" value="POTION"/>
		<set name="ex_type" value="POTION"/>
		<set name="weight" value="180"/>
		<skills>
			<skill id="2076" level="1"/>
		</skills>
		<cond msgId="1508">
			<not>
				<player olympiad="true"/>
			</not>
		</cond>
	</etcitem>
	<etcitem id="4680" name="Potion of Revenge">
		<set name="reuse_delay" value="500"/>
		<set name="class" value="CONSUMABLE"/>
		<set name="crystal_type" value="NONE"/>
		<set name="icon" value="icon.etc_potion_blue_i00"/>
		<set name="price" value="150"/>
		<set name="stackable" value="true"/>
		<set name="type" value="POTION"/>
		<set name="ex_type" value="POTION"/>
		<set name="weight" value="180"/>
		<skills>
			<skill id="2077" level="1"/>
		</skills>
		<cond msgId="1508">
			<not>
				<player olympiad="true"/>
			</not>
		</cond>
	</etcitem>
</list>
