<?xml version="1.0" encoding="UTF-8"?>
<!DOCTYPE list SYSTEM "item.dtd">
<list>
	<etcitem id="5100" name="Mature Desert Coda">
		<set name="class" value="OTHER"/>
		<set name="ex_type" value="OTHER_ITEMS"/>
		<set name="crystal_type" value="NONE"/>
		<set name="icon" value="icon.etc_coda_i05"/>
		<set name="price" value="200"/>
		<set name="stackable" value="true"/>
		<set name="type" value="SEED"/>
		<set name="weight" value="1"/>
	</etcitem>
	<etcitem id="5101" name="Mature Lute Coda">
		<set name="class" value="OTHER"/>
		<set name="ex_type" value="OTHER_ITEMS"/>
		<set name="crystal_type" value="NONE"/>
		<set name="icon" value="icon.etc_coda_i06"/>
		<set name="price" value="300"/>
		<set name="stackable" value="true"/>
		<set name="type" value="SEED"/>
		<set name="weight" value="1"/>
	</etcitem>
	<etcitem id="5102" name="Mature Twin Coda">
		<set name="class" value="OTHER"/>
		<set name="ex_type" value="OTHER_ITEMS"/>
		<set name="crystal_type" value="NONE"/>
		<set name="icon" value="icon.etc_coda_i07"/>
		<set name="stackable" value="true"/>
		<set name="type" value="SEED"/>
		<set name="weight" value="1"/>
	</etcitem>
	<etcitem id="5103" name="Mature Dark Coda">
		<set name="class" value="OTHER"/>
		<set name="ex_type" value="OTHER_ITEMS"/>
		<set name="crystal_type" value="NONE"/>
		<set name="icon" value="icon.etc_coda_i08"/>
		<set name="price" value="50"/>
		<set name="stackable" value="true"/>
		<set name="type" value="SEED"/>
		<set name="weight" value="1"/>
	</etcitem>
	<etcitem id="5104" name="Mature Shining Coda">
		<set name="class" value="OTHER"/>
		<set name="ex_type" value="OTHER_ITEMS"/>
		<set name="crystal_type" value="NONE"/>
		<set name="icon" value="icon.etc_coda_i09"/>
		<set name="stackable" value="true"/>
		<set name="type" value="SEED"/>
		<set name="weight" value="1"/>
	</etcitem>
	<etcitem id="5105" name="Mature Chilly Cobol">
		<set name="class" value="OTHER"/>
		<set name="ex_type" value="OTHER_ITEMS"/>
		<set name="crystal_type" value="NONE"/>
		<set name="icon" value="icon.etc_cobol_i00"/>
		<set name="price" value="250"/>
		<set name="stackable" value="true"/>
		<set name="type" value="SEED"/>
		<set name="weight" value="1"/>
	</etcitem>
	<etcitem id="5106" name="Mature Burning Cobol">
		<set name="class" value="OTHER"/>
		<set name="ex_type" value="OTHER_ITEMS"/>
		<set name="crystal_type" value="NONE"/>
		<set name="icon" value="icon.etc_cobol_i01"/>
		<set name="stackable" value="true"/>
		<set name="type" value="SEED"/>
		<set name="weight" value="1"/>
	</etcitem>
	<etcitem id="5107" name="Mature Blue Cobol">
		<set name="class" value="OTHER"/>
		<set name="ex_type" value="OTHER_ITEMS"/>
		<set name="crystal_type" value="NONE"/>
		<set name="icon" value="icon.etc_cobol_i02"/>
		<set name="price" value="500"/>
		<set name="stackable" value="true"/>
		<set name="type" value="SEED"/>
		<set name="weight" value="1"/>
	</etcitem>
	<etcitem id="5108" name="Mature Red Cobol">
		<set name="class" value="OTHER"/>
		<set name="ex_type" value="OTHER_ITEMS"/>
		<set name="crystal_type" value="NONE"/>
		<set name="icon" value="icon.etc_cobol_i03"/>
		<set name="price" value="200"/>
		<set name="stackable" value="true"/>
		<set name="type" value="SEED"/>
		<set name="weight" value="1"/>
	</etcitem>
	<etcitem id="5109" name="Mature Golden Cobol">
		<set name="class" value="OTHER"/>
		<set name="ex_type" value="OTHER_ITEMS"/>
		<set name="crystal_type" value="NONE"/>
		<set name="icon" value="icon.etc_cobol_i04"/>
		<set name="price" value="500"/>
		<set name="stackable" value="true"/>
		<set name="type" value="SEED"/>
		<set name="weight" value="1"/>
	</etcitem>
	<etcitem id="5110" name="Mature Desert Cobol">
		<set name="class" value="OTHER"/>
		<set name="ex_type" value="OTHER_ITEMS"/>
		<set name="crystal_type" value="NONE"/>
		<set name="icon" value="icon.etc_cobol_i05"/>
		<set name="stackable" value="true"/>
		<set name="type" value="SEED"/>
		<set name="weight" value="1"/>
	</etcitem>
	<etcitem id="5111" name="Mature Sea Cobol">
		<set name="class" value="OTHER"/>
		<set name="ex_type" value="OTHER_ITEMS"/>
		<set name="crystal_type" value="NONE"/>
		<set name="icon" value="icon.etc_cobol_i06"/>
		<set name="stackable" value="true"/>
		<set name="type" value="SEED"/>
		<set name="weight" value="1"/>
	</etcitem>
	<etcitem id="5112" name="Mature Thorn Cobol">
		<set name="class" value="OTHER"/>
		<set name="ex_type" value="OTHER_ITEMS"/>
		<set name="crystal_type" value="NONE"/>
		<set name="icon" value="icon.etc_cobol_i07"/>
		<set name="price" value="500"/>
		<set name="stackable" value="true"/>
		<set name="type" value="SEED"/>
		<set name="weight" value="1"/>
	</etcitem>
	<etcitem id="5113" name="Mature Dapple Cobol">
		<set name="class" value="OTHER"/>
		<set name="ex_type" value="OTHER_ITEMS"/>
		<set name="crystal_type" value="NONE"/>
		<set name="icon" value="icon.etc_cobol_i08"/>
		<set name="stackable" value="true"/>
		<set name="type" value="SEED"/>
		<set name="weight" value="1"/>
	</etcitem>
	<etcitem id="5114" name="Mature Great Cobol">
		<set name="class" value="OTHER"/>
		<set name="ex_type" value="OTHER_ITEMS"/>
		<set name="crystal_type" value="NONE"/>
		<set name="icon" value="icon.etc_cobol_i09"/>
		<set name="price" value="500"/>
		<set name="stackable" value="true"/>
		<set name="type" value="SEED"/>
		<set name="weight" value="1"/>
	</etcitem>
	<etcitem id="5115" name="Mature Chilly Codran">
		<set name="class" value="OTHER"/>
		<set name="ex_type" value="OTHER_ITEMS"/>
		<set name="crystal_type" value="NONE"/>
		<set name="icon" value="icon.etc_codran_i00"/>
		<set name="price" value="400"/>
		<set name="stackable" value="true"/>
		<set name="type" value="SEED"/>
		<set name="weight" value="1"/>
	</etcitem>
	<etcitem id="5116" name="Mature Burning Codran">
		<set name="class" value="OTHER"/>
		<set name="ex_type" value="OTHER_ITEMS"/>
		<set name="crystal_type" value="NONE"/>
		<set name="icon" value="icon.etc_codran_i01"/>
		<set name="stackable" value="true"/>
		<set name="type" value="SEED"/>
		<set name="weight" value="1"/>
	</etcitem>
	<etcitem id="5117" name="Mature Blue Codran">
		<set name="class" value="OTHER"/>
		<set name="ex_type" value="OTHER_ITEMS"/>
		<set name="crystal_type" value="NONE"/>
		<set name="icon" value="icon.etc_codran_i02"/>
		<set name="price" value="500"/>
		<set name="stackable" value="true"/>
		<set name="type" value="SEED"/>
		<set name="weight" value="1"/>
	</etcitem>
	<etcitem id="5118" name="Mature Red Codran">
		<set name="class" value="OTHER"/>
		<set name="ex_type" value="OTHER_ITEMS"/>
		<set name="crystal_type" value="NONE"/>
		<set name="icon" value="icon.etc_codran_i03"/>
		<set name="price" value="400"/>
		<set name="stackable" value="true"/>
		<set name="type" value="SEED"/>
		<set name="weight" value="1"/>
	</etcitem>
	<etcitem id="5119" name="Mature Dapple Codran">
		<set name="class" value="OTHER"/>
		<set name="ex_type" value="OTHER_ITEMS"/>
		<set name="crystal_type" value="NONE"/>
		<set name="icon" value="icon.etc_codran_i04"/>
		<set name="stackable" value="true"/>
		<set name="type" value="SEED"/>
		<set name="weight" value="1"/>
	</etcitem>
	<etcitem id="5120" name="Mature Desert Codran">
		<set name="class" value="OTHER"/>
		<set name="ex_type" value="OTHER_ITEMS"/>
		<set name="crystal_type" value="NONE"/>
		<set name="icon" value="icon.etc_codran_i05"/>
		<set name="price" value="1000"/>
		<set name="stackable" value="true"/>
		<set name="type" value="SEED"/>
		<set name="weight" value="1"/>
	</etcitem>
	<etcitem id="5121" name="Mature Sea Codran">
		<set name="class" value="OTHER"/>
		<set name="ex_type" value="OTHER_ITEMS"/>
		<set name="crystal_type" value="NONE"/>
		<set name="icon" value="icon.etc_codran_i06"/>
		<set name="price" value="500"/>
		<set name="stackable" value="true"/>
		<set name="type" value="SEED"/>
		<set name="weight" value="1"/>
	</etcitem>
	<etcitem id="5122" name="Mature Twin Codran">
		<set name="class" value="OTHER"/>
		<set name="ex_type" value="OTHER_ITEMS"/>
		<set name="crystal_type" value="NONE"/>
		<set name="icon" value="icon.etc_codran_i07"/>
		<set name="price" value="500"/>
		<set name="stackable" value="true"/>
		<set name="type" value="SEED"/>
		<set name="weight" value="1"/>
	</etcitem>
	<etcitem id="5123" name="Mature Thorn Codran">
		<set name="class" value="OTHER"/>
		<set name="ex_type" value="OTHER_ITEMS"/>
		<set name="crystal_type" value="NONE"/>
		<set name="icon" value="icon.etc_codran_i08"/>
		<set name="stackable" value="true"/>
		<set name="type" value="SEED"/>
		<set name="weight" value="1"/>
	</etcitem>
	<etcitem id="5124" name="Mature Great Codran">
		<set name="class" value="OTHER"/>
		<set name="ex_type" value="OTHER_ITEMS"/>
		<set name="crystal_type" value="NONE"/>
		<set name="icon" value="icon.etc_codran_i09"/>
		<set name="price" value="750"/>
		<set name="stackable" value="true"/>
		<set name="type" value="SEED"/>
		<set name="weight" value="1"/>
	</etcitem>
	<etcitem id="5125" name="Harvester">
		<set name="class" value="OTHER"/>
		<set name="ex_type" value="OTHER_ITEMS"/>
		<set name="crystal_type" value="NONE"/>
		<set name="icon" value="icon.etc_reaper_i00"/>
		<set name="price" value="500"/>
		<set name="type" value="OTHER"/>
		<set name="weight" value="20"/>
	</etcitem>
	<etcitem id="5126" name="Dualsword Craft Stamp">
		<set name="class" value="OTHER"/>
		<set name="ex_type" value="OTHER_ITEMS"/>
		<set name="crystal_type" value="NONE"/>
		<set name="icon" value="icon.etc_letter_blue_i00"/>
		<set name="price" value="10000"/>
		<set name="stackable" value="true"/>
		<set name="type" value="OTHER"/>
		<set name="weight" value="20"/>
	</etcitem>
	<etcitem id="5134" name="Compressed Package of Soulshots: No Grade">
		<set name="class" value="OTHER"/>
		<set name="ex_type" value="OTHER_ITEMS"/>
		<set name="crystal_type" value="NONE"/>
		<set name="icon" value="icon.etc_pouch_yellow_i00"/>
		<set name="price" value="2300"/>
		<set name="type" value="OTHER"/>
		<set name="weight" value="600"/>
		<skills>
			<skill id="2078" level="1"/>
		</skills>
		<set name="capsuled" value="true"/>
	</etcitem>
	<etcitem id="5135" name="Compressed Package of Soulshots: D-grade">
		<set name="class" value="OTHER"/>
		<set name="ex_type" value="OTHER_ITEMS"/>
		<set name="crystal_type" value="NONE"/>
		<set name="icon" value="icon.etc_pouch_yellow_i00"/>
		<set name="price" value="3300"/>
		<set name="type" value="OTHER"/>
		<set name="weight" value="450"/>
		<skills>
			<skill id="2079" level="1"/>
		</skills>
		<set name="capsuled" value="true"/>
	</etcitem>
	<etcitem id="5136" name="Compressed Package of Soulshots: C-grade">
		<set name="class" value="OTHER"/>
		<set name="ex_type" value="OTHER_ITEMS"/>
		<set name="crystal_type" value="NONE"/>
		<set name="icon" value="icon.etc_pouch_yellow_i00"/>
		<set name="price" value="4950"/>
		<set name="type" value="OTHER"/>
		<set name="weight" value="450"/>
		<skills>
			<skill id="2080" level="1"/>
		</skills>
		<set name="capsuled" value="true"/>
	</etcitem>
	<etcitem id="5137" name="Compressed Package of Soulshots: B-grade">
		<set name="class" value="OTHER"/>
		<set name="ex_type" value="OTHER_ITEMS"/>
		<set name="crystal_type" value="NONE"/>
		<set name="icon" value="icon.etc_pouch_yellow_i00"/>
		<set name="price" value="16500"/>
		<set name="type" value="OTHER"/>
		<set name="weight" value="300"/>
		<skills>
			<skill id="2081" level="1"/>
		</skills>
		<set name="capsuled" value="true"/>
	</etcitem>
	<etcitem id="5138" name="Compressed Package of Soulshots: A-grade">
		<set name="class" value="OTHER"/>
		<set name="ex_type" value="OTHER_ITEMS"/>
		<set name="crystal_type" value="NONE"/>
		<set name="icon" value="icon.etc_pouch_yellow_i00"/>
		<set name="price" value="26400"/>
		<set name="type" value="OTHER"/>
		<set name="weight" value="300"/>
		<skills>
			<skill id="2082" level="1"/>
		</skills>
		<set name="capsuled" value="true"/>
	</etcitem>
	<etcitem id="5139" name="Compressed Package of Soulshots: S-grade">
		<set name="class" value="OTHER"/>
		<set name="ex_type" value="OTHER_ITEMS"/>
		<set name="crystal_type" value="NONE"/>
		<set name="icon" value="icon.etc_pouch_yellow_i00"/>
		<set name="price" value="33000"/>
		<set name="type" value="OTHER"/>
		<set name="weight" value="300"/>
		<skills>
			<skill id="2083" level="1"/>
		</skills>
		<set name="capsuled" value="true"/>
	</etcitem>
	<etcitem id="5140" name="Compressed Package of Spiritshots: No Grade">
		<set name="class" value="OTHER"/>
		<set name="ex_type" value="OTHER_ITEMS"/>
		<set name="crystal_type" value="NONE"/>
		<set name="icon" value="icon.etc_pouch_yellow_i00"/>
		<set name="price" value="4950"/>
		<set name="type" value="OTHER"/>
		<set name="weight" value="750"/>
		<skills>
			<skill id="2084" level="1"/>
		</skills>
		<set name="capsuled" value="true"/>
	</etcitem>
	<etcitem id="5141" name="Compressed Package of Spiritshots: D-grade">
		<set name="class" value="OTHER"/>
		<set name="ex_type" value="OTHER_ITEMS"/>
		<set name="crystal_type" value="NONE"/>
		<set name="icon" value="icon.etc_pouch_yellow_i00"/>
		<set name="price" value="5940"/>
		<set name="type" value="OTHER"/>
		<set name="weight" value="750"/>
		<skills>
			<skill id="2085" level="1"/>
		</skills>
		<set name="capsuled" value="true"/>
	</etcitem>
	<etcitem id="5142" name="Compressed Package of Spiritshots: C-grade">
		<set name="class" value="OTHER"/>
		<set name="ex_type" value="OTHER_ITEMS"/>
		<set name="crystal_type" value="NONE"/>
		<set name="icon" value="icon.etc_pouch_yellow_i00"/>
		<set name="price" value="11550"/>
		<set name="type" value="OTHER"/>
		<set name="weight" value="450"/>
		<skills>
			<skill id="2086" level="1"/>
		</skills>
		<set name="capsuled" value="true"/>
	</etcitem>
	<etcitem id="5143" name="Compressed Package of Spiritshots: B-grade">
		<set name="class" value="OTHER"/>
		<set name="ex_type" value="OTHER_ITEMS"/>
		<set name="crystal_type" value="NONE"/>
		<set name="icon" value="icon.etc_pouch_yellow_i00"/>
		<set name="price" value="33000"/>
		<set name="type" value="OTHER"/>
		<set name="weight" value="450"/>
		<skills>
			<skill id="2087" level="1"/>
		</skills>
		<set name="capsuled" value="true"/>
	</etcitem>
	<etcitem id="5144" name="Compressed Package of Spiritshots: A-grade">
		<set name="class" value="OTHER"/>
		<set name="ex_type" value="OTHER_ITEMS"/>
		<set name="crystal_type" value="NONE"/>
		<set name="icon" value="icon.etc_pouch_yellow_i00"/>
		<set name="price" value="39600"/>
		<set name="type" value="OTHER"/>
		<set name="weight" value="300"/>
		<skills>
			<skill id="2088" level="1"/>
		</skills>
		<set name="capsuled" value="true"/>
	</etcitem>
	<etcitem id="5145" name="Compressed Package of Spiritshots: S-grade">
		<set name="class" value="OTHER"/>
		<set name="ex_type" value="OTHER_ITEMS"/>
		<set name="crystal_type" value="NONE"/>
		<set name="icon" value="icon.etc_pouch_yellow_i00"/>
		<set name="price" value="49500"/>
		<set name="type" value="OTHER"/>
		<set name="weight" value="300"/>
		<skills>
			<skill id="2089" level="1"/>
		</skills>
		<set name="capsuled" value="true"/>
	</etcitem>
	<etcitem id="5146" name="Compressed Package of Blessed Spiritshots: No Grade">
		<set name="class" value="OTHER"/>
		<set name="ex_type" value="OTHER_ITEMS"/>
		<set name="crystal_type" value="NONE"/>
		<set name="icon" value="icon.etc_pouch_yellow_i00"/>
		<set name="price" value="11550"/>
		<set name="type" value="OTHER"/>
		<set name="weight" value="750"/>
		<skills>
			<skill id="2090" level="1"/>
		</skills>
		<set name="capsuled" value="true"/>
	</etcitem>
	<etcitem id="5147" name="Compressed Package of Blessed Spiritshots: D-grade">
		<set name="class" value="OTHER"/>
		<set name="ex_type" value="OTHER_ITEMS"/>
		<set name="crystal_type" value="NONE"/>
		<set name="icon" value="icon.etc_pouch_yellow_i00"/>
		<set name="price" value="14850"/>
		<set name="type" value="OTHER"/>
		<set name="weight" value="750"/>
		<skills>
			<skill id="2091" level="1"/>
		</skills>
		<set name="capsuled" value="true"/>
	</etcitem>
	<etcitem id="5148" name="Compressed Package of Blessed Spiritshots: C-grade">
		<set name="class" value="OTHER"/>
		<set name="ex_type" value="OTHER_ITEMS"/>
		<set name="crystal_type" value="NONE"/>
		<set name="icon" value="icon.etc_pouch_yellow_i00"/>
		<set name="price" value="29700"/>
		<set name="type" value="OTHER"/>
		<set name="weight" value="450"/>
		<skills>
			<skill id="2092" level="1"/>
		</skills>
		<set name="capsuled" value="true"/>
	</etcitem>
	<etcitem id="5149" name="Compressed Package of Blessed Spiritshots: B-grade">
		<set name="class" value="OTHER"/>
		<set name="ex_type" value="OTHER_ITEMS"/>
		<set name="crystal_type" value="NONE"/>
		<set name="icon" value="icon.etc_pouch_yellow_i00"/>
		<set name="price" value="80850"/>
		<set name="type" value="OTHER"/>
		<set name="weight" value="450"/>
		<skills>
			<skill id="2093" level="1"/>
		</skills>
		<set name="capsuled" value="true"/>
	</etcitem>
	<etcitem id="5150" name="Compressed Package of Blessed Spiritshots: A-grade">
		<set name="class" value="OTHER"/>
		<set name="ex_type" value="OTHER_ITEMS"/>
		<set name="crystal_type" value="NONE"/>
		<set name="icon" value="icon.etc_pouch_yellow_i00"/>
		<set name="price" value="95700"/>
		<set name="type" value="OTHER"/>
		<set name="weight" value="300"/>
		<skills>
			<skill id="2094" level="1"/>
		</skills>
		<set name="capsuled" value="true"/>
	</etcitem>
	<etcitem id="5151" name="Compressed Package of Blessed Spiritshots: S-grade">
		<set name="class" value="OTHER"/>
		<set name="ex_type" value="OTHER_ITEMS"/>
		<set name="crystal_type" value="NONE"/>
		<set name="icon" value="icon.etc_pouch_yellow_i00"/>
		<set name="price" value="115500"/>
		<set name="type" value="OTHER"/>
		<set name="weight" value="300"/>
		<skills>
			<skill id="2095" level="1"/>
		</skills>
		<set name="capsuled" value="true"/>
	</etcitem>
	<etcitem id="5152" name="Magic Compressor">
		<set name="class" value="OTHER"/>
		<set name="ex_type" value="OTHER_ITEMS"/>
		<set name="crystal_type" value="NONE"/>
		<set name="icon" value="icon.etc_jewel_box_i00"/>
		<set name="price" value="100"/>
		<set name="type" value="OTHER"/>
		<set name="weight" value="10"/>
	</etcitem>
	<etcitem id="5153" name="Recipe: Soulshot (D) Compressed Package (100%)">
		<set name="class" value="RECIPIES"/>
		<set name="crystal_type" value="NONE"/>
		<set name="icon" value="icon.etc_recipe_blue_i00"/>
		<set name="price" value="5000"/>
		<set name="stackable" value="true"/>
		<set name="type" value="RECIPE"/>
		<set name="ex_type" value="RECIPE"/>
		<set name="weight" value="30"/>
	</etcitem>
	<etcitem id="5154" name="Recipe: Soulshot (C) Compressed Package (100%)">
		<set name="class" value="RECIPIES"/>
		<set name="crystal_type" value="NONE"/>
		<set name="icon" value="icon.etc_recipe_yellow_i00"/>
		<set name="price" value="60000"/>
		<set name="stackable" value="true"/>
		<set name="type" value="RECIPE"/>
		<set name="ex_type" value="RECIPE"/>
		<set name="weight" value="30"/>
	</etcitem>
	<etcitem id="5155" name="Recipe: Soulshot (B) Compressed Package (100%)">
		<set name="class" value="RECIPIES"/>
		<set name="crystal_type" value="NONE"/>
		<set name="icon" value="icon.etc_recipe_red_i00"/>
		<set name="price" value="100000"/>
		<set name="stackable" value="true"/>
		<set name="type" value="RECIPE"/>
		<set name="ex_type" value="RECIPE"/>
		<set name="weight" value="30"/>
	</etcitem>
	<etcitem id="5156" name="Recipe: Soulshot (A) Compressed Package (100%)">
		<set name="class" value="RECIPIES"/>
		<set name="crystal_type" value="NONE"/>
		<set name="icon" value="icon.etc_recipe_violet_i00"/>
		<set name="price" value="150000"/>
		<set name="stackable" value="true"/>
		<set name="type" value="RECIPE"/>
		<set name="ex_type" value="RECIPE"/>
		<set name="weight" value="30"/>
	</etcitem>
	<etcitem id="5157" name="Recipe: Soulshot (S) Compressed Package (100%)">
		<set name="class" value="RECIPIES"/>
		<set name="crystal_type" value="NONE"/>
		<set name="icon" value="icon.etc_recipe_black_i00"/>
		<set name="price" value="450000"/>
		<set name="stackable" value="true"/>
		<set name="type" value="RECIPE"/>
		<set name="ex_type" value="RECIPE"/>
		<set name="weight" value="30"/>
	</etcitem>
	<etcitem id="5158" name="Recipe: Spiritshot (D) Compressed Package (100%)">
		<set name="class" value="RECIPIES"/>
		<set name="crystal_type" value="NONE"/>
		<set name="icon" value="icon.etc_recipe_blue_i00"/>
		<set name="price" value="5000"/>
		<set name="stackable" value="true"/>
		<set name="type" value="RECIPE"/>
		<set name="ex_type" value="RECIPE"/>
		<set name="weight" value="30"/>
	</etcitem>
	<etcitem id="5159" name="Recipe: Spiritshot (C) Compressed Package (100%)">
		<set name="class" value="RECIPIES"/>
		<set name="crystal_type" value="NONE"/>
		<set name="icon" value="icon.etc_recipe_yellow_i00"/>
		<set name="price" value="60000"/>
		<set name="stackable" value="true"/>
		<set name="type" value="RECIPE"/>
		<set name="ex_type" value="RECIPE"/>
		<set name="weight" value="30"/>
	</etcitem>
	<etcitem id="5160" name="Recipe: Spiritshot (B) Compressed Package (100%)">
		<set name="class" value="RECIPIES"/>
		<set name="crystal_type" value="NONE"/>
		<set name="icon" value="icon.etc_recipe_red_i00"/>
		<set name="price" value="100000"/>
		<set name="stackable" value="true"/>
		<set name="type" value="RECIPE"/>
		<set name="ex_type" value="RECIPE"/>
		<set name="weight" value="30"/>
	</etcitem>
	<etcitem id="5161" name="Recipe: Spiritshot (A) Compressed Package (100%)">
		<set name="class" value="RECIPIES"/>
		<set name="crystal_type" value="NONE"/>
		<set name="icon" value="icon.etc_recipe_violet_i00"/>
		<set name="price" value="150000"/>
		<set name="stackable" value="true"/>
		<set name="type" value="RECIPE"/>
		<set name="ex_type" value="RECIPE"/>
		<set name="weight" value="30"/>
	</etcitem>
	<etcitem id="5162" name="Recipe: Spiritshot (S) Compressed Package (100%)">
		<set name="class" value="RECIPIES"/>
		<set name="crystal_type" value="NONE"/>
		<set name="icon" value="icon.etc_recipe_black_i00"/>
		<set name="price" value="450000"/>
		<set name="stackable" value="true"/>
		<set name="type" value="RECIPE"/>
		<set name="ex_type" value="RECIPE"/>
		<set name="weight" value="30"/>
	</etcitem>
	<etcitem id="5163" name="Recipe: Blessed Spiritshot (D) Compressed Package (100%)">
		<set name="class" value="RECIPIES"/>
		<set name="crystal_type" value="NONE"/>
		<set name="icon" value="icon.etc_recipe_blue_i00"/>
		<set name="price" value="5000"/>
		<set name="stackable" value="true"/>
		<set name="type" value="RECIPE"/>
		<set name="ex_type" value="RECIPE"/>
		<set name="weight" value="30"/>
	</etcitem>
	<etcitem id="5164" name="Recipe: Blessed Spiritshot (C) Compressed Package (100%)">
		<set name="class" value="RECIPIES"/>
		<set name="crystal_type" value="NONE"/>
		<set name="icon" value="icon.etc_recipe_yellow_i00"/>
		<set name="price" value="60000"/>
		<set name="stackable" value="true"/>
		<set name="type" value="RECIPE"/>
		<set name="ex_type" value="RECIPE"/>
		<set name="weight" value="30"/>
	</etcitem>
	<etcitem id="5165" name="Recipe: Blessed Spiritshot (B) Compressed Package (100%)">
		<set name="class" value="RECIPIES"/>
		<set name="crystal_type" value="NONE"/>
		<set name="icon" value="icon.etc_recipe_red_i00"/>
		<set name="price" value="100000"/>
		<set name="stackable" value="true"/>
		<set name="type" value="RECIPE"/>
		<set name="ex_type" value="RECIPE"/>
		<set name="weight" value="30"/>
	</etcitem>
	<etcitem id="5166" name="Recipe: Blessed Spiritshot (A) Compressed Package (100%)">
		<set name="class" value="RECIPIES"/>
		<set name="crystal_type" value="NONE"/>
		<set name="icon" value="icon.etc_recipe_violet_i00"/>
		<set name="price" value="150000"/>
		<set name="stackable" value="true"/>
		<set name="type" value="RECIPE"/>
		<set name="ex_type" value="RECIPE"/>
		<set name="weight" value="30"/>
	</etcitem>
	<etcitem id="5167" name="Recipe: Blessed Spiritshot (S) Compressed Package (100%)">
		<set name="class" value="RECIPIES"/>
		<set name="crystal_type" value="NONE"/>
		<set name="icon" value="icon.etc_recipe_black_i00"/>
		<set name="price" value="450000"/>
		<set name="stackable" value="true"/>
		<set name="type" value="RECIPE"/>
		<set name="ex_type" value="RECIPE"/>
		<set name="weight" value="30"/>
	</etcitem>
	<etcitem id="5168" name="Food for Strider">
		<set name="class" value="OTHER"/>
		<set name="ex_type" value="OTHER_ITEMS"/>
		<set name="crystal_type" value="NONE"/>
		<set name="icon" value="icon.etc_pouch_yellow_i00"/>
		<set name="price" value="200"/>
		<set name="stackable" value="true"/>
		<set name="type" value="OTHER"/>
		<set name="weight" value="10"/>
		<cond msgId="1508">
			<not>
				<player olympiad="true"/>
			</not>
		</cond>
		<skills>
			<skill id="2101" level="1"/>
		</skills>
		<set name="capsuled" value="true"/>
	</etcitem>
	<etcitem id="5169" name="Deluxe Food for Strider">
		<set name="class" value="OTHER"/>
		<set name="ex_type" value="OTHER_ITEMS"/>
		<set name="crystal_type" value="NONE"/>
		<set name="icon" value="icon.etc_pouch_yellow_i00"/>
		<set name="price" value="300"/>
		<set name="stackable" value="true"/>
		<set name="type" value="OTHER"/>
		<set name="weight" value="10"/>
		<cond msgId="1508">
			<not>
				<player olympiad="true"/>
			</not>
		</cond>
		<skills>
			<skill id="2102" level="1"/>
		</skills>
		<set name="capsuled" value="true"/>
	</etcitem>
	<etcitem id="5192" name="Rope of Magic: D-Grade">
		<set name="class" value="MATHERIALS"/>
		<set name="crystal_type" value="NONE"/>
		<set name="icon" value="icon.etc_braided_hemp_i00"/>
		<set name="price" value="100"/>
		<set name="stackable" value="true"/>
		<set name="type" value="OTHER"/>
		<set name="weight" value="2"/>
	</etcitem>
	<etcitem id="5193" name="Rope of Magic: C-Grade">
		<set name="class" value="MATHERIALS"/>
		<set name="crystal_type" value="NONE"/>
		<set name="icon" value="icon.etc_braided_hemp_i00"/>
		<set name="price" value="150"/>
		<set name="stackable" value="true"/>
		<set name="type" value="OTHER"/>
		<set name="weight" value="2"/>
	</etcitem>
	<etcitem id="5194" name="Rope of Magic: B-Grade">
		<set name="class" value="MATHERIALS"/>
		<set name="crystal_type" value="NONE"/>
		<set name="icon" value="icon.etc_braided_hemp_i00"/>
		<set name="price" value="250"/>
		<set name="stackable" value="true"/>
		<set name="type" value="OTHER"/>
		<set name="weight" value="2"/>
	</etcitem>
	<etcitem id="5195" name="Rope of Magic: A-Grade">
		<set name="class" value="MATHERIALS"/>
		<set name="crystal_type" value="NONE"/>
		<set name="icon" value="icon.etc_braided_hemp_i00"/>
		<set name="price" value="400"/>
		<set name="stackable" value="true"/>
		<set name="type" value="OTHER"/>
		<set name="weight" value="2"/>
	</etcitem>
	<etcitem id="5196" name="Rope of Magic: S Grade">
		<set name="class" value="MATHERIALS"/>
		<set name="crystal_type" value="NONE"/>
		<set name="icon" value="icon.etc_braided_hemp_i00"/>
		<set name="price" value="1500"/>
		<set name="stackable" value="true"/>
		<set name="type" value="OTHER"/>
		<set name="weight" value="2"/>
	</etcitem>
	<etcitem id="5197" name="Chest Key - Grade 8">
		<set name="class" value="OTHER"/>
		<set name="ex_type" value="OTHER_ITEMS"/>
		<set name="crystal_type" value="NONE"/>
		<set name="icon" value="icon.etc_key_i00"/>
		<set name="price" value="70"/>
		<set name="stackable" value="true"/>
		<set name="type" value="OTHER"/>
		<set name="weight" value="10"/>
		<cond msgId="1508">
			<not>
				<player olympiad="true"/>
			</not>
		</cond>
	</etcitem>
	<etcitem id="5198" name="Chest Key - Grade 7">
		<set name="class" value="OTHER"/>
		<set name="ex_type" value="OTHER_ITEMS"/>
		<set name="crystal_type" value="NONE"/>
		<set name="icon" value="icon.etc_key_i00"/>
		<set name="price" value="760"/>
		<set name="stackable" value="true"/>
		<set name="type" value="OTHER"/>
		<set name="weight" value="10"/>
		<cond msgId="1508">
			<not>
				<player olympiad="true"/>
			</not>
		</cond>
	</etcitem>
	<etcitem id="5199" name="Chest Key - Grade 6">
		<set name="class" value="OTHER"/>
		<set name="ex_type" value="OTHER_ITEMS"/>
		<set name="crystal_type" value="NONE"/>
		<set name="icon" value="icon.etc_key_i00"/>
		<set name="price" value="1200"/>
		<set name="stackable" value="true"/>
		<set name="type" value="OTHER"/>
		<set name="weight" value="10"/>
		<cond msgId="1508">
			<not>
				<player olympiad="true"/>
			</not>
		</cond>
	</etcitem>
</list>
