<?xml version="1.0" encoding="UTF-8"?>
<!DOCTYPE list SYSTEM "item.dtd">
<list>
	<etcitem id="5332" name="Recipe: Sealed Dark Crystal Leather Armor(60%)">
		<set name="class" value="RECIPIES"/>
		<set name="crystal_type" value="NONE"/>
		<set name="durability" value="90"/>
		<set name="icon" value="icon.etc_recipe_violet_i00"/>
		<set name="price" value="69400"/>
		<set name="stackable" value="true"/>
		<set name="type" value="RECIPE"/>
		<set name="ex_type" value="RECIPE"/>
		<set name="weight" value="30"/>
	</etcitem>
	<etcitem id="5333" name="Recipe: Sealed Dark Crystal Leather Armor(100%)">
		<set name="class" value="RECIPIES"/>
		<set name="crystal_type" value="NONE"/>
		<set name="durability" value="90"/>
		<set name="icon" value="icon.etc_recipe_violet_i00"/>
		<set name="price" value="69400"/>
		<set name="stackable" value="true"/>
		<set name="type" value="RECIPE"/>
		<set name="ex_type" value="RECIPE"/>
		<set name="weight" value="30"/>
	</etcitem>
	<etcitem id="5334" name="Recipe: Sealed Tallum Leather Armor(60%)">
		<set name="class" value="RECIPIES"/>
		<set name="crystal_type" value="NONE"/>
		<set name="durability" value="90"/>
		<set name="icon" value="icon.etc_recipe_violet_i00"/>
		<set name="price" value="101600"/>
		<set name="stackable" value="true"/>
		<set name="type" value="RECIPE"/>
		<set name="ex_type" value="RECIPE"/>
		<set name="weight" value="30"/>
	</etcitem>
	<etcitem id="5335" name="Recipe: Sealed Tallum Leather Armor(100%)">
		<set name="class" value="RECIPIES"/>
		<set name="crystal_type" value="NONE"/>
		<set name="durability" value="90"/>
		<set name="icon" value="icon.etc_recipe_violet_i00"/>
		<set name="price" value="101600"/>
		<set name="stackable" value="true"/>
		<set name="type" value="RECIPE"/>
		<set name="ex_type" value="RECIPE"/>
		<set name="weight" value="30"/>
	</etcitem>
	<etcitem id="5336" name="Recipe: Sealed Leather Armor of Nightmare(60%)">
		<set name="class" value="RECIPIES"/>
		<set name="crystal_type" value="NONE"/>
		<set name="durability" value="90"/>
		<set name="icon" value="icon.etc_recipe_violet_i00"/>
		<set name="price" value="154600"/>
		<set name="stackable" value="true"/>
		<set name="type" value="RECIPE"/>
		<set name="ex_type" value="RECIPE"/>
		<set name="weight" value="30"/>
	</etcitem>
	<etcitem id="5337" name="Recipe: Sealed Leather Armor of Nightmare(100%)">
		<set name="class" value="RECIPIES"/>
		<set name="crystal_type" value="NONE"/>
		<set name="durability" value="90"/>
		<set name="icon" value="icon.etc_recipe_violet_i00"/>
		<set name="price" value="154600"/>
		<set name="stackable" value="true"/>
		<set name="type" value="RECIPE"/>
		<set name="ex_type" value="RECIPE"/>
		<set name="weight" value="30"/>
	</etcitem>
	<etcitem id="5338" name="Recipe: Sealed Majestic Leather Armor(60%)">
		<set name="class" value="RECIPIES"/>
		<set name="crystal_type" value="NONE"/>
		<set name="durability" value="90"/>
		<set name="icon" value="icon.etc_recipe_violet_i00"/>
		<set name="price" value="154600"/>
		<set name="stackable" value="true"/>
		<set name="type" value="RECIPE"/>
		<set name="ex_type" value="RECIPE"/>
		<set name="weight" value="30"/>
	</etcitem>
	<etcitem id="5339" name="Recipe: Sealed Majestic Leather Armor(100%)">
		<set name="class" value="RECIPIES"/>
		<set name="crystal_type" value="NONE"/>
		<set name="durability" value="90"/>
		<set name="icon" value="icon.etc_recipe_violet_i00"/>
		<set name="price" value="154600"/>
		<set name="stackable" value="true"/>
		<set name="type" value="RECIPE"/>
		<set name="ex_type" value="RECIPE"/>
		<set name="weight" value="30"/>
	</etcitem>
	<etcitem id="5340" name="Recipe: Sealed Dark Crystal Leggings(60%)">
		<set name="class" value="RECIPIES"/>
		<set name="crystal_type" value="NONE"/>
		<set name="durability" value="90"/>
		<set name="icon" value="icon.etc_recipe_violet_i00"/>
		<set name="price" value="43400"/>
		<set name="stackable" value="true"/>
		<set name="type" value="RECIPE"/>
		<set name="ex_type" value="RECIPE"/>
		<set name="weight" value="30"/>
	</etcitem>
	<etcitem id="5341" name="Recipe: Sealed Dark Crystal Leggings(100%)">
		<set name="class" value="RECIPIES"/>
		<set name="crystal_type" value="NONE"/>
		<set name="durability" value="90"/>
		<set name="icon" value="icon.etc_recipe_violet_i00"/>
		<set name="price" value="43400"/>
		<set name="stackable" value="true"/>
		<set name="type" value="RECIPE"/>
		<set name="ex_type" value="RECIPE"/>
		<set name="weight" value="30"/>
	</etcitem>
	<etcitem id="5342" name="Echo Crystal - Sad Song">
		<set name="reuse_delay" value="44000"/>
		<set name="class" value="RECIPIES"/>
		<set name="crystal_type" value="NONE"/>
		<set name="icon" value="icon.etc_recipe_blue_i00"/>
		<set name="stackable" value="true"/>
		<set name="type" value="RECIPE"/>
		<set name="ex_type" value="RECIPE"/>
		<set name="weight" value="10"/>
	</etcitem>
	<etcitem id="5343" name="Echo Crystal - Holy Song">
		<set name="reuse_delay" value="44000"/>
		<set name="class" value="RECIPIES"/>
		<set name="crystal_type" value="NONE"/>
		<set name="icon" value="icon.etc_recipe_blue_i00"/>
		<set name="stackable" value="true"/>
		<set name="type" value="RECIPE"/>
		<set name="ex_type" value="RECIPE"/>
		<set name="weight" value="10"/>
	</etcitem>
	<etcitem id="5344" name="Recipe: Inferno Earring(70%)">
		<set name="class" value="RECIPIES"/>
		<set name="crystal_type" value="NONE"/>
		<set name="icon" value="icon.etc_recipe_blue_i00"/>
		<set name="price" value="1"/>
		<set name="stackable" value="true"/>
		<set name="type" value="RECIPE"/>
		<set name="ex_type" value="RECIPE"/>
		<set name="weight" value="20"/>
	</etcitem>
	<etcitem id="5345" name="Recipe: Inferno Earring(70%)">
		<set name="class" value="RECIPIES"/>
		<set name="crystal_type" value="NONE"/>
		<set name="icon" value="icon.etc_recipe_blue_i00"/>
		<set name="price" value="1"/>
		<set name="stackable" value="true"/>
		<set name="type" value="RECIPE"/>
		<set name="ex_type" value="RECIPE"/>
		<set name="weight" value="20"/>
	</etcitem>
	<etcitem id="5346" name="Recipe: Sealed Tallum Tunic(60%)">
		<set name="class" value="RECIPIES"/>
		<set name="crystal_type" value="NONE"/>
		<set name="durability" value="90"/>
		<set name="icon" value="icon.etc_recipe_violet_i00"/>
		<set name="price" value="69400"/>
		<set name="stackable" value="true"/>
		<set name="type" value="RECIPE"/>
		<set name="ex_type" value="RECIPE"/>
		<set name="weight" value="30"/>
	</etcitem>
	<etcitem id="5347" name="Recipe: Sealed Tallum Tunic(100%)">
		<set name="class" value="RECIPIES"/>
		<set name="crystal_type" value="NONE"/>
		<set name="durability" value="90"/>
		<set name="icon" value="icon.etc_recipe_violet_i00"/>
		<set name="price" value="69400"/>
		<set name="stackable" value="true"/>
		<set name="type" value="RECIPE"/>
		<set name="ex_type" value="RECIPE"/>
		<set name="weight" value="30"/>
	</etcitem>
	<etcitem id="5348" name="Recipe: Sealed Dark Crystal Robe(60%)">
		<set name="class" value="RECIPIES"/>
		<set name="crystal_type" value="NONE"/>
		<set name="durability" value="90"/>
		<set name="icon" value="icon.etc_recipe_violet_i00"/>
		<set name="price" value="101600"/>
		<set name="stackable" value="true"/>
		<set name="type" value="RECIPE"/>
		<set name="ex_type" value="RECIPE"/>
		<set name="weight" value="30"/>
	</etcitem>
	<etcitem id="5349" name="Recipe: Sealed Dark Crystal Robe(100%)">
		<set name="class" value="RECIPIES"/>
		<set name="crystal_type" value="NONE"/>
		<set name="durability" value="90"/>
		<set name="icon" value="icon.etc_recipe_violet_i00"/>
		<set name="price" value="101600"/>
		<set name="stackable" value="true"/>
		<set name="type" value="RECIPE"/>
		<set name="ex_type" value="RECIPE"/>
		<set name="weight" value="30"/>
	</etcitem>
	<etcitem id="5350" name="Recipe: Sealed Nightmare Robe(60%)">
		<set name="class" value="RECIPIES"/>
		<set name="crystal_type" value="NONE"/>
		<set name="durability" value="90"/>
		<set name="icon" value="icon.etc_recipe_violet_i00"/>
		<set name="price" value="154600"/>
		<set name="stackable" value="true"/>
		<set name="type" value="RECIPE"/>
		<set name="ex_type" value="RECIPE"/>
		<set name="weight" value="30"/>
	</etcitem>
	<etcitem id="5351" name="Recipe: Sealed Nightmare Robe(100%)">
		<set name="class" value="RECIPIES"/>
		<set name="crystal_type" value="NONE"/>
		<set name="durability" value="90"/>
		<set name="icon" value="icon.etc_recipe_violet_i00"/>
		<set name="price" value="154600"/>
		<set name="stackable" value="true"/>
		<set name="type" value="RECIPE"/>
		<set name="ex_type" value="RECIPE"/>
		<set name="weight" value="30"/>
	</etcitem>
	<etcitem id="5352" name="Recipe: Sealed Majestic Robe(60%)">
		<set name="class" value="RECIPIES"/>
		<set name="crystal_type" value="NONE"/>
		<set name="durability" value="90"/>
		<set name="icon" value="icon.etc_recipe_violet_i00"/>
		<set name="price" value="154600"/>
		<set name="stackable" value="true"/>
		<set name="type" value="RECIPE"/>
		<set name="ex_type" value="RECIPE"/>
		<set name="weight" value="30"/>
	</etcitem>
	<etcitem id="5353" name="Recipe: Sealed Majestic Robe(100%)">
		<set name="class" value="RECIPIES"/>
		<set name="crystal_type" value="NONE"/>
		<set name="durability" value="90"/>
		<set name="icon" value="icon.etc_recipe_violet_i00"/>
		<set name="price" value="154600"/>
		<set name="stackable" value="true"/>
		<set name="type" value="RECIPE"/>
		<set name="ex_type" value="RECIPE"/>
		<set name="weight" value="30"/>
	</etcitem>
	<etcitem id="5354" name="Recipe: Sealed Tallum Stockings(60%)">
		<set name="class" value="RECIPIES"/>
		<set name="crystal_type" value="NONE"/>
		<set name="durability" value="90"/>
		<set name="icon" value="icon.etc_recipe_violet_i00"/>
		<set name="price" value="43400"/>
		<set name="stackable" value="true"/>
		<set name="type" value="RECIPE"/>
		<set name="ex_type" value="RECIPE"/>
		<set name="weight" value="30"/>
	</etcitem>
	<etcitem id="5355" name="Recipe: Sealed Tallum Stockings(100%)">
		<set name="class" value="RECIPIES"/>
		<set name="crystal_type" value="NONE"/>
		<set name="durability" value="90"/>
		<set name="icon" value="icon.etc_recipe_violet_i00"/>
		<set name="price" value="43400"/>
		<set name="stackable" value="true"/>
		<set name="type" value="RECIPE"/>
		<set name="ex_type" value="RECIPE"/>
		<set name="weight" value="30"/>
	</etcitem>
	<etcitem id="5356" name="Recipe: Phoenix Necklace(70%)">
		<set name="class" value="RECIPIES"/>
		<set name="crystal_type" value="NONE"/>
		<set name="icon" value="icon.etc_recipe_blue_i00"/>
		<set name="price" value="1"/>
		<set name="stackable" value="true"/>
		<set name="type" value="RECIPE"/>
		<set name="ex_type" value="RECIPE"/>
		<set name="weight" value="20"/>
	</etcitem>
	<etcitem id="5357" name="Recipe: Phoenix Necklace(100%)">
		<set name="class" value="RECIPIES"/>
		<set name="crystal_type" value="NONE"/>
		<set name="icon" value="icon.etc_recipe_blue_i00"/>
		<set name="price" value="1"/>
		<set name="stackable" value="true"/>
		<set name="type" value="RECIPE"/>
		<set name="ex_type" value="RECIPE"/>
		<set name="weight" value="20"/>
	</etcitem>
	<etcitem id="5358" name="Recipe: Inferno Necklace(70%)">
		<set name="class" value="RECIPIES"/>
		<set name="crystal_type" value="NONE"/>
		<set name="icon" value="icon.etc_recipe_blue_i00"/>
		<set name="price" value="1"/>
		<set name="stackable" value="true"/>
		<set name="type" value="RECIPE"/>
		<set name="ex_type" value="RECIPE"/>
		<set name="weight" value="20"/>
	</etcitem>
	<etcitem id="5359" name="Recipe: Inferno Necklace(100%)">
		<set name="class" value="RECIPIES"/>
		<set name="crystal_type" value="NONE"/>
		<set name="icon" value="icon.etc_recipe_blue_i00"/>
		<set name="price" value="1"/>
		<set name="stackable" value="true"/>
		<set name="type" value="RECIPE"/>
		<set name="ex_type" value="RECIPE"/>
		<set name="weight" value="20"/>
	</etcitem>
	<etcitem id="5360" name="Recipe: Phoenix Ring(70%)">
		<set name="class" value="RECIPIES"/>
		<set name="crystal_type" value="NONE"/>
		<set name="icon" value="icon.etc_recipe_blue_i00"/>
		<set name="price" value="1"/>
		<set name="stackable" value="true"/>
		<set name="type" value="RECIPE"/>
		<set name="ex_type" value="RECIPE"/>
		<set name="weight" value="20"/>
	</etcitem>
	<etcitem id="5361" name="Recipe: Phoenix Ring(100%)">
		<set name="class" value="RECIPIES"/>
		<set name="crystal_type" value="NONE"/>
		<set name="icon" value="icon.etc_recipe_blue_i00"/>
		<set name="price" value="1"/>
		<set name="stackable" value="true"/>
		<set name="type" value="RECIPE"/>
		<set name="ex_type" value="RECIPE"/>
		<set name="weight" value="20"/>
	</etcitem>
	<etcitem id="5362" name="Recipe: Inferno Ring(70%)">
		<set name="class" value="RECIPIES"/>
		<set name="crystal_type" value="NONE"/>
		<set name="icon" value="icon.etc_recipe_blue_i00"/>
		<set name="price" value="1"/>
		<set name="stackable" value="true"/>
		<set name="type" value="RECIPE"/>
		<set name="ex_type" value="RECIPE"/>
		<set name="weight" value="20"/>
	</etcitem>
	<etcitem id="5363" name="Recipe: Inferno Ring(100%)">
		<set name="class" value="RECIPIES"/>
		<set name="crystal_type" value="NONE"/>
		<set name="icon" value="icon.etc_recipe_blue_i00"/>
		<set name="price" value="1"/>
		<set name="stackable" value="true"/>
		<set name="type" value="RECIPE"/>
		<set name="ex_type" value="RECIPE"/>
		<set name="weight" value="20"/>
	</etcitem>
	<etcitem id="5364" name="Recipe: Sealed Dark Crystal Shield(60%)">
		<set name="class" value="RECIPIES"/>
		<set name="crystal_type" value="NONE"/>
		<set name="durability" value="90"/>
		<set name="icon" value="icon.etc_recipe_violet_i00"/>
		<set name="price" value="24400"/>
		<set name="stackable" value="true"/>
		<set name="type" value="RECIPE"/>
		<set name="ex_type" value="RECIPE"/>
		<set name="weight" value="30"/>
	</etcitem>
	<etcitem id="5365" name="Recipe: Sealed Dark Crystal Shield(100%)">
		<set name="class" value="RECIPIES"/>
		<set name="crystal_type" value="NONE"/>
		<set name="durability" value="90"/>
		<set name="icon" value="icon.etc_recipe_violet_i00"/>
		<set name="price" value="24400"/>
		<set name="stackable" value="true"/>
		<set name="type" value="RECIPE"/>
		<set name="ex_type" value="RECIPE"/>
		<set name="weight" value="30"/>
	</etcitem>
	<etcitem id="5366" name="Recipe: Sealed Shield of Nightmare(60%)">
		<set name="class" value="RECIPIES"/>
		<set name="crystal_type" value="NONE"/>
		<set name="durability" value="90"/>
		<set name="icon" value="icon.etc_recipe_violet_i00"/>
		<set name="price" value="37000"/>
		<set name="stackable" value="true"/>
		<set name="type" value="RECIPE"/>
		<set name="ex_type" value="RECIPE"/>
		<set name="weight" value="30"/>
	</etcitem>
	<etcitem id="5367" name="Recipe: Sealed Shield of Nightmare(100%)">
		<set name="class" value="RECIPIES"/>
		<set name="crystal_type" value="NONE"/>
		<set name="durability" value="90"/>
		<set name="icon" value="icon.etc_recipe_violet_i00"/>
		<set name="price" value="37000"/>
		<set name="stackable" value="true"/>
		<set name="type" value="RECIPE"/>
		<set name="ex_type" value="RECIPE"/>
		<set name="weight" value="30"/>
	</etcitem>
	<etcitem id="5368" name="Recipe: Sealed Dark Crystal Boots(60%)">
		<set name="class" value="RECIPIES"/>
		<set name="crystal_type" value="NONE"/>
		<set name="durability" value="90"/>
		<set name="icon" value="icon.etc_recipe_violet_i00"/>
		<set name="price" value="23200"/>
		<set name="stackable" value="true"/>
		<set name="type" value="RECIPE"/>
		<set name="ex_type" value="RECIPE"/>
		<set name="weight" value="30"/>
	</etcitem>
	<etcitem id="5369" name="Recipe: Sealed Dark Crystal Boots(100%)">
		<set name="class" value="RECIPIES"/>
		<set name="crystal_type" value="NONE"/>
		<set name="durability" value="90"/>
		<set name="icon" value="icon.etc_recipe_violet_i00"/>
		<set name="price" value="23200"/>
		<set name="stackable" value="true"/>
		<set name="type" value="RECIPE"/>
		<set name="ex_type" value="RECIPE"/>
		<set name="weight" value="30"/>
	</etcitem>
	<etcitem id="5370" name="Recipe: Sealed Tallum Boots(60%)">
		<set name="class" value="RECIPIES"/>
		<set name="crystal_type" value="NONE"/>
		<set name="durability" value="90"/>
		<set name="icon" value="icon.etc_recipe_violet_i00"/>
		<set name="price" value="23200"/>
		<set name="stackable" value="true"/>
		<set name="type" value="RECIPE"/>
		<set name="ex_type" value="RECIPE"/>
		<set name="weight" value="30"/>
	</etcitem>
	<etcitem id="5371" name="Recipe: Sealed Tallum Boots(100%)">
		<set name="class" value="RECIPIES"/>
		<set name="crystal_type" value="NONE"/>
		<set name="durability" value="90"/>
		<set name="icon" value="icon.etc_recipe_violet_i00"/>
		<set name="price" value="23200"/>
		<set name="stackable" value="true"/>
		<set name="type" value="RECIPE"/>
		<set name="ex_type" value="RECIPE"/>
		<set name="weight" value="30"/>
	</etcitem>
	<etcitem id="5372" name="Recipe: Sealed Boots of the Underworld(60%)">
		<set name="class" value="RECIPIES"/>
		<set name="crystal_type" value="NONE"/>
		<set name="durability" value="90"/>
		<set name="icon" value="icon.etc_recipe_violet_i00"/>
		<set name="price" value="23200"/>
		<set name="stackable" value="true"/>
		<set name="type" value="RECIPE"/>
		<set name="ex_type" value="RECIPE"/>
		<set name="weight" value="30"/>
	</etcitem>
	<etcitem id="5373" name="Recipe: Sealed Boots of the Underworld(100%)">
		<set name="class" value="RECIPIES"/>
		<set name="crystal_type" value="NONE"/>
		<set name="durability" value="90"/>
		<set name="icon" value="icon.etc_recipe_violet_i00"/>
		<set name="price" value="23200"/>
		<set name="stackable" value="true"/>
		<set name="type" value="RECIPE"/>
		<set name="ex_type" value="RECIPE"/>
		<set name="weight" value="30"/>
	</etcitem>
	<etcitem id="5374" name="Recipe: Sealed Gust Boots(60%)">
		<set name="class" value="RECIPIES"/>
		<set name="crystal_type" value="NONE"/>
		<set name="durability" value="90"/>
		<set name="icon" value="icon.etc_recipe_violet_i00"/>
		<set name="price" value="23200"/>
		<set name="stackable" value="true"/>
		<set name="type" value="RECIPE"/>
		<set name="ex_type" value="RECIPE"/>
		<set name="weight" value="30"/>
	</etcitem>
	<etcitem id="5375" name="Recipe: Sealed Gust Boots(100%)">
		<set name="class" value="RECIPIES"/>
		<set name="crystal_type" value="NONE"/>
		<set name="durability" value="90"/>
		<set name="icon" value="icon.etc_recipe_violet_i00"/>
		<set name="price" value="23200"/>
		<set name="stackable" value="true"/>
		<set name="type" value="RECIPE"/>
		<set name="ex_type" value="RECIPE"/>
		<set name="weight" value="30"/>
	</etcitem>
	<etcitem id="5376" name="Recipe: Sealed Red Flame Boots(60%)">
		<set name="class" value="RECIPIES"/>
		<set name="crystal_type" value="NONE"/>
		<set name="durability" value="90"/>
		<set name="icon" value="icon.etc_recipe_violet_i00"/>
		<set name="price" value="23200"/>
		<set name="stackable" value="true"/>
		<set name="type" value="RECIPE"/>
		<set name="ex_type" value="RECIPE"/>
		<set name="weight" value="30"/>
	</etcitem>
	<etcitem id="5377" name="Recipe: Sealed Red Flame Boots(100%)">
		<set name="class" value="RECIPIES"/>
		<set name="crystal_type" value="NONE"/>
		<set name="durability" value="90"/>
		<set name="icon" value="icon.etc_recipe_violet_i00"/>
		<set name="price" value="23200"/>
		<set name="stackable" value="true"/>
		<set name="type" value="RECIPE"/>
		<set name="ex_type" value="RECIPE"/>
		<set name="weight" value="30"/>
	</etcitem>
	<etcitem id="5378" name="Recipe: Sealed Phoenix Boots(60%)">
		<set name="class" value="RECIPIES"/>
		<set name="crystal_type" value="NONE"/>
		<set name="durability" value="90"/>
		<set name="icon" value="icon.etc_recipe_violet_i00"/>
		<set name="price" value="23200"/>
		<set name="stackable" value="true"/>
		<set name="type" value="RECIPE"/>
		<set name="ex_type" value="RECIPE"/>
		<set name="weight" value="30"/>
	</etcitem>
	<etcitem id="5379" name="Recipe: Sealed Phoenix Boots(100%)">
		<set name="class" value="RECIPIES"/>
		<set name="crystal_type" value="NONE"/>
		<set name="durability" value="90"/>
		<set name="icon" value="icon.etc_recipe_violet_i00"/>
		<set name="price" value="23200"/>
		<set name="stackable" value="true"/>
		<set name="type" value="RECIPE"/>
		<set name="ex_type" value="RECIPE"/>
		<set name="weight" value="30"/>
	</etcitem>
	<etcitem id="5380" name="Recipe: Sealed Boots of Nightmare(60%)">
		<set name="class" value="RECIPIES"/>
		<set name="crystal_type" value="NONE"/>
		<set name="durability" value="90"/>
		<set name="icon" value="icon.etc_recipe_violet_i00"/>
		<set name="price" value="35200"/>
		<set name="stackable" value="true"/>
		<set name="type" value="RECIPE"/>
		<set name="ex_type" value="RECIPE"/>
		<set name="weight" value="30"/>
	</etcitem>
	<etcitem id="5381" name="Recipe: Sealed Boots of Nightmare(100%)">
		<set name="class" value="RECIPIES"/>
		<set name="crystal_type" value="NONE"/>
		<set name="durability" value="90"/>
		<set name="icon" value="icon.etc_recipe_violet_i00"/>
		<set name="price" value="35200"/>
		<set name="stackable" value="true"/>
		<set name="type" value="RECIPE"/>
		<set name="ex_type" value="RECIPE"/>
		<set name="weight" value="30"/>
	</etcitem>
	<etcitem id="5382" name="Recipe: Sealed Majestic Boots(60%)">
		<set name="class" value="RECIPIES"/>
		<set name="crystal_type" value="NONE"/>
		<set name="durability" value="90"/>
		<set name="icon" value="icon.etc_recipe_violet_i00"/>
		<set name="price" value="35200"/>
		<set name="stackable" value="true"/>
		<set name="type" value="RECIPE"/>
		<set name="ex_type" value="RECIPE"/>
		<set name="weight" value="30"/>
	</etcitem>
	<etcitem id="5383" name="Recipe: Sealed Majestic Boots(100%)">
		<set name="class" value="RECIPIES"/>
		<set name="crystal_type" value="NONE"/>
		<set name="durability" value="90"/>
		<set name="icon" value="icon.etc_recipe_violet_i00"/>
		<set name="price" value="35200"/>
		<set name="stackable" value="true"/>
		<set name="type" value="RECIPE"/>
		<set name="ex_type" value="RECIPE"/>
		<set name="weight" value="30"/>
	</etcitem>
	<etcitem id="5384" name="Recipe: Sealed Dark Legion Boots(60%)">
		<set name="class" value="RECIPIES"/>
		<set name="crystal_type" value="NONE"/>
		<set name="durability" value="90"/>
		<set name="icon" value="icon.etc_recipe_violet_i00"/>
		<set name="price" value="35200"/>
		<set name="stackable" value="true"/>
		<set name="type" value="RECIPE"/>
		<set name="ex_type" value="RECIPE"/>
		<set name="weight" value="30"/>
	</etcitem>
	<etcitem id="5385" name="Recipe: Sealed Dark Legion Boots(100%)">
		<set name="class" value="RECIPIES"/>
		<set name="crystal_type" value="NONE"/>
		<set name="durability" value="90"/>
		<set name="icon" value="icon.etc_recipe_violet_i00"/>
		<set name="price" value="35200"/>
		<set name="stackable" value="true"/>
		<set name="type" value="RECIPE"/>
		<set name="ex_type" value="RECIPE"/>
		<set name="weight" value="30"/>
	</etcitem>
	<etcitem id="5386" name="Recipe: Sealed Boots of Phantom(60%)">
		<set name="class" value="RECIPIES"/>
		<set name="crystal_type" value="NONE"/>
		<set name="durability" value="90"/>
		<set name="icon" value="icon.etc_recipe_violet_i00"/>
		<set name="price" value="35200"/>
		<set name="stackable" value="true"/>
		<set name="type" value="RECIPE"/>
		<set name="ex_type" value="RECIPE"/>
		<set name="weight" value="30"/>
	</etcitem>
	<etcitem id="5387" name="Recipe: Sealed Boots of Phantom(100%)">
		<set name="class" value="RECIPIES"/>
		<set name="crystal_type" value="NONE"/>
		<set name="durability" value="90"/>
		<set name="icon" value="icon.etc_recipe_violet_i00"/>
		<set name="price" value="35200"/>
		<set name="stackable" value="true"/>
		<set name="type" value="RECIPE"/>
		<set name="ex_type" value="RECIPE"/>
		<set name="weight" value="30"/>
	</etcitem>
	<etcitem id="5388" name="Recipe: Sealed Cerberus Boots(60%)">
		<set name="class" value="RECIPIES"/>
		<set name="crystal_type" value="NONE"/>
		<set name="durability" value="90"/>
		<set name="icon" value="icon.etc_recipe_violet_i00"/>
		<set name="price" value="35200"/>
		<set name="stackable" value="true"/>
		<set name="type" value="RECIPE"/>
		<set name="ex_type" value="RECIPE"/>
		<set name="weight" value="30"/>
	</etcitem>
	<etcitem id="5389" name="Recipe: Sealed Cerberus Boots(100%)">
		<set name="class" value="RECIPIES"/>
		<set name="crystal_type" value="NONE"/>
		<set name="durability" value="90"/>
		<set name="icon" value="icon.etc_recipe_violet_i00"/>
		<set name="price" value="35200"/>
		<set name="stackable" value="true"/>
		<set name="type" value="RECIPE"/>
		<set name="ex_type" value="RECIPE"/>
		<set name="weight" value="30"/>
	</etcitem>
	<etcitem id="5390" name="Recipe: Sealed Dasparion's Boots Boots(60%)">
		<set name="class" value="RECIPIES"/>
		<set name="crystal_type" value="NONE"/>
		<set name="durability" value="90"/>
		<set name="icon" value="icon.etc_recipe_violet_i00"/>
		<set name="price" value="35200"/>
		<set name="stackable" value="true"/>
		<set name="type" value="RECIPE"/>
		<set name="ex_type" value="RECIPE"/>
		<set name="weight" value="30"/>
	</etcitem>
	<etcitem id="5391" name="Recipe: Sealed Dasparion's Boots Boots(100%)">
		<set name="class" value="RECIPIES"/>
		<set name="crystal_type" value="NONE"/>
		<set name="durability" value="90"/>
		<set name="icon" value="icon.etc_recipe_violet_i00"/>
		<set name="price" value="35200"/>
		<set name="stackable" value="true"/>
		<set name="type" value="RECIPE"/>
		<set name="ex_type" value="RECIPE"/>
		<set name="weight" value="30"/>
	</etcitem>
	<etcitem id="5392" name="Recipe: Sealed Dark Crystal Gloves(60%)">
		<set name="class" value="RECIPIES"/>
		<set name="crystal_type" value="NONE"/>
		<set name="durability" value="90"/>
		<set name="icon" value="icon.etc_recipe_violet_i00"/>
		<set name="price" value="23200"/>
		<set name="stackable" value="true"/>
		<set name="type" value="RECIPE"/>
		<set name="ex_type" value="RECIPE"/>
		<set name="weight" value="30"/>
	</etcitem>
	<etcitem id="5393" name="Recipe: Sealed Dark Crystal Gloves(100%)">
		<set name="class" value="RECIPIES"/>
		<set name="crystal_type" value="NONE"/>
		<set name="durability" value="90"/>
		<set name="icon" value="icon.etc_recipe_violet_i00"/>
		<set name="price" value="23200"/>
		<set name="stackable" value="true"/>
		<set name="type" value="RECIPE"/>
		<set name="ex_type" value="RECIPE"/>
		<set name="weight" value="30"/>
	</etcitem>
	<etcitem id="5394" name="Recipe: Sealed Tallum Gloves(60%)">
		<set name="class" value="RECIPIES"/>
		<set name="crystal_type" value="NONE"/>
		<set name="durability" value="90"/>
		<set name="icon" value="icon.etc_recipe_violet_i00"/>
		<set name="price" value="23200"/>
		<set name="stackable" value="true"/>
		<set name="type" value="RECIPE"/>
		<set name="ex_type" value="RECIPE"/>
		<set name="weight" value="30"/>
	</etcitem>
	<etcitem id="5395" name="Recipe: Sealed Tallum Gloves(100%)">
		<set name="class" value="RECIPIES"/>
		<set name="crystal_type" value="NONE"/>
		<set name="durability" value="90"/>
		<set name="icon" value="icon.etc_recipe_violet_i00"/>
		<set name="price" value="23200"/>
		<set name="stackable" value="true"/>
		<set name="type" value="RECIPE"/>
		<set name="ex_type" value="RECIPE"/>
		<set name="weight" value="30"/>
	</etcitem>
	<etcitem id="5396" name="Recipe: Sealed Gloves of the Underworld(60%)">
		<set name="class" value="RECIPIES"/>
		<set name="crystal_type" value="NONE"/>
		<set name="durability" value="90"/>
		<set name="icon" value="icon.etc_recipe_violet_i00"/>
		<set name="price" value="23200"/>
		<set name="stackable" value="true"/>
		<set name="type" value="RECIPE"/>
		<set name="ex_type" value="RECIPE"/>
		<set name="weight" value="30"/>
	</etcitem>
	<etcitem id="5397" name="Recipe: Sealed Gloves of the Underworld(100%)">
		<set name="class" value="RECIPIES"/>
		<set name="crystal_type" value="NONE"/>
		<set name="durability" value="90"/>
		<set name="icon" value="icon.etc_recipe_violet_i00"/>
		<set name="price" value="23200"/>
		<set name="stackable" value="true"/>
		<set name="type" value="RECIPE"/>
		<set name="ex_type" value="RECIPE"/>
		<set name="weight" value="30"/>
	</etcitem>
	<etcitem id="5398" name="Recipe: Sealed Gust Bracer(60%)">
		<set name="class" value="RECIPIES"/>
		<set name="crystal_type" value="NONE"/>
		<set name="durability" value="90"/>
		<set name="icon" value="icon.etc_recipe_violet_i00"/>
		<set name="price" value="23200"/>
		<set name="stackable" value="true"/>
		<set name="type" value="RECIPE"/>
		<set name="ex_type" value="RECIPE"/>
		<set name="weight" value="30"/>
	</etcitem>
	<etcitem id="5399" name="Recipe: Sealed Gust Bracer(100%)">
		<set name="class" value="RECIPIES"/>
		<set name="crystal_type" value="NONE"/>
		<set name="durability" value="90"/>
		<set name="icon" value="icon.etc_recipe_violet_i00"/>
		<set name="price" value="23200"/>
		<set name="stackable" value="true"/>
		<set name="type" value="RECIPE"/>
		<set name="ex_type" value="RECIPE"/>
		<set name="weight" value="30"/>
	</etcitem>
</list>
