<?xml version="1.0" encoding="UTF-8"?>
<!DOCTYPE list SYSTEM "item.dtd">
<list>
	<etcitem id="6100" name="Trash" add_name="Trash">
		<set name="class" value="OTHER"/>
		<set name="ex_type" value="OTHER_ITEMS"/>
		<set name="crystal_type" value="NONE"/>
		<set name="dropable" value="false"/>
		<set name="icon" value="icon.mticket_bow_fix_i00"/>
		<set name="price" value="30000"/>
		<set name="stackable" value="true"/>
		<set name="tradeable" value="false"/>
		<set name="type" value="MERCENARY_TICKET"/>
	</etcitem>
	<etcitem id="6101" name="Trash" add_name="Trash">
		<set name="class" value="OTHER"/>
		<set name="ex_type" value="OTHER_ITEMS"/>
		<set name="crystal_type" value="NONE"/>
		<set name="dropable" value="false"/>
		<set name="icon" value="icon.mticket_cleric_fix_i00"/>
		<set name="price" value="30000"/>
		<set name="stackable" value="true"/>
		<set name="tradeable" value="false"/>
		<set name="type" value="MERCENARY_TICKET"/>
	</etcitem>
	<etcitem id="6102" name="Trash" add_name="Trash">
		<set name="class" value="OTHER"/>
		<set name="ex_type" value="OTHER_ITEMS"/>
		<set name="crystal_type" value="NONE"/>
		<set name="dropable" value="false"/>
		<set name="icon" value="icon.mticket_wizard_fix_i00"/>
		<set name="price" value="30000"/>
		<set name="stackable" value="true"/>
		<set name="tradeable" value="false"/>
		<set name="type" value="MERCENARY_TICKET"/>
	</etcitem>
	<etcitem id="6103" name="Trash" add_name="Trash">
		<set name="class" value="OTHER"/>
		<set name="ex_type" value="OTHER_ITEMS"/>
		<set name="crystal_type" value="NONE"/>
		<set name="dropable" value="false"/>
		<set name="icon" value="icon.mticket_sword_move_i00"/>
		<set name="price" value="30000"/>
		<set name="stackable" value="true"/>
		<set name="tradeable" value="false"/>
		<set name="type" value="MERCENARY_TICKET"/>
	</etcitem>
	<etcitem id="6104" name="Trash" add_name="Trash">
		<set name="class" value="OTHER"/>
		<set name="ex_type" value="OTHER_ITEMS"/>
		<set name="crystal_type" value="NONE"/>
		<set name="dropable" value="false"/>
		<set name="icon" value="icon.mticket_pole_move_i00"/>
		<set name="price" value="30000"/>
		<set name="stackable" value="true"/>
		<set name="tradeable" value="false"/>
		<set name="type" value="MERCENARY_TICKET"/>
	</etcitem>
	<etcitem id="6105" name="Greater Mercenary Posting Ticket (Sword/Stationary)">
		<set name="class" value="OTHER"/>
		<set name="ex_type" value="OTHER_ITEMS"/>
		<set name="crystal_type" value="NONE"/>
		<set name="dropable" value="false"/>
		<set name="icon" value="icon.mticket_sword_fix_i00"/>
		<set name="price" value="80000"/>
		<set name="stackable" value="true"/>
		<set name="tradeable" value="false"/>
		<set name="type" value="MERCENARY_TICKET"/>
	</etcitem>
	<etcitem id="6106" name="Greater Mercenary Posting Ticket (Spear/Stationary)">
		<set name="class" value="OTHER"/>
		<set name="ex_type" value="OTHER_ITEMS"/>
		<set name="crystal_type" value="NONE"/>
		<set name="dropable" value="false"/>
		<set name="icon" value="icon.mticket_pole_fix_i00"/>
		<set name="price" value="100000"/>
		<set name="stackable" value="true"/>
		<set name="tradeable" value="false"/>
		<set name="type" value="MERCENARY_TICKET"/>
	</etcitem>
	<etcitem id="6107" name="Greater Mercenary Posting Ticket (Bow/Stationary)">
		<set name="class" value="OTHER"/>
		<set name="ex_type" value="OTHER_ITEMS"/>
		<set name="crystal_type" value="NONE"/>
		<set name="dropable" value="false"/>
		<set name="icon" value="icon.mticket_bow_fix_i00"/>
		<set name="price" value="120000"/>
		<set name="stackable" value="true"/>
		<set name="tradeable" value="false"/>
		<set name="type" value="MERCENARY_TICKET"/>
	</etcitem>
	<etcitem id="6108" name="Greater Mercenary Posting Ticket (Cleric/Stationary)">
		<set name="class" value="OTHER"/>
		<set name="ex_type" value="OTHER_ITEMS"/>
		<set name="crystal_type" value="NONE"/>
		<set name="dropable" value="false"/>
		<set name="icon" value="icon.mticket_cleric_fix_i00"/>
		<set name="price" value="250000"/>
		<set name="stackable" value="true"/>
		<set name="tradeable" value="false"/>
		<set name="type" value="MERCENARY_TICKET"/>
	</etcitem>
	<etcitem id="6109" name="Greater Mercenary Posting Ticket (Wizard/Stationary)">
		<set name="class" value="OTHER"/>
		<set name="ex_type" value="OTHER_ITEMS"/>
		<set name="crystal_type" value="NONE"/>
		<set name="dropable" value="false"/>
		<set name="icon" value="icon.mticket_wizard_fix_i00"/>
		<set name="price" value="250000"/>
		<set name="stackable" value="true"/>
		<set name="tradeable" value="false"/>
		<set name="type" value="MERCENARY_TICKET"/>
	</etcitem>
	<etcitem id="6110" name="Greater Mercenary Posting Ticket (Sword/Mobile)">
		<set name="class" value="OTHER"/>
		<set name="ex_type" value="OTHER_ITEMS"/>
		<set name="crystal_type" value="NONE"/>
		<set name="dropable" value="false"/>
		<set name="icon" value="icon.mticket_sword_move_i00"/>
		<set name="price" value="80000"/>
		<set name="stackable" value="true"/>
		<set name="tradeable" value="false"/>
		<set name="type" value="MERCENARY_TICKET"/>
	</etcitem>
	<etcitem id="6111" name="Greater Mercenary Posting Ticket (Spear/Mobile)">
		<set name="class" value="OTHER"/>
		<set name="ex_type" value="OTHER_ITEMS"/>
		<set name="crystal_type" value="NONE"/>
		<set name="dropable" value="false"/>
		<set name="icon" value="icon.mticket_pole_move_i00"/>
		<set name="price" value="100000"/>
		<set name="stackable" value="true"/>
		<set name="tradeable" value="false"/>
		<set name="type" value="MERCENARY_TICKET"/>
	</etcitem>
	<etcitem id="6112" name="Greater Mercenary Posting Ticket (Bow/Mobile)">
		<set name="class" value="OTHER"/>
		<set name="ex_type" value="OTHER_ITEMS"/>
		<set name="crystal_type" value="NONE"/>
		<set name="dropable" value="false"/>
		<set name="icon" value="icon.mticket_bow_move_i00"/>
		<set name="price" value="120000"/>
		<set name="stackable" value="true"/>
		<set name="tradeable" value="false"/>
		<set name="type" value="MERCENARY_TICKET"/>
	</etcitem>
	<etcitem id="6113" name="Greater Mercenary Posting Ticket (Cleric/Mobile)">
		<set name="class" value="OTHER"/>
		<set name="ex_type" value="OTHER_ITEMS"/>
		<set name="crystal_type" value="NONE"/>
		<set name="dropable" value="false"/>
		<set name="icon" value="icon.mticket_cleric_move_i00"/>
		<set name="price" value="250000"/>
		<set name="stackable" value="true"/>
		<set name="tradeable" value="false"/>
		<set name="type" value="MERCENARY_TICKET"/>
	</etcitem>
	<etcitem id="6114" name="Greater Mercenary Posting Ticket (Wizard/Mobile)">
		<set name="class" value="OTHER"/>
		<set name="ex_type" value="OTHER_ITEMS"/>
		<set name="crystal_type" value="NONE"/>
		<set name="dropable" value="false"/>
		<set name="icon" value="icon.mticket_wizard_move_i00"/>
		<set name="price" value="250000"/>
		<set name="stackable" value="true"/>
		<set name="tradeable" value="false"/>
		<set name="type" value="MERCENARY_TICKET"/>
	</etcitem>
	<etcitem id="6115" name="Dawn Mercenary Posting Ticket (Sword/Stationary)">
		<set name="class" value="OTHER"/>
		<set name="ex_type" value="OTHER_ITEMS"/>
		<set name="crystal_type" value="NONE"/>
		<set name="dropable" value="false"/>
		<set name="icon" value="icon.mticket_sword_fix_i00"/>
		<set name="price" value="140000"/>
		<set name="stackable" value="true"/>
		<set name="tradeable" value="false"/>
		<set name="type" value="MERCENARY_TICKET"/>
	</etcitem>
	<etcitem id="6116" name="Dawn Mercenary Posting Ticket (Spear/Stationary)">
		<set name="class" value="OTHER"/>
		<set name="ex_type" value="OTHER_ITEMS"/>
		<set name="crystal_type" value="NONE"/>
		<set name="dropable" value="false"/>
		<set name="icon" value="icon.mticket_pole_fix_i00"/>
		<set name="price" value="170000"/>
		<set name="stackable" value="true"/>
		<set name="tradeable" value="false"/>
		<set name="type" value="MERCENARY_TICKET"/>
	</etcitem>
	<etcitem id="6117" name="Dawn Mercenary Posting Ticket (Bow/Stationary)">
		<set name="class" value="OTHER"/>
		<set name="ex_type" value="OTHER_ITEMS"/>
		<set name="crystal_type" value="NONE"/>
		<set name="dropable" value="false"/>
		<set name="icon" value="icon.mticket_bow_fix_i00"/>
		<set name="price" value="200000"/>
		<set name="stackable" value="true"/>
		<set name="tradeable" value="false"/>
		<set name="type" value="MERCENARY_TICKET"/>
	</etcitem>
	<etcitem id="6118" name="Dawn Mercenary Posting Ticket (Cleric/Stationary)">
		<set name="class" value="OTHER"/>
		<set name="ex_type" value="OTHER_ITEMS"/>
		<set name="crystal_type" value="NONE"/>
		<set name="dropable" value="false"/>
		<set name="icon" value="icon.mticket_cleric_fix_i00"/>
		<set name="price" value="350000"/>
		<set name="stackable" value="true"/>
		<set name="tradeable" value="false"/>
		<set name="type" value="MERCENARY_TICKET"/>
	</etcitem>
	<etcitem id="6119" name="Dawn Mercenary Posting Ticket (Wizard/Stationary)">
		<set name="class" value="OTHER"/>
		<set name="ex_type" value="OTHER_ITEMS"/>
		<set name="crystal_type" value="NONE"/>
		<set name="dropable" value="false"/>
		<set name="icon" value="icon.mticket_wizard_fix_i00"/>
		<set name="price" value="350000"/>
		<set name="stackable" value="true"/>
		<set name="tradeable" value="false"/>
		<set name="type" value="MERCENARY_TICKET"/>
	</etcitem>
	<etcitem id="6120" name="Dawn Mercenary Posting Ticket (Sword/Mobile)">
		<set name="class" value="OTHER"/>
		<set name="ex_type" value="OTHER_ITEMS"/>
		<set name="crystal_type" value="NONE"/>
		<set name="dropable" value="false"/>
		<set name="icon" value="icon.mticket_sword_move_i00"/>
		<set name="price" value="140000"/>
		<set name="stackable" value="true"/>
		<set name="tradeable" value="false"/>
		<set name="type" value="MERCENARY_TICKET"/>
	</etcitem>
	<etcitem id="6121" name="Dawn Mercenary Posting Ticket (Spear/Mobile)">
		<set name="class" value="OTHER"/>
		<set name="ex_type" value="OTHER_ITEMS"/>
		<set name="crystal_type" value="NONE"/>
		<set name="dropable" value="false"/>
		<set name="icon" value="icon.mticket_pole_move_i00"/>
		<set name="price" value="170000"/>
		<set name="stackable" value="true"/>
		<set name="tradeable" value="false"/>
		<set name="type" value="MERCENARY_TICKET"/>
	</etcitem>
	<etcitem id="6122" name="Dawn Mercenary Posting Ticket (Bow/Mobile)">
		<set name="class" value="OTHER"/>
		<set name="ex_type" value="OTHER_ITEMS"/>
		<set name="crystal_type" value="NONE"/>
		<set name="dropable" value="false"/>
		<set name="icon" value="icon.mticket_bow_move_i00"/>
		<set name="price" value="200000"/>
		<set name="stackable" value="true"/>
		<set name="tradeable" value="false"/>
		<set name="type" value="MERCENARY_TICKET"/>
	</etcitem>
	<etcitem id="6123" name="Dawn Mercenary Posting Ticket (Cleric/Mobile)">
		<set name="class" value="OTHER"/>
		<set name="ex_type" value="OTHER_ITEMS"/>
		<set name="crystal_type" value="NONE"/>
		<set name="dropable" value="false"/>
		<set name="icon" value="icon.mticket_cleric_move_i00"/>
		<set name="price" value="350000"/>
		<set name="stackable" value="true"/>
		<set name="tradeable" value="false"/>
		<set name="type" value="MERCENARY_TICKET"/>
	</etcitem>
	<etcitem id="6124" name="Dawn Mercenary Posting Ticket (Wizard/Mobile)">
		<set name="class" value="OTHER"/>
		<set name="ex_type" value="OTHER_ITEMS"/>
		<set name="crystal_type" value="NONE"/>
		<set name="dropable" value="false"/>
		<set name="icon" value="icon.mticket_wizard_move_i00"/>
		<set name="price" value="350000"/>
		<set name="stackable" value="true"/>
		<set name="tradeable" value="false"/>
		<set name="type" value="MERCENARY_TICKET"/>
	</etcitem>
	<etcitem id="6125" name="Dawn Mercenary Posting Ticket (Sword/Stationary)">
		<set name="class" value="OTHER"/>
		<set name="ex_type" value="OTHER_ITEMS"/>
		<set name="crystal_type" value="NONE"/>
		<set name="dropable" value="false"/>
		<set name="icon" value="icon.mticket_sword_fix_i00"/>
		<set name="price" value="140000"/>
		<set name="stackable" value="true"/>
		<set name="tradeable" value="false"/>
		<set name="type" value="MERCENARY_TICKET"/>
	</etcitem>
	<etcitem id="6126" name="Dawn Mercenary Posting Ticket (Spear/Stationary)">
		<set name="class" value="OTHER"/>
		<set name="ex_type" value="OTHER_ITEMS"/>
		<set name="crystal_type" value="NONE"/>
		<set name="dropable" value="false"/>
		<set name="icon" value="icon.mticket_pole_fix_i00"/>
		<set name="price" value="170000"/>
		<set name="stackable" value="true"/>
		<set name="tradeable" value="false"/>
		<set name="type" value="MERCENARY_TICKET"/>
	</etcitem>
	<etcitem id="6127" name="Dawn Mercenary Posting Ticket (Bow/Stationary)">
		<set name="class" value="OTHER"/>
		<set name="ex_type" value="OTHER_ITEMS"/>
		<set name="crystal_type" value="NONE"/>
		<set name="dropable" value="false"/>
		<set name="icon" value="icon.mticket_bow_fix_i00"/>
		<set name="price" value="200000"/>
		<set name="stackable" value="true"/>
		<set name="tradeable" value="false"/>
		<set name="type" value="MERCENARY_TICKET"/>
	</etcitem>
	<etcitem id="6128" name="Dawn Mercenary Posting Ticket (Cleric/Stationary)">
		<set name="class" value="OTHER"/>
		<set name="ex_type" value="OTHER_ITEMS"/>
		<set name="crystal_type" value="NONE"/>
		<set name="dropable" value="false"/>
		<set name="icon" value="icon.mticket_cleric_fix_i00"/>
		<set name="price" value="350000"/>
		<set name="stackable" value="true"/>
		<set name="tradeable" value="false"/>
		<set name="type" value="MERCENARY_TICKET"/>
	</etcitem>
	<etcitem id="6129" name="Dawn Mercenary Posting Ticket (Wizard/Stationary)">
		<set name="class" value="OTHER"/>
		<set name="ex_type" value="OTHER_ITEMS"/>
		<set name="crystal_type" value="NONE"/>
		<set name="dropable" value="false"/>
		<set name="icon" value="icon.mticket_wizard_fix_i00"/>
		<set name="price" value="350000"/>
		<set name="stackable" value="true"/>
		<set name="tradeable" value="false"/>
		<set name="type" value="MERCENARY_TICKET"/>
	</etcitem>
	<etcitem id="6130" name="Dawn Mercenary Posting Ticket (Sword/Mobile)">
		<set name="class" value="OTHER"/>
		<set name="ex_type" value="OTHER_ITEMS"/>
		<set name="crystal_type" value="NONE"/>
		<set name="dropable" value="false"/>
		<set name="icon" value="icon.mticket_sword_move_i00"/>
		<set name="price" value="140000"/>
		<set name="stackable" value="true"/>
		<set name="tradeable" value="false"/>
		<set name="type" value="MERCENARY_TICKET"/>
	</etcitem>
	<etcitem id="6131" name="Dawn Mercenary Posting Ticket (Spear/Mobile)">
		<set name="class" value="OTHER"/>
		<set name="ex_type" value="OTHER_ITEMS"/>
		<set name="crystal_type" value="NONE"/>
		<set name="dropable" value="false"/>
		<set name="icon" value="icon.mticket_pole_move_i00"/>
		<set name="price" value="170000"/>
		<set name="stackable" value="true"/>
		<set name="tradeable" value="false"/>
		<set name="type" value="MERCENARY_TICKET"/>
	</etcitem>
	<etcitem id="6132" name="Dawn Mercenary Posting Ticket (Bow/Mobile)">
		<set name="class" value="OTHER"/>
		<set name="ex_type" value="OTHER_ITEMS"/>
		<set name="crystal_type" value="NONE"/>
		<set name="dropable" value="false"/>
		<set name="icon" value="icon.mticket_bow_move_i00"/>
		<set name="price" value="200000"/>
		<set name="stackable" value="true"/>
		<set name="tradeable" value="false"/>
		<set name="type" value="MERCENARY_TICKET"/>
	</etcitem>
	<etcitem id="6133" name="Dawn Mercenary Posting Ticket (Cleric/Mobile)">
		<set name="class" value="OTHER"/>
		<set name="ex_type" value="OTHER_ITEMS"/>
		<set name="crystal_type" value="NONE"/>
		<set name="dropable" value="false"/>
		<set name="icon" value="icon.mticket_cleric_move_i00"/>
		<set name="price" value="350000"/>
		<set name="stackable" value="true"/>
		<set name="tradeable" value="false"/>
		<set name="type" value="MERCENARY_TICKET"/>
	</etcitem>
	<etcitem id="6134" name="Dawn Mercenary Posting Ticket (Wizard/Mobile)">
		<set name="class" value="OTHER"/>
		<set name="ex_type" value="OTHER_ITEMS"/>
		<set name="crystal_type" value="NONE"/>
		<set name="dropable" value="false"/>
		<set name="icon" value="icon.mticket_wizard_move_i00"/>
		<set name="price" value="350000"/>
		<set name="stackable" value="true"/>
		<set name="tradeable" value="false"/>
		<set name="type" value="MERCENARY_TICKET"/>
	</etcitem>
	<etcitem id="6135" name="Dawn Mercenary Posting Ticket (Sword/Stationary)">
		<set name="class" value="OTHER"/>
		<set name="ex_type" value="OTHER_ITEMS"/>
		<set name="crystal_type" value="NONE"/>
		<set name="dropable" value="false"/>
		<set name="icon" value="icon.mticket_sword_fix_i00"/>
		<set name="price" value="140000"/>
		<set name="stackable" value="true"/>
		<set name="tradeable" value="false"/>
		<set name="type" value="MERCENARY_TICKET"/>
	</etcitem>
	<etcitem id="6136" name="Dawn Mercenary Posting Ticket (Spear/Stationary)">
		<set name="class" value="OTHER"/>
		<set name="ex_type" value="OTHER_ITEMS"/>
		<set name="crystal_type" value="NONE"/>
		<set name="dropable" value="false"/>
		<set name="icon" value="icon.mticket_pole_fix_i00"/>
		<set name="price" value="170000"/>
		<set name="stackable" value="true"/>
		<set name="tradeable" value="false"/>
		<set name="type" value="MERCENARY_TICKET"/>
	</etcitem>
	<etcitem id="6137" name="Dawn Mercenary Posting Ticket (Bow/Stationary)">
		<set name="class" value="OTHER"/>
		<set name="ex_type" value="OTHER_ITEMS"/>
		<set name="crystal_type" value="NONE"/>
		<set name="dropable" value="false"/>
		<set name="icon" value="icon.mticket_bow_fix_i00"/>
		<set name="price" value="200000"/>
		<set name="stackable" value="true"/>
		<set name="tradeable" value="false"/>
		<set name="type" value="MERCENARY_TICKET"/>
	</etcitem>
	<etcitem id="6138" name="Dawn Mercenary Posting Ticket (Cleric/Stationary)">
		<set name="class" value="OTHER"/>
		<set name="ex_type" value="OTHER_ITEMS"/>
		<set name="crystal_type" value="NONE"/>
		<set name="dropable" value="false"/>
		<set name="icon" value="icon.mticket_cleric_fix_i00"/>
		<set name="price" value="350000"/>
		<set name="stackable" value="true"/>
		<set name="tradeable" value="false"/>
		<set name="type" value="MERCENARY_TICKET"/>
	</etcitem>
	<etcitem id="6139" name="Dawn Mercenary Posting Ticket (Wizard/Stationary)">
		<set name="class" value="OTHER"/>
		<set name="ex_type" value="OTHER_ITEMS"/>
		<set name="crystal_type" value="NONE"/>
		<set name="dropable" value="false"/>
		<set name="icon" value="icon.mticket_wizard_fix_i00"/>
		<set name="price" value="350000"/>
		<set name="stackable" value="true"/>
		<set name="tradeable" value="false"/>
		<set name="type" value="MERCENARY_TICKET"/>
	</etcitem>
	<etcitem id="6140" name="Dawn Mercenary Posting Ticket (Sword/Mobile)">
		<set name="class" value="OTHER"/>
		<set name="ex_type" value="OTHER_ITEMS"/>
		<set name="crystal_type" value="NONE"/>
		<set name="dropable" value="false"/>
		<set name="icon" value="icon.mticket_sword_move_i00"/>
		<set name="price" value="140000"/>
		<set name="stackable" value="true"/>
		<set name="tradeable" value="false"/>
		<set name="type" value="MERCENARY_TICKET"/>
	</etcitem>
	<etcitem id="6141" name="Dawn Mercenary Posting Ticket (Spear/Mobile)">
		<set name="class" value="OTHER"/>
		<set name="ex_type" value="OTHER_ITEMS"/>
		<set name="crystal_type" value="NONE"/>
		<set name="dropable" value="false"/>
		<set name="icon" value="icon.mticket_pole_move_i00"/>
		<set name="price" value="170000"/>
		<set name="stackable" value="true"/>
		<set name="tradeable" value="false"/>
		<set name="type" value="MERCENARY_TICKET"/>
	</etcitem>
	<etcitem id="6142" name="Dawn Mercenary Posting Ticket (Bow/Mobile)">
		<set name="class" value="OTHER"/>
		<set name="ex_type" value="OTHER_ITEMS"/>
		<set name="crystal_type" value="NONE"/>
		<set name="dropable" value="false"/>
		<set name="icon" value="icon.mticket_bow_move_i00"/>
		<set name="price" value="200000"/>
		<set name="stackable" value="true"/>
		<set name="tradeable" value="false"/>
		<set name="type" value="MERCENARY_TICKET"/>
	</etcitem>
	<etcitem id="6143" name="Dawn Mercenary Posting Ticket (Cleric/Mobile)">
		<set name="class" value="OTHER"/>
		<set name="ex_type" value="OTHER_ITEMS"/>
		<set name="crystal_type" value="NONE"/>
		<set name="dropable" value="false"/>
		<set name="icon" value="icon.mticket_cleric_move_i00"/>
		<set name="price" value="350000"/>
		<set name="stackable" value="true"/>
		<set name="tradeable" value="false"/>
		<set name="type" value="MERCENARY_TICKET"/>
	</etcitem>
	<etcitem id="6144" name="Dawn Mercenary Posting Ticket (Wizard/Mobile)">
		<set name="class" value="OTHER"/>
		<set name="ex_type" value="OTHER_ITEMS"/>
		<set name="crystal_type" value="NONE"/>
		<set name="dropable" value="false"/>
		<set name="icon" value="icon.mticket_wizard_move_i00"/>
		<set name="price" value="350000"/>
		<set name="stackable" value="true"/>
		<set name="tradeable" value="false"/>
		<set name="type" value="MERCENARY_TICKET"/>
	</etcitem>
	<etcitem id="6145" name="Dawn Mercenary Posting Ticket (Sword/Stationary)">
		<set name="class" value="OTHER"/>
		<set name="ex_type" value="OTHER_ITEMS"/>
		<set name="crystal_type" value="NONE"/>
		<set name="dropable" value="false"/>
		<set name="icon" value="icon.mticket_sword_fix_i00"/>
		<set name="price" value="140000"/>
		<set name="stackable" value="true"/>
		<set name="tradeable" value="false"/>
		<set name="type" value="MERCENARY_TICKET"/>
	</etcitem>
	<etcitem id="6146" name="Dawn Mercenary Posting Ticket (Spear/Stationary)">
		<set name="class" value="OTHER"/>
		<set name="ex_type" value="OTHER_ITEMS"/>
		<set name="crystal_type" value="NONE"/>
		<set name="dropable" value="false"/>
		<set name="icon" value="icon.mticket_pole_fix_i00"/>
		<set name="price" value="170000"/>
		<set name="stackable" value="true"/>
		<set name="tradeable" value="false"/>
		<set name="type" value="MERCENARY_TICKET"/>
	</etcitem>
	<etcitem id="6147" name="Dawn Mercenary Posting Ticket (Bow/Stationary)">
		<set name="class" value="OTHER"/>
		<set name="ex_type" value="OTHER_ITEMS"/>
		<set name="crystal_type" value="NONE"/>
		<set name="dropable" value="false"/>
		<set name="icon" value="icon.mticket_bow_fix_i00"/>
		<set name="price" value="200000"/>
		<set name="stackable" value="true"/>
		<set name="tradeable" value="false"/>
		<set name="type" value="MERCENARY_TICKET"/>
	</etcitem>
	<etcitem id="6148" name="Dawn Mercenary Posting Ticket (Cleric/Stationary)">
		<set name="class" value="OTHER"/>
		<set name="ex_type" value="OTHER_ITEMS"/>
		<set name="crystal_type" value="NONE"/>
		<set name="dropable" value="false"/>
		<set name="icon" value="icon.mticket_cleric_fix_i00"/>
		<set name="price" value="350000"/>
		<set name="stackable" value="true"/>
		<set name="tradeable" value="false"/>
		<set name="type" value="MERCENARY_TICKET"/>
	</etcitem>
	<etcitem id="6149" name="Dawn Mercenary Posting Ticket (Wizard/Stationary)">
		<set name="class" value="OTHER"/>
		<set name="ex_type" value="OTHER_ITEMS"/>
		<set name="crystal_type" value="NONE"/>
		<set name="dropable" value="false"/>
		<set name="icon" value="icon.mticket_wizard_fix_i00"/>
		<set name="price" value="350000"/>
		<set name="stackable" value="true"/>
		<set name="tradeable" value="false"/>
		<set name="type" value="MERCENARY_TICKET"/>
	</etcitem>
	<etcitem id="6150" name="Dawn Mercenary Posting Ticket (Sword/Mobile)">
		<set name="class" value="OTHER"/>
		<set name="ex_type" value="OTHER_ITEMS"/>
		<set name="crystal_type" value="NONE"/>
		<set name="dropable" value="false"/>
		<set name="icon" value="icon.mticket_sword_move_i00"/>
		<set name="price" value="140000"/>
		<set name="stackable" value="true"/>
		<set name="tradeable" value="false"/>
		<set name="type" value="MERCENARY_TICKET"/>
	</etcitem>
	<etcitem id="6151" name="Dawn Mercenary Posting Ticket (Spear/Mobile)">
		<set name="class" value="OTHER"/>
		<set name="ex_type" value="OTHER_ITEMS"/>
		<set name="crystal_type" value="NONE"/>
		<set name="dropable" value="false"/>
		<set name="icon" value="icon.mticket_pole_move_i00"/>
		<set name="price" value="170000"/>
		<set name="stackable" value="true"/>
		<set name="tradeable" value="false"/>
		<set name="type" value="MERCENARY_TICKET"/>
	</etcitem>
	<etcitem id="6152" name="Dawn Mercenary Posting Ticket (Bow/Mobile)">
		<set name="class" value="OTHER"/>
		<set name="ex_type" value="OTHER_ITEMS"/>
		<set name="crystal_type" value="NONE"/>
		<set name="dropable" value="false"/>
		<set name="icon" value="icon.mticket_bow_move_i00"/>
		<set name="price" value="200000"/>
		<set name="stackable" value="true"/>
		<set name="tradeable" value="false"/>
		<set name="type" value="MERCENARY_TICKET"/>
	</etcitem>
	<etcitem id="6153" name="Dawn Mercenary Posting Ticket (Cleric/Mobile)">
		<set name="class" value="OTHER"/>
		<set name="ex_type" value="OTHER_ITEMS"/>
		<set name="crystal_type" value="NONE"/>
		<set name="dropable" value="false"/>
		<set name="icon" value="icon.mticket_cleric_move_i00"/>
		<set name="price" value="350000"/>
		<set name="stackable" value="true"/>
		<set name="tradeable" value="false"/>
		<set name="type" value="MERCENARY_TICKET"/>
	</etcitem>
	<etcitem id="6154" name="Dawn Mercenary Posting Ticket (Wizard/Mobile)">
		<set name="class" value="OTHER"/>
		<set name="ex_type" value="OTHER_ITEMS"/>
		<set name="crystal_type" value="NONE"/>
		<set name="dropable" value="false"/>
		<set name="icon" value="icon.mticket_wizard_move_i00"/>
		<set name="price" value="350000"/>
		<set name="stackable" value="true"/>
		<set name="tradeable" value="false"/>
		<set name="type" value="MERCENARY_TICKET"/>
	</etcitem>
	<etcitem id="6155" name="Dawn Mercenary Posting Ticket (Sword/Stationary)">
		<set name="class" value="OTHER"/>
		<set name="ex_type" value="OTHER_ITEMS"/>
		<set name="crystal_type" value="NONE"/>
		<set name="dropable" value="false"/>
		<set name="icon" value="icon.mticket_sword_fix_i00"/>
		<set name="price" value="140000"/>
		<set name="stackable" value="true"/>
		<set name="tradeable" value="false"/>
		<set name="type" value="MERCENARY_TICKET"/>
	</etcitem>
	<etcitem id="6156" name="Dawn Mercenary Posting Ticket (Spear/Stationary)">
		<set name="class" value="OTHER"/>
		<set name="ex_type" value="OTHER_ITEMS"/>
		<set name="crystal_type" value="NONE"/>
		<set name="dropable" value="false"/>
		<set name="icon" value="icon.mticket_pole_fix_i00"/>
		<set name="price" value="170000"/>
		<set name="stackable" value="true"/>
		<set name="tradeable" value="false"/>
		<set name="type" value="MERCENARY_TICKET"/>
	</etcitem>
	<etcitem id="6157" name="Dawn Mercenary Posting Ticket (Bow/Stationary)">
		<set name="class" value="OTHER"/>
		<set name="ex_type" value="OTHER_ITEMS"/>
		<set name="crystal_type" value="NONE"/>
		<set name="dropable" value="false"/>
		<set name="icon" value="icon.mticket_bow_fix_i00"/>
		<set name="price" value="200000"/>
		<set name="stackable" value="true"/>
		<set name="tradeable" value="false"/>
		<set name="type" value="MERCENARY_TICKET"/>
	</etcitem>
	<etcitem id="6158" name="Dawn Mercenary Posting Ticket (Cleric/Stationary)">
		<set name="class" value="OTHER"/>
		<set name="ex_type" value="OTHER_ITEMS"/>
		<set name="crystal_type" value="NONE"/>
		<set name="dropable" value="false"/>
		<set name="icon" value="icon.mticket_cleric_fix_i00"/>
		<set name="price" value="350000"/>
		<set name="stackable" value="true"/>
		<set name="tradeable" value="false"/>
		<set name="type" value="MERCENARY_TICKET"/>
	</etcitem>
	<etcitem id="6159" name="Dawn Mercenary Posting Ticket (Wizard/Stationary)">
		<set name="class" value="OTHER"/>
		<set name="ex_type" value="OTHER_ITEMS"/>
		<set name="crystal_type" value="NONE"/>
		<set name="dropable" value="false"/>
		<set name="icon" value="icon.mticket_wizard_fix_i00"/>
		<set name="price" value="350000"/>
		<set name="stackable" value="true"/>
		<set name="tradeable" value="false"/>
		<set name="type" value="MERCENARY_TICKET"/>
	</etcitem>
	<etcitem id="6160" name="Dawn Mercenary Posting Ticket (Sword/Mobile)">
		<set name="class" value="OTHER"/>
		<set name="ex_type" value="OTHER_ITEMS"/>
		<set name="crystal_type" value="NONE"/>
		<set name="dropable" value="false"/>
		<set name="icon" value="icon.mticket_sword_move_i00"/>
		<set name="price" value="140000"/>
		<set name="stackable" value="true"/>
		<set name="tradeable" value="false"/>
		<set name="type" value="MERCENARY_TICKET"/>
	</etcitem>
	<etcitem id="6161" name="Dawn Mercenary Posting Ticket (Spear/Mobile)">
		<set name="class" value="OTHER"/>
		<set name="ex_type" value="OTHER_ITEMS"/>
		<set name="crystal_type" value="NONE"/>
		<set name="dropable" value="false"/>
		<set name="icon" value="icon.mticket_pole_move_i00"/>
		<set name="price" value="170000"/>
		<set name="stackable" value="true"/>
		<set name="tradeable" value="false"/>
		<set name="type" value="MERCENARY_TICKET"/>
	</etcitem>
	<etcitem id="6162" name="Dawn Mercenary Posting Ticket (Bow/Mobile)">
		<set name="class" value="OTHER"/>
		<set name="ex_type" value="OTHER_ITEMS"/>
		<set name="crystal_type" value="NONE"/>
		<set name="dropable" value="false"/>
		<set name="icon" value="icon.mticket_bow_move_i00"/>
		<set name="price" value="200000"/>
		<set name="stackable" value="true"/>
		<set name="tradeable" value="false"/>
		<set name="type" value="MERCENARY_TICKET"/>
	</etcitem>
	<etcitem id="6163" name="Dawn Mercenary Posting Ticket (Cleric/Mobile)">
		<set name="class" value="OTHER"/>
		<set name="ex_type" value="OTHER_ITEMS"/>
		<set name="crystal_type" value="NONE"/>
		<set name="dropable" value="false"/>
		<set name="icon" value="icon.mticket_cleric_move_i00"/>
		<set name="price" value="350000"/>
		<set name="stackable" value="true"/>
		<set name="tradeable" value="false"/>
		<set name="type" value="MERCENARY_TICKET"/>
	</etcitem>
	<etcitem id="6164" name="Dawn Mercenary Posting Ticket (Wizard/Mobile)">
		<set name="class" value="OTHER"/>
		<set name="ex_type" value="OTHER_ITEMS"/>
		<set name="crystal_type" value="NONE"/>
		<set name="dropable" value="false"/>
		<set name="icon" value="icon.mticket_wizard_move_i00"/>
		<set name="price" value="350000"/>
		<set name="stackable" value="true"/>
		<set name="tradeable" value="false"/>
		<set name="type" value="MERCENARY_TICKET"/>
	</etcitem>
	<etcitem id="6165" name="Dawn Mercenary Posting Ticket (Sword/Stationary)">
		<set name="class" value="OTHER"/>
		<set name="ex_type" value="OTHER_ITEMS"/>
		<set name="crystal_type" value="NONE"/>
		<set name="dropable" value="false"/>
		<set name="icon" value="icon.mticket_sword_fix_i00"/>
		<set name="price" value="140000"/>
		<set name="stackable" value="true"/>
		<set name="tradeable" value="false"/>
		<set name="type" value="MERCENARY_TICKET"/>
	</etcitem>
	<etcitem id="6166" name="Dawn Mercenary Posting Ticket (Spear/Stationary)">
		<set name="class" value="OTHER"/>
		<set name="ex_type" value="OTHER_ITEMS"/>
		<set name="crystal_type" value="NONE"/>
		<set name="dropable" value="false"/>
		<set name="icon" value="icon.mticket_pole_fix_i00"/>
		<set name="price" value="170000"/>
		<set name="stackable" value="true"/>
		<set name="tradeable" value="false"/>
		<set name="type" value="MERCENARY_TICKET"/>
	</etcitem>
	<etcitem id="6167" name="Dawn Mercenary Posting Ticket (Bow/Stationary)">
		<set name="class" value="OTHER"/>
		<set name="ex_type" value="OTHER_ITEMS"/>
		<set name="crystal_type" value="NONE"/>
		<set name="dropable" value="false"/>
		<set name="icon" value="icon.mticket_bow_fix_i00"/>
		<set name="price" value="200000"/>
		<set name="stackable" value="true"/>
		<set name="tradeable" value="false"/>
		<set name="type" value="MERCENARY_TICKET"/>
	</etcitem>
	<etcitem id="6168" name="Dawn Mercenary Posting Ticket (Cleric/Stationary)">
		<set name="class" value="OTHER"/>
		<set name="ex_type" value="OTHER_ITEMS"/>
		<set name="crystal_type" value="NONE"/>
		<set name="dropable" value="false"/>
		<set name="icon" value="icon.mticket_cleric_fix_i00"/>
		<set name="price" value="350000"/>
		<set name="stackable" value="true"/>
		<set name="tradeable" value="false"/>
		<set name="type" value="MERCENARY_TICKET"/>
	</etcitem>
	<etcitem id="6169" name="Dawn Mercenary Posting Ticket (Wizard/Stationary)">
		<set name="class" value="OTHER"/>
		<set name="ex_type" value="OTHER_ITEMS"/>
		<set name="crystal_type" value="NONE"/>
		<set name="dropable" value="false"/>
		<set name="icon" value="icon.mticket_wizard_fix_i00"/>
		<set name="price" value="350000"/>
		<set name="stackable" value="true"/>
		<set name="tradeable" value="false"/>
		<set name="type" value="MERCENARY_TICKET"/>
	</etcitem>
	<etcitem id="6170" name="Dawn Mercenary Posting Ticket (Sword/Mobile)">
		<set name="class" value="OTHER"/>
		<set name="ex_type" value="OTHER_ITEMS"/>
		<set name="crystal_type" value="NONE"/>
		<set name="dropable" value="false"/>
		<set name="icon" value="icon.mticket_sword_move_i00"/>
		<set name="price" value="140000"/>
		<set name="stackable" value="true"/>
		<set name="tradeable" value="false"/>
		<set name="type" value="MERCENARY_TICKET"/>
	</etcitem>
	<etcitem id="6171" name="Dawn Mercenary Posting Ticket (Spear/Mobile)">
		<set name="class" value="OTHER"/>
		<set name="ex_type" value="OTHER_ITEMS"/>
		<set name="crystal_type" value="NONE"/>
		<set name="dropable" value="false"/>
		<set name="icon" value="icon.mticket_pole_move_i00"/>
		<set name="price" value="170000"/>
		<set name="stackable" value="true"/>
		<set name="tradeable" value="false"/>
		<set name="type" value="MERCENARY_TICKET"/>
	</etcitem>
	<etcitem id="6172" name="Dawn Mercenary Posting Ticket (Bow/Mobile)">
		<set name="class" value="OTHER"/>
		<set name="ex_type" value="OTHER_ITEMS"/>
		<set name="crystal_type" value="NONE"/>
		<set name="dropable" value="false"/>
		<set name="icon" value="icon.mticket_bow_move_i00"/>
		<set name="price" value="200000"/>
		<set name="stackable" value="true"/>
		<set name="tradeable" value="false"/>
		<set name="type" value="MERCENARY_TICKET"/>
	</etcitem>
	<etcitem id="6173" name="Dawn Mercenary Posting Ticket (Cleric/Mobile)">
		<set name="class" value="OTHER"/>
		<set name="ex_type" value="OTHER_ITEMS"/>
		<set name="crystal_type" value="NONE"/>
		<set name="dropable" value="false"/>
		<set name="icon" value="icon.mticket_cleric_move_i00"/>
		<set name="price" value="350000"/>
		<set name="stackable" value="true"/>
		<set name="tradeable" value="false"/>
		<set name="type" value="MERCENARY_TICKET"/>
	</etcitem>
	<etcitem id="6174" name="Dawn Mercenary Posting Ticket (Wizard/Mobile)">
		<set name="class" value="OTHER"/>
		<set name="ex_type" value="OTHER_ITEMS"/>
		<set name="crystal_type" value="NONE"/>
		<set name="dropable" value="false"/>
		<set name="icon" value="icon.mticket_wizard_move_i00"/>
		<set name="price" value="350000"/>
		<set name="stackable" value="true"/>
		<set name="tradeable" value="false"/>
		<set name="type" value="MERCENARY_TICKET"/>
	</etcitem>
	<etcitem id="6175" name="Greater Recruit Posting Ticket (Sword/Stationary)">
		<set name="class" value="OTHER"/>
		<set name="ex_type" value="OTHER_ITEMS"/>
		<set name="crystal_type" value="NONE"/>
		<set name="dropable" value="false"/>
		<set name="icon" value="icon.mticket_sword_fix_i00"/>
		<set name="price" value="70000"/>
		<set name="stackable" value="true"/>
		<set name="tradeable" value="false"/>
		<set name="type" value="MERCENARY_TICKET"/>
	</etcitem>
	<etcitem id="6176" name="Greater Recruit Posting Ticket (Spear/Stationary)">
		<set name="class" value="OTHER"/>
		<set name="ex_type" value="OTHER_ITEMS"/>
		<set name="crystal_type" value="NONE"/>
		<set name="dropable" value="false"/>
		<set name="icon" value="icon.mticket_pole_fix_i00"/>
		<set name="price" value="90000"/>
		<set name="stackable" value="true"/>
		<set name="tradeable" value="false"/>
		<set name="type" value="MERCENARY_TICKET"/>
	</etcitem>
	<etcitem id="6177" name="Greater Recruit Posting Ticket (Bow/Stationary)">
		<set name="class" value="OTHER"/>
		<set name="ex_type" value="OTHER_ITEMS"/>
		<set name="crystal_type" value="NONE"/>
		<set name="dropable" value="false"/>
		<set name="icon" value="icon.mticket_bow_fix_i00"/>
		<set name="price" value="110000"/>
		<set name="stackable" value="true"/>
		<set name="tradeable" value="false"/>
		<set name="type" value="MERCENARY_TICKET"/>
	</etcitem>
	<etcitem id="6178" name="Greater Recruit Posting Ticket (Cleric/Stationary)">
		<set name="class" value="OTHER"/>
		<set name="ex_type" value="OTHER_ITEMS"/>
		<set name="crystal_type" value="NONE"/>
		<set name="dropable" value="false"/>
		<set name="icon" value="icon.mticket_cleric_fix_i00"/>
		<set name="price" value="230000"/>
		<set name="stackable" value="true"/>
		<set name="tradeable" value="false"/>
		<set name="type" value="MERCENARY_TICKET"/>
	</etcitem>
	<etcitem id="6179" name="Greater Recruit Posting Ticket (Wizard/Stationary)">
		<set name="class" value="OTHER"/>
		<set name="ex_type" value="OTHER_ITEMS"/>
		<set name="crystal_type" value="NONE"/>
		<set name="dropable" value="false"/>
		<set name="icon" value="icon.mticket_wizard_fix_i00"/>
		<set name="price" value="230000"/>
		<set name="stackable" value="true"/>
		<set name="tradeable" value="false"/>
		<set name="type" value="MERCENARY_TICKET"/>
	</etcitem>
	<etcitem id="6180" name="Greater Recruit Posting Ticket (Sword/Mobile)">
		<set name="class" value="OTHER"/>
		<set name="ex_type" value="OTHER_ITEMS"/>
		<set name="crystal_type" value="NONE"/>
		<set name="dropable" value="false"/>
		<set name="icon" value="icon.mticket_sword_move_i00"/>
		<set name="price" value="70000"/>
		<set name="stackable" value="true"/>
		<set name="tradeable" value="false"/>
		<set name="type" value="MERCENARY_TICKET"/>
	</etcitem>
	<etcitem id="6181" name="Greater Recruit Posting Ticket (Spear/Mobile)">
		<set name="class" value="OTHER"/>
		<set name="ex_type" value="OTHER_ITEMS"/>
		<set name="crystal_type" value="NONE"/>
		<set name="dropable" value="false"/>
		<set name="icon" value="icon.mticket_pole_move_i00"/>
		<set name="price" value="90000"/>
		<set name="stackable" value="true"/>
		<set name="tradeable" value="false"/>
		<set name="type" value="MERCENARY_TICKET"/>
	</etcitem>
	<etcitem id="6182" name="Greater Recruit Posting Ticket (Bow/Mobile)">
		<set name="class" value="OTHER"/>
		<set name="ex_type" value="OTHER_ITEMS"/>
		<set name="crystal_type" value="NONE"/>
		<set name="dropable" value="false"/>
		<set name="icon" value="icon.mticket_bow_move_i00"/>
		<set name="price" value="110000"/>
		<set name="stackable" value="true"/>
		<set name="tradeable" value="false"/>
		<set name="type" value="MERCENARY_TICKET"/>
	</etcitem>
	<etcitem id="6183" name="Greater Recruit Posting Ticket (Cleric/Mobile)">
		<set name="class" value="OTHER"/>
		<set name="ex_type" value="OTHER_ITEMS"/>
		<set name="crystal_type" value="NONE"/>
		<set name="dropable" value="false"/>
		<set name="icon" value="icon.mticket_cleric_move_i00"/>
		<set name="price" value="230000"/>
		<set name="stackable" value="true"/>
		<set name="tradeable" value="false"/>
		<set name="type" value="MERCENARY_TICKET"/>
	</etcitem>
	<etcitem id="6184" name="Greater Recruit Posting Ticket (Wizard/Mobile)">
		<set name="class" value="OTHER"/>
		<set name="ex_type" value="OTHER_ITEMS"/>
		<set name="crystal_type" value="NONE"/>
		<set name="dropable" value="false"/>
		<set name="icon" value="icon.mticket_wizard_move_i00"/>
		<set name="price" value="230000"/>
		<set name="stackable" value="true"/>
		<set name="tradeable" value="false"/>
		<set name="type" value="MERCENARY_TICKET"/>
	</etcitem>
	<etcitem id="6185" name="Greater Recruit Posting Ticket (Sword/Stationary)">
		<set name="class" value="OTHER"/>
		<set name="ex_type" value="OTHER_ITEMS"/>
		<set name="crystal_type" value="NONE"/>
		<set name="dropable" value="false"/>
		<set name="icon" value="icon.mticket_sword_fix_i00"/>
		<set name="price" value="70000"/>
		<set name="stackable" value="true"/>
		<set name="tradeable" value="false"/>
		<set name="type" value="MERCENARY_TICKET"/>
	</etcitem>
	<etcitem id="6186" name="Greater Recruit Posting Ticket (Spear/Stationary)">
		<set name="class" value="OTHER"/>
		<set name="ex_type" value="OTHER_ITEMS"/>
		<set name="crystal_type" value="NONE"/>
		<set name="dropable" value="false"/>
		<set name="icon" value="icon.mticket_pole_fix_i00"/>
		<set name="price" value="90000"/>
		<set name="stackable" value="true"/>
		<set name="tradeable" value="false"/>
		<set name="type" value="MERCENARY_TICKET"/>
	</etcitem>
	<etcitem id="6187" name="Greater Recruit Posting Ticket (Bow/Stationary)">
		<set name="class" value="OTHER"/>
		<set name="ex_type" value="OTHER_ITEMS"/>
		<set name="crystal_type" value="NONE"/>
		<set name="dropable" value="false"/>
		<set name="icon" value="icon.mticket_bow_fix_i00"/>
		<set name="price" value="110000"/>
		<set name="stackable" value="true"/>
		<set name="tradeable" value="false"/>
		<set name="type" value="MERCENARY_TICKET"/>
	</etcitem>
	<etcitem id="6188" name="Greater Recruit Posting Ticket (Cleric/Stationary)">
		<set name="class" value="OTHER"/>
		<set name="ex_type" value="OTHER_ITEMS"/>
		<set name="crystal_type" value="NONE"/>
		<set name="dropable" value="false"/>
		<set name="icon" value="icon.mticket_cleric_fix_i00"/>
		<set name="price" value="230000"/>
		<set name="stackable" value="true"/>
		<set name="tradeable" value="false"/>
		<set name="type" value="MERCENARY_TICKET"/>
	</etcitem>
	<etcitem id="6189" name="Greater Recruit Posting Ticket (Wizard/Stationary)">
		<set name="class" value="OTHER"/>
		<set name="ex_type" value="OTHER_ITEMS"/>
		<set name="crystal_type" value="NONE"/>
		<set name="dropable" value="false"/>
		<set name="icon" value="icon.mticket_wizard_fix_i00"/>
		<set name="price" value="230000"/>
		<set name="stackable" value="true"/>
		<set name="tradeable" value="false"/>
		<set name="type" value="MERCENARY_TICKET"/>
	</etcitem>
	<etcitem id="6190" name="Greater Recruit Posting Ticket (Sword/Mobile)">
		<set name="class" value="OTHER"/>
		<set name="ex_type" value="OTHER_ITEMS"/>
		<set name="crystal_type" value="NONE"/>
		<set name="dropable" value="false"/>
		<set name="icon" value="icon.mticket_sword_move_i00"/>
		<set name="price" value="70000"/>
		<set name="stackable" value="true"/>
		<set name="tradeable" value="false"/>
		<set name="type" value="MERCENARY_TICKET"/>
	</etcitem>
	<etcitem id="6191" name="Greater Recruit Posting Ticket (Spear/Mobile)">
		<set name="class" value="OTHER"/>
		<set name="ex_type" value="OTHER_ITEMS"/>
		<set name="crystal_type" value="NONE"/>
		<set name="dropable" value="false"/>
		<set name="icon" value="icon.mticket_pole_move_i00"/>
		<set name="price" value="90000"/>
		<set name="stackable" value="true"/>
		<set name="tradeable" value="false"/>
		<set name="type" value="MERCENARY_TICKET"/>
	</etcitem>
	<etcitem id="6192" name="Greater Recruit Posting Ticket (Bow/Mobile)">
		<set name="class" value="OTHER"/>
		<set name="ex_type" value="OTHER_ITEMS"/>
		<set name="crystal_type" value="NONE"/>
		<set name="dropable" value="false"/>
		<set name="icon" value="icon.mticket_bow_move_i00"/>
		<set name="price" value="110000"/>
		<set name="stackable" value="true"/>
		<set name="tradeable" value="false"/>
		<set name="type" value="MERCENARY_TICKET"/>
	</etcitem>
	<etcitem id="6193" name="Greater Recruit Posting Ticket (Cleric/Mobile)">
		<set name="class" value="OTHER"/>
		<set name="ex_type" value="OTHER_ITEMS"/>
		<set name="crystal_type" value="NONE"/>
		<set name="dropable" value="false"/>
		<set name="icon" value="icon.mticket_cleric_move_i00"/>
		<set name="price" value="230000"/>
		<set name="stackable" value="true"/>
		<set name="tradeable" value="false"/>
		<set name="type" value="MERCENARY_TICKET"/>
	</etcitem>
	<etcitem id="6194" name="Greater Recruit Posting Ticket (Wizard/Mobile)">
		<set name="class" value="OTHER"/>
		<set name="ex_type" value="OTHER_ITEMS"/>
		<set name="crystal_type" value="NONE"/>
		<set name="dropable" value="false"/>
		<set name="icon" value="icon.mticket_wizard_move_i00"/>
		<set name="price" value="230000"/>
		<set name="stackable" value="true"/>
		<set name="tradeable" value="false"/>
		<set name="type" value="MERCENARY_TICKET"/>
	</etcitem>
	<etcitem id="6195" name="Greater Recruit Posting Ticket (Sword/Stationary)">
		<set name="class" value="OTHER"/>
		<set name="ex_type" value="OTHER_ITEMS"/>
		<set name="crystal_type" value="NONE"/>
		<set name="dropable" value="false"/>
		<set name="icon" value="icon.mticket_sword_fix_i00"/>
		<set name="price" value="70000"/>
		<set name="stackable" value="true"/>
		<set name="tradeable" value="false"/>
		<set name="type" value="MERCENARY_TICKET"/>
	</etcitem>
	<etcitem id="6196" name="Greater Recruit Posting Ticket (Spear/Stationary)">
		<set name="class" value="OTHER"/>
		<set name="ex_type" value="OTHER_ITEMS"/>
		<set name="crystal_type" value="NONE"/>
		<set name="dropable" value="false"/>
		<set name="icon" value="icon.mticket_pole_fix_i00"/>
		<set name="price" value="90000"/>
		<set name="stackable" value="true"/>
		<set name="tradeable" value="false"/>
		<set name="type" value="MERCENARY_TICKET"/>
	</etcitem>
	<etcitem id="6197" name="Greater Recruit Posting Ticket (Bow/Stationary)">
		<set name="class" value="OTHER"/>
		<set name="ex_type" value="OTHER_ITEMS"/>
		<set name="crystal_type" value="NONE"/>
		<set name="dropable" value="false"/>
		<set name="icon" value="icon.mticket_bow_fix_i00"/>
		<set name="price" value="110000"/>
		<set name="stackable" value="true"/>
		<set name="tradeable" value="false"/>
		<set name="type" value="MERCENARY_TICKET"/>
	</etcitem>
	<etcitem id="6198" name="Greater Recruit Posting Ticket (Cleric/Stationary)">
		<set name="class" value="OTHER"/>
		<set name="ex_type" value="OTHER_ITEMS"/>
		<set name="crystal_type" value="NONE"/>
		<set name="dropable" value="false"/>
		<set name="icon" value="icon.mticket_cleric_fix_i00"/>
		<set name="price" value="230000"/>
		<set name="stackable" value="true"/>
		<set name="tradeable" value="false"/>
		<set name="type" value="MERCENARY_TICKET"/>
	</etcitem>
	<etcitem id="6199" name="Greater Recruit Posting Ticket (Wizard/Stationary)">
		<set name="class" value="OTHER"/>
		<set name="ex_type" value="OTHER_ITEMS"/>
		<set name="crystal_type" value="NONE"/>
		<set name="dropable" value="false"/>
		<set name="icon" value="icon.mticket_wizard_fix_i00"/>
		<set name="price" value="230000"/>
		<set name="stackable" value="true"/>
		<set name="tradeable" value="false"/>
		<set name="type" value="MERCENARY_TICKET"/>
	</etcitem>
</list>
