<?xml version="1.0" encoding="UTF-8"?>
<!DOCTYPE list SYSTEM "item.dtd">
<list>
	<etcitem id="7000" name="Recipe: Greater Dye of WIT&lt;Wit+3 Int-3&gt; (100%)">
		<set name="class" value="RECIPIES"/>
		<set name="crystal_type" value="NONE"/>
		<set name="icon" value="icon.etc_recipe_green_i00"/>
		<set name="price" value="18000"/>
		<set name="stackable" value="true"/>
		<set name="type" value="RECIPE"/>
		<set name="ex_type" value="RECIPE"/>
		<set name="weight" value="30"/>
	</etcitem>
	<etcitem id="7001" name="Recipe: Greater Dye of WIT&lt;Wit+3 Men-3&gt; (100%)">
		<set name="class" value="RECIPIES"/>
		<set name="crystal_type" value="NONE"/>
		<set name="icon" value="icon.etc_recipe_green_i00"/>
		<set name="price" value="18000"/>
		<set name="stackable" value="true"/>
		<set name="type" value="RECIPE"/>
		<set name="ex_type" value="RECIPE"/>
		<set name="weight" value="30"/>
	</etcitem>
	<etcitem id="7002" name="Recipe: Greater Dye of STR &lt;Str+4 Con-4&gt; (100%)">
		<set name="class" value="RECIPIES"/>
		<set name="crystal_type" value="NONE"/>
		<set name="icon" value="icon.etc_recipe_green_i00"/>
		<set name="price" value="29000"/>
		<set name="stackable" value="true"/>
		<set name="type" value="RECIPE"/>
		<set name="ex_type" value="RECIPE"/>
		<set name="weight" value="30"/>
	</etcitem>
	<etcitem id="7003" name="Recipe: Greater Dye of STR &lt;Str+4 Dex-4&gt; (100%)">
		<set name="class" value="RECIPIES"/>
		<set name="crystal_type" value="NONE"/>
		<set name="icon" value="icon.etc_recipe_green_i00"/>
		<set name="price" value="29000"/>
		<set name="stackable" value="true"/>
		<set name="type" value="RECIPE"/>
		<set name="ex_type" value="RECIPE"/>
		<set name="weight" value="30"/>
	</etcitem>
	<etcitem id="7004" name="Recipe: Greater Dye of CON &lt;Con+4 Str-4&gt; (100%)">
		<set name="class" value="RECIPIES"/>
		<set name="crystal_type" value="NONE"/>
		<set name="icon" value="icon.etc_recipe_green_i00"/>
		<set name="price" value="29000"/>
		<set name="stackable" value="true"/>
		<set name="type" value="RECIPE"/>
		<set name="ex_type" value="RECIPE"/>
		<set name="weight" value="30"/>
	</etcitem>
	<etcitem id="7005" name="Recipe: Greater Dye of CON &lt;Con+4 Dex-4&gt; (100%)">
		<set name="class" value="RECIPIES"/>
		<set name="crystal_type" value="NONE"/>
		<set name="icon" value="icon.etc_recipe_green_i00"/>
		<set name="price" value="29000"/>
		<set name="stackable" value="true"/>
		<set name="type" value="RECIPE"/>
		<set name="ex_type" value="RECIPE"/>
		<set name="weight" value="30"/>
	</etcitem>
	<etcitem id="7006" name="Recipe: Greater Dye of DEX &lt;Dex+4 Str-4&gt; (100%)">
		<set name="class" value="RECIPIES"/>
		<set name="crystal_type" value="NONE"/>
		<set name="icon" value="icon.etc_recipe_green_i00"/>
		<set name="price" value="29000"/>
		<set name="stackable" value="true"/>
		<set name="type" value="RECIPE"/>
		<set name="ex_type" value="RECIPE"/>
		<set name="weight" value="30"/>
	</etcitem>
	<etcitem id="7007" name="Recipe: Greater Dye of DEX &lt;Dex+4 Con-4&gt; (100%)">
		<set name="class" value="RECIPIES"/>
		<set name="crystal_type" value="NONE"/>
		<set name="icon" value="icon.etc_recipe_green_i00"/>
		<set name="price" value="29000"/>
		<set name="stackable" value="true"/>
		<set name="type" value="RECIPE"/>
		<set name="ex_type" value="RECIPE"/>
		<set name="weight" value="30"/>
	</etcitem>
	<etcitem id="7008" name="Recipe: Greater Dye of INT &lt;Int+4 Men-4&gt; (100%)">
		<set name="class" value="RECIPIES"/>
		<set name="crystal_type" value="NONE"/>
		<set name="icon" value="icon.etc_recipe_green_i00"/>
		<set name="price" value="29000"/>
		<set name="stackable" value="true"/>
		<set name="type" value="RECIPE"/>
		<set name="ex_type" value="RECIPE"/>
		<set name="weight" value="30"/>
	</etcitem>
	<etcitem id="7009" name="Recipe: Greater Dye of INT &lt;Int+4 Wit-4&gt; (100%)">
		<set name="class" value="RECIPIES"/>
		<set name="crystal_type" value="NONE"/>
		<set name="icon" value="icon.etc_recipe_green_i00"/>
		<set name="price" value="29000"/>
		<set name="stackable" value="true"/>
		<set name="type" value="RECIPE"/>
		<set name="ex_type" value="RECIPE"/>
		<set name="weight" value="30"/>
	</etcitem>
	<etcitem id="7010" name="Recipe: Greater Dye of MEN &lt;Men+4 Int-4&gt; (100%)">
		<set name="class" value="RECIPIES"/>
		<set name="crystal_type" value="NONE"/>
		<set name="icon" value="icon.etc_recipe_green_i00"/>
		<set name="price" value="29000"/>
		<set name="stackable" value="true"/>
		<set name="type" value="RECIPE"/>
		<set name="ex_type" value="RECIPE"/>
		<set name="weight" value="30"/>
	</etcitem>
	<etcitem id="7011" name="Recipe: Greater Dye of MEN &lt;Men+4 Wit-4&gt; (100%)">
		<set name="class" value="RECIPIES"/>
		<set name="crystal_type" value="NONE"/>
		<set name="icon" value="icon.etc_recipe_green_i00"/>
		<set name="price" value="29000"/>
		<set name="stackable" value="true"/>
		<set name="type" value="RECIPE"/>
		<set name="ex_type" value="RECIPE"/>
		<set name="weight" value="30"/>
	</etcitem>
	<etcitem id="7012" name="Recipe: Greater Dye of WIT&lt;Wit+4 Int-4&gt; (100%)">
		<set name="class" value="RECIPIES"/>
		<set name="crystal_type" value="NONE"/>
		<set name="icon" value="icon.etc_recipe_green_i00"/>
		<set name="price" value="29000"/>
		<set name="stackable" value="true"/>
		<set name="type" value="RECIPE"/>
		<set name="ex_type" value="RECIPE"/>
		<set name="weight" value="30"/>
	</etcitem>
	<etcitem id="7013" name="Recipe: Greater Dye of WIT&lt;Wit+4 Men-4&gt; (100%)">
		<set name="class" value="RECIPIES"/>
		<set name="crystal_type" value="NONE"/>
		<set name="icon" value="icon.etc_recipe_green_i00"/>
		<set name="price" value="29000"/>
		<set name="stackable" value="true"/>
		<set name="type" value="RECIPE"/>
		<set name="ex_type" value="RECIPE"/>
		<set name="weight" value="30"/>
	</etcitem>
	<etcitem id="7016" name="Seed: Blue Cobol">
		<set name="class" value="OTHER"/>
		<set name="ex_type" value="OTHER_ITEMS"/>
		<set name="crystal_type" value="NONE"/>
		<set name="icon" value="icon.etc_cobol_seed_i00"/>
		<set name="price" value="50"/>
		<set name="stackable" value="true"/>
		<set name="type" value="SEED"/>
		<set name="weight" value="1"/>
	</etcitem>
	<etcitem id="7017" name="Seed: Blue Codran">
		<set name="class" value="OTHER"/>
		<set name="ex_type" value="OTHER_ITEMS"/>
		<set name="crystal_type" value="NONE"/>
		<set name="icon" value="icon.etc_codran_seed_i00"/>
		<set name="price" value="50"/>
		<set name="stackable" value="true"/>
		<set name="type" value="SEED"/>
		<set name="weight" value="1"/>
	</etcitem>
	<etcitem id="7018" name="Seed: Blue Codran">
		<set name="class" value="OTHER"/>
		<set name="ex_type" value="OTHER_ITEMS"/>
		<set name="crystal_type" value="NONE"/>
		<set name="icon" value="icon.etc_codran_seed_i00"/>
		<set name="price" value="50"/>
		<set name="stackable" value="true"/>
		<set name="type" value="SEED"/>
		<set name="weight" value="1"/>
	</etcitem>
	<etcitem id="7019" name="Seed: Chilly Cobol">
		<set name="class" value="OTHER"/>
		<set name="ex_type" value="OTHER_ITEMS"/>
		<set name="crystal_type" value="NONE"/>
		<set name="icon" value="icon.etc_cobol_seed_i00"/>
		<set name="price" value="25"/>
		<set name="stackable" value="true"/>
		<set name="type" value="SEED"/>
		<set name="weight" value="1"/>
	</etcitem>
	<etcitem id="7020" name="Seed: Chilly Coda">
		<set name="class" value="OTHER"/>
		<set name="ex_type" value="OTHER_ITEMS"/>
		<set name="crystal_type" value="NONE"/>
		<set name="icon" value="icon.etc_coda_seed_i00"/>
		<set name="price" value="5"/>
		<set name="stackable" value="true"/>
		<set name="type" value="SEED"/>
		<set name="weight" value="1"/>
	</etcitem>
	<etcitem id="7021" name="Seed: Chilly Codran">
		<set name="class" value="OTHER"/>
		<set name="ex_type" value="OTHER_ITEMS"/>
		<set name="crystal_type" value="NONE"/>
		<set name="icon" value="icon.etc_codran_seed_i00"/>
		<set name="price" value="40"/>
		<set name="stackable" value="true"/>
		<set name="type" value="SEED"/>
		<set name="weight" value="1"/>
	</etcitem>
	<etcitem id="7022" name="Seed: Chilly Codran">
		<set name="class" value="OTHER"/>
		<set name="ex_type" value="OTHER_ITEMS"/>
		<set name="crystal_type" value="NONE"/>
		<set name="icon" value="icon.etc_codran_seed_i00"/>
		<set name="price" value="40"/>
		<set name="stackable" value="true"/>
		<set name="type" value="SEED"/>
		<set name="weight" value="1"/>
	</etcitem>
	<etcitem id="7023" name="Seed: Desert Codran">
		<set name="class" value="OTHER"/>
		<set name="ex_type" value="OTHER_ITEMS"/>
		<set name="crystal_type" value="NONE"/>
		<set name="icon" value="icon.etc_codran_seed_i00"/>
		<set name="price" value="100"/>
		<set name="stackable" value="true"/>
		<set name="type" value="SEED"/>
		<set name="weight" value="1"/>
	</etcitem>
	<etcitem id="7024" name="Seed: Desert Codran">
		<set name="class" value="OTHER"/>
		<set name="ex_type" value="OTHER_ITEMS"/>
		<set name="crystal_type" value="NONE"/>
		<set name="icon" value="icon.etc_codran_seed_i00"/>
		<set name="price" value="100"/>
		<set name="stackable" value="true"/>
		<set name="type" value="SEED"/>
		<set name="weight" value="1"/>
	</etcitem>
	<etcitem id="7025" name="Seed: Golden Cobol">
		<set name="class" value="OTHER"/>
		<set name="ex_type" value="OTHER_ITEMS"/>
		<set name="crystal_type" value="NONE"/>
		<set name="icon" value="icon.etc_cobol_seed_i00"/>
		<set name="price" value="50"/>
		<set name="stackable" value="true"/>
		<set name="type" value="SEED"/>
		<set name="weight" value="1"/>
	</etcitem>
	<etcitem id="7026" name="Seed: Golden Coda">
		<set name="class" value="OTHER"/>
		<set name="ex_type" value="OTHER_ITEMS"/>
		<set name="crystal_type" value="NONE"/>
		<set name="icon" value="icon.etc_coda_seed_i00"/>
		<set name="price" value="20"/>
		<set name="stackable" value="true"/>
		<set name="type" value="SEED"/>
		<set name="weight" value="1"/>
	</etcitem>
	<etcitem id="7027" name="Seed: Great Cobol">
		<set name="class" value="OTHER"/>
		<set name="ex_type" value="OTHER_ITEMS"/>
		<set name="crystal_type" value="NONE"/>
		<set name="icon" value="icon.etc_cobol_seed_i00"/>
		<set name="price" value="50"/>
		<set name="stackable" value="true"/>
		<set name="type" value="SEED"/>
		<set name="weight" value="1"/>
	</etcitem>
	<etcitem id="7028" name="Seed: Great Codran">
		<set name="class" value="OTHER"/>
		<set name="ex_type" value="OTHER_ITEMS"/>
		<set name="crystal_type" value="NONE"/>
		<set name="icon" value="icon.etc_codran_seed_i00"/>
		<set name="price" value="75"/>
		<set name="stackable" value="true"/>
		<set name="type" value="SEED"/>
		<set name="weight" value="1"/>
	</etcitem>
	<etcitem id="7029" name="Seed: Great Codran">
		<set name="class" value="OTHER"/>
		<set name="ex_type" value="OTHER_ITEMS"/>
		<set name="crystal_type" value="NONE"/>
		<set name="icon" value="icon.etc_codran_seed_i00"/>
		<set name="price" value="75"/>
		<set name="stackable" value="true"/>
		<set name="type" value="SEED"/>
		<set name="weight" value="1"/>
	</etcitem>
	<etcitem id="7030" name="Seed: Alternative Blue Cobol">
		<set name="class" value="OTHER"/>
		<set name="ex_type" value="OTHER_ITEMS"/>
		<set name="crystal_type" value="NONE"/>
		<set name="icon" value="icon.etc_cobol_seed_i00"/>
		<set name="price" value="50"/>
		<set name="stackable" value="true"/>
		<set name="type" value="SEED"/>
		<set name="weight" value="1"/>
	</etcitem>
	<etcitem id="7031" name="Seed: Alternative Blue Codran">
		<set name="class" value="OTHER"/>
		<set name="ex_type" value="OTHER_ITEMS"/>
		<set name="crystal_type" value="NONE"/>
		<set name="icon" value="icon.etc_codran_seed_i00"/>
		<set name="price" value="50"/>
		<set name="stackable" value="true"/>
		<set name="type" value="SEED"/>
		<set name="weight" value="1"/>
	</etcitem>
	<etcitem id="7032" name="Seed: Alternative Blue Codran">
		<set name="class" value="OTHER"/>
		<set name="ex_type" value="OTHER_ITEMS"/>
		<set name="crystal_type" value="NONE"/>
		<set name="icon" value="icon.etc_codran_seed_i00"/>
		<set name="price" value="50"/>
		<set name="stackable" value="true"/>
		<set name="type" value="SEED"/>
		<set name="weight" value="1"/>
	</etcitem>
	<etcitem id="7033" name="Seed: Alternative Chilly Cobol">
		<set name="class" value="OTHER"/>
		<set name="ex_type" value="OTHER_ITEMS"/>
		<set name="crystal_type" value="NONE"/>
		<set name="icon" value="icon.etc_cobol_seed_i00"/>
		<set name="price" value="25"/>
		<set name="stackable" value="true"/>
		<set name="type" value="SEED"/>
		<set name="weight" value="1"/>
	</etcitem>
	<etcitem id="7034" name="Seed: Alternative Chilly Coda">
		<set name="class" value="OTHER"/>
		<set name="ex_type" value="OTHER_ITEMS"/>
		<set name="crystal_type" value="NONE"/>
		<set name="icon" value="icon.etc_coda_seed_i00"/>
		<set name="price" value="5"/>
		<set name="stackable" value="true"/>
		<set name="type" value="SEED"/>
		<set name="weight" value="1"/>
	</etcitem>
	<etcitem id="7035" name="Seed: Alternative Chilly Codran">
		<set name="class" value="OTHER"/>
		<set name="ex_type" value="OTHER_ITEMS"/>
		<set name="crystal_type" value="NONE"/>
		<set name="icon" value="icon.etc_codran_seed_i00"/>
		<set name="price" value="40"/>
		<set name="stackable" value="true"/>
		<set name="type" value="SEED"/>
		<set name="weight" value="1"/>
	</etcitem>
	<etcitem id="7036" name="Seed: Alternative Chilly Codran">
		<set name="class" value="OTHER"/>
		<set name="ex_type" value="OTHER_ITEMS"/>
		<set name="crystal_type" value="NONE"/>
		<set name="icon" value="icon.etc_codran_seed_i00"/>
		<set name="price" value="40"/>
		<set name="stackable" value="true"/>
		<set name="type" value="SEED"/>
		<set name="weight" value="1"/>
	</etcitem>
	<etcitem id="7037" name="Seed: Alternative Desert Codran">
		<set name="class" value="OTHER"/>
		<set name="ex_type" value="OTHER_ITEMS"/>
		<set name="crystal_type" value="NONE"/>
		<set name="icon" value="icon.etc_codran_seed_i00"/>
		<set name="price" value="100"/>
		<set name="stackable" value="true"/>
		<set name="type" value="SEED"/>
		<set name="weight" value="1"/>
	</etcitem>
	<etcitem id="7038" name="Seed: Alternative Desert Codran">
		<set name="class" value="OTHER"/>
		<set name="ex_type" value="OTHER_ITEMS"/>
		<set name="crystal_type" value="NONE"/>
		<set name="icon" value="icon.etc_codran_seed_i00"/>
		<set name="price" value="100"/>
		<set name="stackable" value="true"/>
		<set name="type" value="SEED"/>
		<set name="weight" value="1"/>
	</etcitem>
	<etcitem id="7039" name="Seed: Alternative Golden Cobol">
		<set name="class" value="OTHER"/>
		<set name="ex_type" value="OTHER_ITEMS"/>
		<set name="crystal_type" value="NONE"/>
		<set name="icon" value="icon.etc_cobol_seed_i00"/>
		<set name="price" value="50"/>
		<set name="stackable" value="true"/>
		<set name="type" value="SEED"/>
		<set name="weight" value="1"/>
	</etcitem>
	<etcitem id="7040" name="Seed: Alternative Golden Coda">
		<set name="class" value="OTHER"/>
		<set name="ex_type" value="OTHER_ITEMS"/>
		<set name="crystal_type" value="NONE"/>
		<set name="icon" value="icon.etc_coda_seed_i00"/>
		<set name="price" value="20"/>
		<set name="stackable" value="true"/>
		<set name="type" value="SEED"/>
		<set name="weight" value="1"/>
	</etcitem>
	<etcitem id="7041" name="Seed: Alternative Great Cobol">
		<set name="class" value="OTHER"/>
		<set name="ex_type" value="OTHER_ITEMS"/>
		<set name="crystal_type" value="NONE"/>
		<set name="icon" value="icon.etc_cobol_seed_i00"/>
		<set name="price" value="50"/>
		<set name="stackable" value="true"/>
		<set name="type" value="SEED"/>
		<set name="weight" value="1"/>
	</etcitem>
	<etcitem id="7042" name="Seed: Alternative Great Codran">
		<set name="class" value="OTHER"/>
		<set name="ex_type" value="OTHER_ITEMS"/>
		<set name="crystal_type" value="NONE"/>
		<set name="icon" value="icon.etc_codran_seed_i00"/>
		<set name="price" value="75"/>
		<set name="stackable" value="true"/>
		<set name="type" value="SEED"/>
		<set name="weight" value="1"/>
	</etcitem>
	<etcitem id="7043" name="Seed: Alternative Great Codran">
		<set name="class" value="OTHER"/>
		<set name="ex_type" value="OTHER_ITEMS"/>
		<set name="crystal_type" value="NONE"/>
		<set name="icon" value="icon.etc_codran_seed_i00"/>
		<set name="price" value="75"/>
		<set name="stackable" value="true"/>
		<set name="type" value="SEED"/>
		<set name="weight" value="1"/>
	</etcitem>
	<etcitem id="7044" name="Seed: Alternative Red Cobol">
		<set name="class" value="OTHER"/>
		<set name="ex_type" value="OTHER_ITEMS"/>
		<set name="crystal_type" value="NONE"/>
		<set name="icon" value="icon.etc_cobol_seed_i00"/>
		<set name="price" value="20"/>
		<set name="stackable" value="true"/>
		<set name="type" value="SEED"/>
		<set name="weight" value="1"/>
	</etcitem>
	<etcitem id="7045" name="Seed: Alternative Red Codran">
		<set name="class" value="OTHER"/>
		<set name="ex_type" value="OTHER_ITEMS"/>
		<set name="crystal_type" value="NONE"/>
		<set name="icon" value="icon.etc_codran_seed_i00"/>
		<set name="price" value="40"/>
		<set name="stackable" value="true"/>
		<set name="type" value="SEED"/>
		<set name="weight" value="1"/>
	</etcitem>
	<etcitem id="7046" name="Seed: Alternative Red Codran">
		<set name="class" value="OTHER"/>
		<set name="ex_type" value="OTHER_ITEMS"/>
		<set name="crystal_type" value="NONE"/>
		<set name="icon" value="icon.etc_codran_seed_i00"/>
		<set name="price" value="40"/>
		<set name="stackable" value="true"/>
		<set name="type" value="SEED"/>
		<set name="weight" value="1"/>
	</etcitem>
	<etcitem id="7047" name="Seed: Alternative Sea Codran">
		<set name="class" value="OTHER"/>
		<set name="ex_type" value="OTHER_ITEMS"/>
		<set name="crystal_type" value="NONE"/>
		<set name="icon" value="icon.etc_codran_seed_i00"/>
		<set name="price" value="50"/>
		<set name="stackable" value="true"/>
		<set name="type" value="SEED"/>
		<set name="weight" value="1"/>
	</etcitem>
	<etcitem id="7048" name="Seed: Alternative Sea Codran">
		<set name="class" value="OTHER"/>
		<set name="ex_type" value="OTHER_ITEMS"/>
		<set name="crystal_type" value="NONE"/>
		<set name="icon" value="icon.etc_codran_seed_i00"/>
		<set name="price" value="50"/>
		<set name="stackable" value="true"/>
		<set name="type" value="SEED"/>
		<set name="weight" value="1"/>
	</etcitem>
	<etcitem id="7049" name="Seed: Alternative Sea Codran">
		<set name="class" value="OTHER"/>
		<set name="ex_type" value="OTHER_ITEMS"/>
		<set name="crystal_type" value="NONE"/>
		<set name="icon" value="icon.etc_codran_seed_i00"/>
		<set name="price" value="50"/>
		<set name="stackable" value="true"/>
		<set name="type" value="SEED"/>
		<set name="weight" value="1"/>
	</etcitem>
	<etcitem id="7050" name="Seed: Alternative Twin Codran">
		<set name="class" value="OTHER"/>
		<set name="ex_type" value="OTHER_ITEMS"/>
		<set name="crystal_type" value="NONE"/>
		<set name="icon" value="icon.etc_codran_seed_i00"/>
		<set name="price" value="50"/>
		<set name="stackable" value="true"/>
		<set name="type" value="SEED"/>
		<set name="weight" value="1"/>
	</etcitem>
	<etcitem id="7051" name="Seed: Red Cobol">
		<set name="class" value="OTHER"/>
		<set name="ex_type" value="OTHER_ITEMS"/>
		<set name="crystal_type" value="NONE"/>
		<set name="icon" value="icon.etc_cobol_seed_i00"/>
		<set name="price" value="20"/>
		<set name="stackable" value="true"/>
		<set name="type" value="SEED"/>
		<set name="weight" value="1"/>
	</etcitem>
	<etcitem id="7052" name="Seed: Red Codran">
		<set name="class" value="OTHER"/>
		<set name="ex_type" value="OTHER_ITEMS"/>
		<set name="crystal_type" value="NONE"/>
		<set name="icon" value="icon.etc_codran_seed_i00"/>
		<set name="price" value="40"/>
		<set name="stackable" value="true"/>
		<set name="type" value="SEED"/>
		<set name="weight" value="1"/>
	</etcitem>
	<etcitem id="7053" name="Seed: Red Codran">
		<set name="class" value="OTHER"/>
		<set name="ex_type" value="OTHER_ITEMS"/>
		<set name="crystal_type" value="NONE"/>
		<set name="icon" value="icon.etc_codran_seed_i00"/>
		<set name="price" value="40"/>
		<set name="stackable" value="true"/>
		<set name="type" value="SEED"/>
		<set name="weight" value="1"/>
	</etcitem>
	<etcitem id="7054" name="Seed: Sea Codran">
		<set name="class" value="OTHER"/>
		<set name="ex_type" value="OTHER_ITEMS"/>
		<set name="crystal_type" value="NONE"/>
		<set name="icon" value="icon.etc_codran_seed_i00"/>
		<set name="price" value="50"/>
		<set name="stackable" value="true"/>
		<set name="type" value="SEED"/>
		<set name="weight" value="1"/>
	</etcitem>
	<etcitem id="7055" name="Seed: Sea Codran">
		<set name="class" value="OTHER"/>
		<set name="ex_type" value="OTHER_ITEMS"/>
		<set name="crystal_type" value="NONE"/>
		<set name="icon" value="icon.etc_codran_seed_i00"/>
		<set name="price" value="50"/>
		<set name="stackable" value="true"/>
		<set name="type" value="SEED"/>
		<set name="weight" value="1"/>
	</etcitem>
	<etcitem id="7056" name="Seed: Sea Codran">
		<set name="class" value="OTHER"/>
		<set name="ex_type" value="OTHER_ITEMS"/>
		<set name="crystal_type" value="NONE"/>
		<set name="icon" value="icon.etc_codran_seed_i00"/>
		<set name="price" value="50"/>
		<set name="stackable" value="true"/>
		<set name="type" value="SEED"/>
		<set name="weight" value="1"/>
	</etcitem>
	<etcitem id="7057" name="Seed: Twin Codran">
		<set name="class" value="OTHER"/>
		<set name="ex_type" value="OTHER_ITEMS"/>
		<set name="crystal_type" value="NONE"/>
		<set name="icon" value="icon.etc_codran_seed_i00"/>
		<set name="price" value="50"/>
		<set name="stackable" value="true"/>
		<set name="type" value="SEED"/>
		<set name="weight" value="1"/>
	</etcitem>
	<etcitem id="7061" name="Echo Crystal - Theme of Birthday">
		<set name="reuse_delay" value="20000"/>
		<set name="class" value="OTHER"/>
		<set name="ex_type" value="OTHER_ITEMS"/>
		<set name="crystal_type" value="NONE"/>
		<set name="icon" value="icon.etc_echo_crystal_i00"/>
		<set name="stackable" value="true"/>
		<set name="type" value="OTHER"/>
		<set name="weight" value="10"/>
		<skills>
			<skill id="2073" level="2"/>
		</skills>
		<set name="capsuled" value="true"/>
	</etcitem>
	<etcitem id="7062" name="Echo Crystal - Theme of Wedding">
		<set name="reuse_delay" value="20000"/>
		<set name="class" value="OTHER"/>
		<set name="ex_type" value="OTHER_ITEMS"/>
		<set name="crystal_type" value="NONE"/>
		<set name="icon" value="icon.etc_echo_crystal_i01"/>
		<set name="stackable" value="true"/>
		<set name="type" value="OTHER"/>
		<set name="weight" value="10"/>
		<skills>
			<skill id="2230" level="1"/>
		</skills>
		<set name="capsuled" value="true"/>
	</etcitem>
	<etcitem id="7063" name="Map - Forest of the Dead">
		<set name="class" value="OTHER"/>
		<set name="ex_type" value="OTHER_ITEMS"/>
		<set name="crystal_type" value="NONE"/>
		<set name="icon" value="icon.etc_map_ivory_i00"/>
		<set name="type" value="QUEST"/>
		<set name="weight" value="1"/>
	</etcitem>
	<etcitem id="7064" name="Lidia's Diary">
		<set name="class" value="OTHER"/>
		<set name="ex_type" value="OTHER_ITEMS"/>
		<set name="crystal_type" value="NONE"/>
		<set name="icon" value="icon.etc_spellbook_blue_i00"/>
		<set name="type" value="QUEST"/>
		<set name="weight" value="1"/>
	</etcitem>
	<etcitem id="7065" name="Lidia's Letter">
		<set name="class" value="OTHER"/>
		<set name="ex_type" value="OTHER_ITEMS"/>
		<set name="crystal_type" value="NONE"/>
		<set name="icon" value="icon.etc_letter_red_i00"/>
		<set name="type" value="QUEST"/>
		<set name="weight" value="1"/>
	</etcitem>
	<etcitem id="7066" name="Contract">
		<set name="class" value="OTHER"/>
		<set name="ex_type" value="OTHER_ITEMS"/>
		<set name="crystal_type" value="NONE"/>
		<set name="icon" value="icon.etc_permit_card_i00"/>
		<set name="type" value="QUEST"/>
		<set name="weight" value="1"/>
	</etcitem>
	<etcitem id="7067" name="Special Bait 1">
		<set name="class" value="CONSUMABLE"/>
		<set name="crystal_type" value="NONE"/>
		<set name="icon" value="icon.etc_ultra_bomb_i00"/>
		<set name="stackable" value="true"/>
		<set name="type" value="BAIT"/>
		<set name="weight" value="1"/>
		<equip>
			<slot id="LEFT_HAND"/>
		</equip>
	</etcitem>
	<etcitem id="7068" name="Special Bait 2">
		<set name="class" value="CONSUMABLE"/>
		<set name="crystal_type" value="NONE"/>
		<set name="icon" value="icon.etc_ultra_bomb_i00"/>
		<set name="stackable" value="true"/>
		<set name="type" value="BAIT"/>
		<set name="weight" value="1"/>
		<equip>
			<slot id="LEFT_HAND"/>
		</equip>
	</etcitem>
	<etcitem id="7069" name="Special Bait 3">
		<set name="class" value="CONSUMABLE"/>
		<set name="crystal_type" value="NONE"/>
		<set name="icon" value="icon.etc_ultra_bomb_i00"/>
		<set name="stackable" value="true"/>
		<set name="type" value="BAIT"/>
		<set name="weight" value="1"/>
		<equip>
			<slot id="LEFT_HAND"/>
		</equip>
	</etcitem>
	<etcitem id="7070" name="Special Bait 4">
		<set name="class" value="CONSUMABLE"/>
		<set name="crystal_type" value="NONE"/>
		<set name="icon" value="icon.etc_ultra_bomb_i00"/>
		<set name="stackable" value="true"/>
		<set name="type" value="BAIT"/>
		<set name="weight" value="1"/>
		<equip>
			<slot id="LEFT_HAND"/>
		</equip>
	</etcitem>
	<etcitem id="7071" name="Special Fish 1">
		<set name="class" value="CONSUMABLE"/>
		<set name="crystal_type" value="NONE"/>
		<set name="icon" value="icon.etc_jewel_box_i00"/>
		<set name="stackable" value="true"/>
		<set name="type" value="BAIT"/>
		<set name="weight" value="1"/>
		<equip>
			<slot id="LEFT_HAND"/>
		</equip>
	</etcitem>
	<etcitem id="7072" name="Special Fish 2">
		<set name="class" value="CONSUMABLE"/>
		<set name="crystal_type" value="NONE"/>
		<set name="icon" value="icon.etc_jewel_box_i00"/>
		<set name="stackable" value="true"/>
		<set name="type" value="BAIT"/>
		<set name="weight" value="1"/>
		<equip>
			<slot id="LEFT_HAND"/>
		</equip>
	</etcitem>
	<etcitem id="7073" name="Special Fish 3">
		<set name="class" value="CONSUMABLE"/>
		<set name="crystal_type" value="NONE"/>
		<set name="icon" value="icon.etc_jewel_box_i00"/>
		<set name="stackable" value="true"/>
		<set name="type" value="BAIT"/>
		<set name="weight" value="1"/>
		<equip>
			<slot id="LEFT_HAND"/>
		</equip>
	</etcitem>
	<etcitem id="7074" name="Special Fish 4">
		<set name="class" value="CONSUMABLE"/>
		<set name="crystal_type" value="NONE"/>
		<set name="icon" value="icon.etc_jewel_box_i00"/>
		<set name="stackable" value="true"/>
		<set name="type" value="BAIT"/>
		<set name="weight" value="1"/>
		<equip>
			<slot id="LEFT_HAND"/>
		</equip>
	</etcitem>
	<etcitem id="7075" name="Entrance Pass to the Sepulcher">
		<set name="class" value="OTHER"/>
		<set name="ex_type" value="OTHER_ITEMS"/>
		<set name="crystal_type" value="NONE"/>
		<set name="icon" value="icon.etc_memopad_i00"/>
		<set name="stackable" value="true"/>
		<set name="type" value="OTHER"/>
	</etcitem>
	<etcitem id="7076" name="Mysterious Cloth">
		<set name="class" value="OTHER"/>
		<set name="ex_type" value="OTHER_ITEMS"/>
		<set name="crystal_type" value="NONE"/>
		<set name="icon" value="icon.etc_piece_of_cloth_white_i00"/>
		<set name="stackable" value="true"/>
		<set name="type" value="QUEST"/>
	</etcitem>
	<etcitem id="7077" name="Jewel Box">
		<set name="class" value="OTHER"/>
		<set name="ex_type" value="OTHER_ITEMS"/>
		<set name="crystal_type" value="NONE"/>
		<set name="icon" value="icon.etc_treasure_box_i02"/>
		<set name="stackable" value="true"/>
		<set name="type" value="QUEST"/>
	</etcitem>
	<etcitem id="7078" name="Sewing Kit">
		<set name="class" value="OTHER"/>
		<set name="ex_type" value="OTHER_ITEMS"/>
		<set name="crystal_type" value="NONE"/>
		<set name="icon" value="icon.etc_treasure_box_i00"/>
		<set name="stackable" value="true"/>
		<set name="type" value="QUEST"/>
	</etcitem>
	<etcitem id="7079" name="Dimensional Fragment">
		<set name="class" value="OTHER"/>
		<set name="ex_type" value="OTHER_ITEMS"/>
		<set name="crystal_type" value="NONE"/>
		<set name="icon" value="icon.etc_broken_crystal_blue_i00"/>
		<set name="stackable" value="true"/>
		<set name="type" value="OTHER"/>
	</etcitem>
	<etcitem id="7080" name="Ice Crystal">
		<set name="class" value="OTHER"/>
		<set name="ex_type" value="OTHER_ITEMS"/>
		<set name="crystal_type" value="NONE"/>
		<set name="icon" value="icon.etc_crystal_blue_i00"/>
		<set name="price" value="20000"/>
		<set name="type" value="QUEST"/>
	</etcitem>
	<etcitem id="7081" name="Divine Stone of Wisdom">
		<set name="class" value="OTHER"/>
		<set name="ex_type" value="OTHER_ITEMS"/>
		<set name="crystal_type" value="NONE"/>
		<set name="icon" value="icon.etc_stone_gray_i00"/>
		<set name="price" value="10000"/>
		<set name="type" value="QUEST"/>
		<set name="weight" value="10"/>
	</etcitem>
	<etcitem id="7082" name="Guild Report">
		<set name="class" value="OTHER"/>
		<set name="ex_type" value="OTHER_ITEMS"/>
		<set name="crystal_type" value="NONE"/>
		<set name="icon" value="icon.etc_magic_book_red_i00"/>
		<set name="stackable" value="true"/>
		<set name="type" value="QUEST"/>
	</etcitem>
	<etcitem id="7083" name="Guild Report">
		<set name="class" value="OTHER"/>
		<set name="ex_type" value="OTHER_ITEMS"/>
		<set name="crystal_type" value="NONE"/>
		<set name="icon" value="icon.etc_magic_book_red_i00"/>
		<set name="stackable" value="true"/>
		<set name="type" value="QUEST"/>
	</etcitem>
	<etcitem id="7084" name="Guild Report">
		<set name="class" value="OTHER"/>
		<set name="ex_type" value="OTHER_ITEMS"/>
		<set name="crystal_type" value="NONE"/>
		<set name="icon" value="icon.etc_magic_book_red_i00"/>
		<set name="stackable" value="true"/>
		<set name="type" value="QUEST"/>
	</etcitem>
	<etcitem id="7085" name="Guild Report">
		<set name="class" value="OTHER"/>
		<set name="ex_type" value="OTHER_ITEMS"/>
		<set name="crystal_type" value="NONE"/>
		<set name="icon" value="icon.etc_magic_book_red_i00"/>
		<set name="stackable" value="true"/>
		<set name="type" value="QUEST"/>
	</etcitem>
	<etcitem id="7086" name="Guild Report">
		<set name="class" value="OTHER"/>
		<set name="ex_type" value="OTHER_ITEMS"/>
		<set name="crystal_type" value="NONE"/>
		<set name="icon" value="icon.etc_magic_book_red_i00"/>
		<set name="stackable" value="true"/>
		<set name="type" value="QUEST"/>
	</etcitem>
	<etcitem id="7087" name="Tattered Book">
		<set name="class" value="OTHER"/>
		<set name="ex_type" value="OTHER_ITEMS"/>
		<set name="crystal_type" value="NONE"/>
		<set name="icon" value="icon.etc_spellbook_gray_i00"/>
		<set name="stackable" value="true"/>
		<set name="type" value="QUEST"/>
	</etcitem>
	<etcitem id="7088" name="Tattered Book">
		<set name="class" value="OTHER"/>
		<set name="ex_type" value="OTHER_ITEMS"/>
		<set name="crystal_type" value="NONE"/>
		<set name="icon" value="icon.etc_spellbook_gray_i00"/>
		<set name="stackable" value="true"/>
		<set name="type" value="QUEST"/>
	</etcitem>
	<etcitem id="7089" name="Tattered Book">
		<set name="class" value="OTHER"/>
		<set name="ex_type" value="OTHER_ITEMS"/>
		<set name="crystal_type" value="NONE"/>
		<set name="icon" value="icon.etc_spellbook_gray_i00"/>
		<set name="stackable" value="true"/>
		<set name="type" value="QUEST"/>
	</etcitem>
	<etcitem id="7090" name="Tattered Book">
		<set name="class" value="OTHER"/>
		<set name="ex_type" value="OTHER_ITEMS"/>
		<set name="crystal_type" value="NONE"/>
		<set name="icon" value="icon.etc_spellbook_gray_i00"/>
		<set name="stackable" value="true"/>
		<set name="type" value="QUEST"/>
	</etcitem>
	<etcitem id="7091" name="Guild Report">
		<set name="class" value="OTHER"/>
		<set name="ex_type" value="OTHER_ITEMS"/>
		<set name="crystal_type" value="NONE"/>
		<set name="icon" value="icon.etc_scroll_white_i00"/>
		<set name="stackable" value="true"/>
		<set name="type" value="QUEST"/>
	</etcitem>
	<etcitem id="7092" name="Guild Report">
		<set name="class" value="OTHER"/>
		<set name="ex_type" value="OTHER_ITEMS"/>
		<set name="crystal_type" value="NONE"/>
		<set name="icon" value="icon.etc_scroll_white_i00"/>
		<set name="stackable" value="true"/>
		<set name="type" value="QUEST"/>
	</etcitem>
	<etcitem id="7093" name="Sculpture of the Fallen Knight">
		<set name="class" value="OTHER"/>
		<set name="ex_type" value="OTHER_ITEMS"/>
		<set name="crystal_type" value="NONE"/>
		<set name="icon" value="icon.etc_spellbook_blue_i00"/>
		<set name="type" value="QUEST"/>
	</etcitem>
	<etcitem id="7094" name="Record of Mother Tree Guardian">
		<set name="class" value="OTHER"/>
		<set name="ex_type" value="OTHER_ITEMS"/>
		<set name="crystal_type" value="NONE"/>
		<set name="icon" value="icon.etc_spellbook_blue_i00"/>
		<set name="type" value="QUEST"/>
	</etcitem>
	<etcitem id="7095" name="Criticism of Biel's Song">
		<set name="class" value="OTHER"/>
		<set name="ex_type" value="OTHER_ITEMS"/>
		<set name="crystal_type" value="NONE"/>
		<set name="icon" value="icon.etc_spellbook_blue_i00"/>
		<set name="type" value="QUEST"/>
	</etcitem>
	<etcitem id="7096" name="The Last Days of Swordsman Iron">
		<set name="class" value="OTHER"/>
		<set name="ex_type" value="OTHER_ITEMS"/>
		<set name="crystal_type" value="NONE"/>
		<set name="icon" value="icon.etc_spellbook_blue_i00"/>
		<set name="type" value="QUEST"/>
	</etcitem>
	<etcitem id="7097" name="Contemplation of White Wing Army">
		<set name="class" value="OTHER"/>
		<set name="ex_type" value="OTHER_ITEMS"/>
		<set name="crystal_type" value="NONE"/>
		<set name="icon" value="icon.etc_spellbook_blue_i00"/>
		<set name="type" value="QUEST"/>
	</etcitem>
	<etcitem id="7098" name="Record of Traitor Muhark">
		<set name="class" value="OTHER"/>
		<set name="ex_type" value="OTHER_ITEMS"/>
		<set name="crystal_type" value="NONE"/>
		<set name="icon" value="icon.etc_spellbook_blue_i00"/>
		<set name="type" value="QUEST"/>
	</etcitem>
	<etcitem id="7099" name="Secret Book of Khavatari">
		<set name="class" value="OTHER"/>
		<set name="ex_type" value="OTHER_ITEMS"/>
		<set name="crystal_type" value="NONE"/>
		<set name="icon" value="icon.etc_spellbook_blue_i00"/>
		<set name="type" value="QUEST"/>
	</etcitem>
</list>
