<?xml version="1.0" encoding="UTF-8"?>
<!DOCTYPE list SYSTEM "item.dtd">
<list>
	<etcitem id="7700" name="Recipe: Daisy Hairpin (100%)">
		<set name="class" value="RECIPIES"/>
		<set name="crystal_type" value="NONE"/>
		<set name="icon" value="icon.etc_recipe_green_i00"/>
		<set name="price" value="100000"/>
		<set name="stackable" value="true"/>
		<set name="type" value="RECIPE"/>
		<set name="ex_type" value="RECIPE"/>
		<set name="weight" value="30"/>
	</etcitem>
	<etcitem id="7725" name="Loot - Gray Pouch">
		<set name="class" value="OTHER"/>
		<set name="ex_type" value="OTHER_ITEMS"/>
		<set name="crystal_type" value="NONE"/>
		<set name="icon" value="icon.etc_pouch_gray_i00"/>
		<set name="stackable" value="true"/>
		<set name="type" value="OTHER"/>
		<set name="weight" value="1"/>
		<skills>
			<skill id="2218" level="3"/>
		</skills>
		<set name="capsuled" value="true"/>
	</etcitem>
	<etcitem id="7726" name="Small Nimble Green Fish - For Beginners">
		<set name="class" value="OTHER"/>
		<set name="ex_type" value="OTHER_ITEMS"/>
		<set name="crystal_type" value="NONE"/>
		<set name="icon" value="icon.etc_tuna_i07"/>
		<set name="price" value="69"/>
		<set name="stackable" value="true"/>
		<set name="type" value="OTHER"/>
		<set name="weight" value="100"/>
		<skills>
			<skill id="2220" level="1"/>
		</skills>
	</etcitem>
	<etcitem id="7727" name="Small Ugly Green Fish - For Beginners">
		<set name="class" value="OTHER"/>
		<set name="ex_type" value="OTHER_ITEMS"/>
		<set name="crystal_type" value="NONE"/>
		<set name="icon" value="icon.etc_angler_i07"/>
		<set name="price" value="71"/>
		<set name="stackable" value="true"/>
		<set name="type" value="OTHER"/>
		<set name="weight" value="100"/>
		<skills>
			<skill id="2220" level="2"/>
		</skills>
	</etcitem>
	<etcitem id="7728" name="Small Pudgy Green Fish - For Beginners">
		<set name="class" value="OTHER"/>
		<set name="ex_type" value="OTHER_ITEMS"/>
		<set name="crystal_type" value="NONE"/>
		<set name="icon" value="icon.etc_bream_i07"/>
		<set name="price" value="77"/>
		<set name="stackable" value="true"/>
		<set name="type" value="OTHER"/>
		<set name="weight" value="100"/>
		<skills>
			<skill id="2220" level="3"/>
		</skills>
	</etcitem>
	<etcitem id="7729" name="Nimble Green Fish - For Beginners">
		<set name="class" value="OTHER"/>
		<set name="ex_type" value="OTHER_ITEMS"/>
		<set name="crystal_type" value="NONE"/>
		<set name="icon" value="icon.etc_tuna_i07"/>
		<set name="price" value="84"/>
		<set name="stackable" value="true"/>
		<set name="type" value="OTHER"/>
		<set name="weight" value="100"/>
		<skills>
			<skill id="2220" level="4"/>
		</skills>
	</etcitem>
	<etcitem id="7730" name="Ugly Green Fish - For Beginners">
		<set name="class" value="OTHER"/>
		<set name="ex_type" value="OTHER_ITEMS"/>
		<set name="crystal_type" value="NONE"/>
		<set name="icon" value="icon.etc_angler_i07"/>
		<set name="price" value="94"/>
		<set name="stackable" value="true"/>
		<set name="type" value="OTHER"/>
		<set name="weight" value="100"/>
		<skills>
			<skill id="2220" level="5"/>
		</skills>
	</etcitem>
	<etcitem id="7731" name="Pudgy Green Fish - For Beginners">
		<set name="class" value="OTHER"/>
		<set name="ex_type" value="OTHER_ITEMS"/>
		<set name="crystal_type" value="NONE"/>
		<set name="icon" value="icon.etc_bream_i07"/>
		<set name="price" value="104"/>
		<set name="stackable" value="true"/>
		<set name="type" value="OTHER"/>
		<set name="weight" value="100"/>
		<skills>
			<skill id="2220" level="6"/>
		</skills>
	</etcitem>
	<etcitem id="7732" name="Large Nimble Green Fish - For Beginners">
		<set name="class" value="OTHER"/>
		<set name="ex_type" value="OTHER_ITEMS"/>
		<set name="crystal_type" value="NONE"/>
		<set name="icon" value="icon.etc_tuna_i07"/>
		<set name="price" value="113"/>
		<set name="stackable" value="true"/>
		<set name="type" value="OTHER"/>
		<set name="weight" value="100"/>
		<skills>
			<skill id="2220" level="7"/>
		</skills>
	</etcitem>
	<etcitem id="7733" name="Large Ugly Green Fish - For Beginners">
		<set name="class" value="OTHER"/>
		<set name="ex_type" value="OTHER_ITEMS"/>
		<set name="crystal_type" value="NONE"/>
		<set name="icon" value="icon.etc_angler_i07"/>
		<set name="price" value="124"/>
		<set name="stackable" value="true"/>
		<set name="type" value="OTHER"/>
		<set name="weight" value="100"/>
		<skills>
			<skill id="2220" level="8"/>
		</skills>
	</etcitem>
	<etcitem id="7734" name="Large Pudgy Green Fish - For Beginners">
		<set name="class" value="OTHER"/>
		<set name="ex_type" value="OTHER_ITEMS"/>
		<set name="crystal_type" value="NONE"/>
		<set name="icon" value="icon.etc_bream_i07"/>
		<set name="price" value="133"/>
		<set name="stackable" value="true"/>
		<set name="type" value="OTHER"/>
		<set name="weight" value="100"/>
		<skills>
			<skill id="2220" level="9"/>
		</skills>
	</etcitem>
	<etcitem id="7735" name="Small Jade Nimble Fish - For Beginners">
		<set name="class" value="OTHER"/>
		<set name="ex_type" value="OTHER_ITEMS"/>
		<set name="crystal_type" value="NONE"/>
		<set name="icon" value="icon.etc_tuna_i06"/>
		<set name="price" value="143"/>
		<set name="stackable" value="true"/>
		<set name="type" value="OTHER"/>
		<set name="weight" value="100"/>
		<skills>
			<skill id="2221" level="1"/>
		</skills>
	</etcitem>
	<etcitem id="7736" name="Small Jade Ugly Fish - For Beginners">
		<set name="class" value="OTHER"/>
		<set name="ex_type" value="OTHER_ITEMS"/>
		<set name="crystal_type" value="NONE"/>
		<set name="icon" value="icon.etc_angler_i06"/>
		<set name="price" value="167"/>
		<set name="stackable" value="true"/>
		<set name="type" value="OTHER"/>
		<set name="weight" value="100"/>
		<skills>
			<skill id="2221" level="2"/>
		</skills>
	</etcitem>
	<etcitem id="7737" name="Small Jade Fat Fish - For Beginners">
		<set name="class" value="OTHER"/>
		<set name="ex_type" value="OTHER_ITEMS"/>
		<set name="crystal_type" value="NONE"/>
		<set name="icon" value="icon.etc_bream_i06"/>
		<set name="price" value="167"/>
		<set name="stackable" value="true"/>
		<set name="type" value="OTHER"/>
		<set name="weight" value="100"/>
		<skills>
			<skill id="2221" level="3"/>
		</skills>
	</etcitem>
	<etcitem id="7738" name="Jade Nimble Fish - For Beginners">
		<set name="class" value="OTHER"/>
		<set name="ex_type" value="OTHER_ITEMS"/>
		<set name="crystal_type" value="NONE"/>
		<set name="icon" value="icon.etc_tuna_i06"/>
		<set name="price" value="166"/>
		<set name="stackable" value="true"/>
		<set name="type" value="OTHER"/>
		<set name="weight" value="100"/>
		<skills>
			<skill id="2221" level="4"/>
		</skills>
	</etcitem>
	<etcitem id="7739" name="Jade Ugly Fish - For Beginners">
		<set name="class" value="OTHER"/>
		<set name="ex_type" value="OTHER_ITEMS"/>
		<set name="crystal_type" value="NONE"/>
		<set name="icon" value="icon.etc_angler_i06"/>
		<set name="price" value="165"/>
		<set name="stackable" value="true"/>
		<set name="type" value="OTHER"/>
		<set name="weight" value="100"/>
		<skills>
			<skill id="2221" level="5"/>
		</skills>
	</etcitem>
	<etcitem id="7740" name="Jade Fat Fish - For Beginners">
		<set name="class" value="OTHER"/>
		<set name="ex_type" value="OTHER_ITEMS"/>
		<set name="crystal_type" value="NONE"/>
		<set name="icon" value="icon.etc_bream_i06"/>
		<set name="price" value="165"/>
		<set name="stackable" value="true"/>
		<set name="type" value="OTHER"/>
		<set name="weight" value="100"/>
		<skills>
			<skill id="2221" level="6"/>
		</skills>
	</etcitem>
	<etcitem id="7741" name="Large Jade Nimble Fish - For Beginners">
		<set name="class" value="OTHER"/>
		<set name="ex_type" value="OTHER_ITEMS"/>
		<set name="crystal_type" value="NONE"/>
		<set name="icon" value="icon.etc_tuna_i06"/>
		<set name="price" value="164"/>
		<set name="stackable" value="true"/>
		<set name="type" value="OTHER"/>
		<set name="weight" value="100"/>
		<skills>
			<skill id="2221" level="7"/>
		</skills>
	</etcitem>
	<etcitem id="7742" name="Large Jade Ugly Fish - For Beginners">
		<set name="class" value="OTHER"/>
		<set name="ex_type" value="OTHER_ITEMS"/>
		<set name="crystal_type" value="NONE"/>
		<set name="icon" value="icon.etc_angler_i06"/>
		<set name="price" value="164"/>
		<set name="stackable" value="true"/>
		<set name="type" value="OTHER"/>
		<set name="weight" value="100"/>
		<skills>
			<skill id="2221" level="8"/>
		</skills>
	</etcitem>
	<etcitem id="7743" name="Large Jade Fat Fish - For Beginners">
		<set name="class" value="OTHER"/>
		<set name="ex_type" value="OTHER_ITEMS"/>
		<set name="crystal_type" value="NONE"/>
		<set name="icon" value="icon.etc_bream_i06"/>
		<set name="price" value="163"/>
		<set name="stackable" value="true"/>
		<set name="type" value="OTHER"/>
		<set name="weight" value="100"/>
		<skills>
			<skill id="2221" level="9"/>
		</skills>
	</etcitem>
	<etcitem id="7744" name="Small Blue Nimble Fish - For Beginners">
		<set name="class" value="OTHER"/>
		<set name="ex_type" value="OTHER_ITEMS"/>
		<set name="crystal_type" value="NONE"/>
		<set name="icon" value="icon.etc_tuna_i01"/>
		<set name="price" value="163"/>
		<set name="stackable" value="true"/>
		<set name="type" value="OTHER"/>
		<set name="weight" value="100"/>
		<skills>
			<skill id="2222" level="1"/>
		</skills>
	</etcitem>
	<etcitem id="7745" name="Small Blue Ugly Fish - For Beginners">
		<set name="class" value="OTHER"/>
		<set name="ex_type" value="OTHER_ITEMS"/>
		<set name="crystal_type" value="NONE"/>
		<set name="icon" value="icon.etc_angler_i01"/>
		<set name="price" value="163"/>
		<set name="stackable" value="true"/>
		<set name="type" value="OTHER"/>
		<set name="weight" value="100"/>
		<skills>
			<skill id="2222" level="2"/>
		</skills>
	</etcitem>
	<etcitem id="7746" name="Small Blue Fat Fish - For Beginners">
		<set name="class" value="OTHER"/>
		<set name="ex_type" value="OTHER_ITEMS"/>
		<set name="crystal_type" value="NONE"/>
		<set name="icon" value="icon.etc_bream_i01"/>
		<set name="price" value="198"/>
		<set name="stackable" value="true"/>
		<set name="type" value="OTHER"/>
		<set name="weight" value="100"/>
		<skills>
			<skill id="2222" level="3"/>
		</skills>
	</etcitem>
	<etcitem id="7747" name="Blue Nimble Fish - For Beginners">
		<set name="class" value="OTHER"/>
		<set name="ex_type" value="OTHER_ITEMS"/>
		<set name="crystal_type" value="NONE"/>
		<set name="icon" value="icon.etc_tuna_i01"/>
		<set name="price" value="202"/>
		<set name="stackable" value="true"/>
		<set name="type" value="OTHER"/>
		<set name="weight" value="100"/>
		<skills>
			<skill id="2222" level="4"/>
		</skills>
	</etcitem>
	<etcitem id="7748" name="Blue Ugly Fish - For Beginners">
		<set name="class" value="OTHER"/>
		<set name="ex_type" value="OTHER_ITEMS"/>
		<set name="crystal_type" value="NONE"/>
		<set name="icon" value="icon.etc_angler_i01"/>
		<set name="price" value="197"/>
		<set name="stackable" value="true"/>
		<set name="type" value="OTHER"/>
		<set name="weight" value="100"/>
		<skills>
			<skill id="2222" level="5"/>
		</skills>
	</etcitem>
	<etcitem id="7749" name="Blue Fat Fish - For Beginners">
		<set name="class" value="OTHER"/>
		<set name="ex_type" value="OTHER_ITEMS"/>
		<set name="crystal_type" value="NONE"/>
		<set name="icon" value="icon.etc_bream_i01"/>
		<set name="price" value="210"/>
		<set name="stackable" value="true"/>
		<set name="type" value="OTHER"/>
		<set name="weight" value="100"/>
		<skills>
			<skill id="2222" level="6"/>
		</skills>
	</etcitem>
	<etcitem id="7750" name="Large Blue Nimble Fish - For Beginners">
		<set name="class" value="OTHER"/>
		<set name="ex_type" value="OTHER_ITEMS"/>
		<set name="crystal_type" value="NONE"/>
		<set name="icon" value="icon.etc_tuna_i01"/>
		<set name="price" value="213"/>
		<set name="stackable" value="true"/>
		<set name="type" value="OTHER"/>
		<set name="weight" value="100"/>
		<skills>
			<skill id="2222" level="7"/>
		</skills>
	</etcitem>
	<etcitem id="7751" name="Large Blue Ugly Fish - For Beginners">
		<set name="class" value="OTHER"/>
		<set name="ex_type" value="OTHER_ITEMS"/>
		<set name="crystal_type" value="NONE"/>
		<set name="icon" value="icon.etc_angler_i01"/>
		<set name="price" value="216"/>
		<set name="stackable" value="true"/>
		<set name="type" value="OTHER"/>
		<set name="weight" value="100"/>
		<skills>
			<skill id="2222" level="8"/>
		</skills>
	</etcitem>
	<etcitem id="7752" name="Large Blue Fat Fish - For Beginners">
		<set name="class" value="OTHER"/>
		<set name="ex_type" value="OTHER_ITEMS"/>
		<set name="crystal_type" value="NONE"/>
		<set name="icon" value="icon.etc_bream_i01"/>
		<set name="price" value="218"/>
		<set name="stackable" value="true"/>
		<set name="type" value="OTHER"/>
		<set name="weight" value="100"/>
		<skills>
			<skill id="2222" level="9"/>
		</skills>
	</etcitem>
	<etcitem id="7753" name="Small Yellow Nimble Fish - For Beginners">
		<set name="class" value="OTHER"/>
		<set name="ex_type" value="OTHER_ITEMS"/>
		<set name="crystal_type" value="NONE"/>
		<set name="icon" value="icon.etc_tuna_i02"/>
		<set name="price" value="221"/>
		<set name="stackable" value="true"/>
		<set name="type" value="OTHER"/>
		<set name="weight" value="100"/>
		<skills>
			<skill id="2223" level="1"/>
		</skills>
	</etcitem>
	<etcitem id="7754" name="Small Yellow Ugly Fish - For Beginners">
		<set name="class" value="OTHER"/>
		<set name="ex_type" value="OTHER_ITEMS"/>
		<set name="crystal_type" value="NONE"/>
		<set name="icon" value="icon.etc_angler_i02"/>
		<set name="price" value="224"/>
		<set name="stackable" value="true"/>
		<set name="type" value="OTHER"/>
		<set name="weight" value="100"/>
		<skills>
			<skill id="2223" level="2"/>
		</skills>
	</etcitem>
	<etcitem id="7755" name="Small Yellow Fat Fish - For Beginners">
		<set name="class" value="OTHER"/>
		<set name="ex_type" value="OTHER_ITEMS"/>
		<set name="crystal_type" value="NONE"/>
		<set name="icon" value="icon.etc_bream_i02"/>
		<set name="price" value="226"/>
		<set name="stackable" value="true"/>
		<set name="type" value="OTHER"/>
		<set name="weight" value="100"/>
		<skills>
			<skill id="2223" level="3"/>
		</skills>
	</etcitem>
	<etcitem id="7756" name="Yellow Nimble Fish - For Beginners">
		<set name="class" value="OTHER"/>
		<set name="ex_type" value="OTHER_ITEMS"/>
		<set name="crystal_type" value="NONE"/>
		<set name="icon" value="icon.etc_tuna_i02"/>
		<set name="price" value="270"/>
		<set name="stackable" value="true"/>
		<set name="type" value="OTHER"/>
		<set name="weight" value="100"/>
		<skills>
			<skill id="2223" level="4"/>
		</skills>
	</etcitem>
	<etcitem id="7757" name="Yellow Ugly Fish - For Beginners">
		<set name="class" value="OTHER"/>
		<set name="ex_type" value="OTHER_ITEMS"/>
		<set name="crystal_type" value="NONE"/>
		<set name="icon" value="icon.etc_angler_i02"/>
		<set name="price" value="277"/>
		<set name="stackable" value="true"/>
		<set name="type" value="OTHER"/>
		<set name="weight" value="100"/>
		<skills>
			<skill id="2223" level="5"/>
		</skills>
	</etcitem>
	<etcitem id="7758" name="Yellow Fat Fish - For Beginners">
		<set name="class" value="OTHER"/>
		<set name="ex_type" value="OTHER_ITEMS"/>
		<set name="crystal_type" value="NONE"/>
		<set name="icon" value="icon.etc_bream_i02"/>
		<set name="price" value="284"/>
		<set name="stackable" value="true"/>
		<set name="type" value="OTHER"/>
		<set name="weight" value="100"/>
		<skills>
			<skill id="2223" level="6"/>
		</skills>
	</etcitem>
	<etcitem id="7759" name="Large Yellow Nimble Fish - For Beginners">
		<set name="class" value="OTHER"/>
		<set name="ex_type" value="OTHER_ITEMS"/>
		<set name="crystal_type" value="NONE"/>
		<set name="icon" value="icon.etc_tuna_i02"/>
		<set name="price" value="290"/>
		<set name="stackable" value="true"/>
		<set name="type" value="OTHER"/>
		<set name="weight" value="100"/>
		<skills>
			<skill id="2223" level="7"/>
		</skills>
	</etcitem>
	<etcitem id="7760" name="Large Yellow Ugly Fish - For Beginners">
		<set name="class" value="OTHER"/>
		<set name="ex_type" value="OTHER_ITEMS"/>
		<set name="crystal_type" value="NONE"/>
		<set name="icon" value="icon.etc_angler_i02"/>
		<set name="price" value="297"/>
		<set name="stackable" value="true"/>
		<set name="type" value="OTHER"/>
		<set name="weight" value="100"/>
		<skills>
			<skill id="2223" level="8"/>
		</skills>
	</etcitem>
	<etcitem id="7761" name="Large Yellow Fat Fish - For Beginners">
		<set name="class" value="OTHER"/>
		<set name="ex_type" value="OTHER_ITEMS"/>
		<set name="crystal_type" value="NONE"/>
		<set name="icon" value="icon.etc_bream_i02"/>
		<set name="price" value="304"/>
		<set name="stackable" value="true"/>
		<set name="type" value="OTHER"/>
		<set name="weight" value="100"/>
		<skills>
			<skill id="2223" level="9"/>
		</skills>
	</etcitem>
	<etcitem id="7762" name="Small Orange Nimble Fish - For Beginners">
		<set name="class" value="OTHER"/>
		<set name="ex_type" value="OTHER_ITEMS"/>
		<set name="crystal_type" value="NONE"/>
		<set name="icon" value="icon.etc_tuna_i08"/>
		<set name="price" value="311"/>
		<set name="stackable" value="true"/>
		<set name="type" value="OTHER"/>
		<set name="weight" value="100"/>
		<skills>
			<skill id="2224" level="1"/>
		</skills>
	</etcitem>
	<etcitem id="7763" name="Small Orange Ugly Fish - For Beginners">
		<set name="class" value="OTHER"/>
		<set name="ex_type" value="OTHER_ITEMS"/>
		<set name="crystal_type" value="NONE"/>
		<set name="icon" value="icon.etc_angler_i08"/>
		<set name="price" value="318"/>
		<set name="stackable" value="true"/>
		<set name="type" value="OTHER"/>
		<set name="weight" value="100"/>
		<skills>
			<skill id="2224" level="2"/>
		</skills>
	</etcitem>
	<etcitem id="7764" name="Small Orange Fat Fish - For Beginners">
		<set name="class" value="OTHER"/>
		<set name="ex_type" value="OTHER_ITEMS"/>
		<set name="crystal_type" value="NONE"/>
		<set name="icon" value="icon.etc_bream_i08"/>
		<set name="price" value="325"/>
		<set name="stackable" value="true"/>
		<set name="type" value="OTHER"/>
		<set name="weight" value="100"/>
		<skills>
			<skill id="2224" level="3"/>
		</skills>
	</etcitem>
	<etcitem id="7765" name="Orange Nimble Fish - For Beginners">
		<set name="class" value="OTHER"/>
		<set name="ex_type" value="OTHER_ITEMS"/>
		<set name="crystal_type" value="NONE"/>
		<set name="icon" value="icon.etc_tuna_i08"/>
		<set name="price" value="332"/>
		<set name="stackable" value="true"/>
		<set name="type" value="OTHER"/>
		<set name="weight" value="100"/>
		<skills>
			<skill id="2224" level="4"/>
		</skills>
	</etcitem>
	<etcitem id="7766" name="Orange Ugly Fish - For Beginners">
		<set name="class" value="OTHER"/>
		<set name="ex_type" value="OTHER_ITEMS"/>
		<set name="crystal_type" value="NONE"/>
		<set name="icon" value="icon.etc_angler_i08"/>
		<set name="price" value="388"/>
		<set name="stackable" value="true"/>
		<set name="type" value="OTHER"/>
		<set name="weight" value="100"/>
		<skills>
			<skill id="2224" level="5"/>
		</skills>
	</etcitem>
	<etcitem id="7767" name="Orange Fat Fish - For Beginners">
		<set name="class" value="OTHER"/>
		<set name="ex_type" value="OTHER_ITEMS"/>
		<set name="crystal_type" value="NONE"/>
		<set name="icon" value="icon.etc_bream_i08"/>
		<set name="price" value="396"/>
		<set name="stackable" value="true"/>
		<set name="type" value="OTHER"/>
		<set name="weight" value="100"/>
		<skills>
			<skill id="2224" level="6"/>
		</skills>
	</etcitem>
	<etcitem id="7768" name="Large Orange Nimble Fish - For Beginners">
		<set name="class" value="OTHER"/>
		<set name="ex_type" value="OTHER_ITEMS"/>
		<set name="crystal_type" value="NONE"/>
		<set name="icon" value="icon.etc_tuna_i08"/>
		<set name="price" value="408"/>
		<set name="stackable" value="true"/>
		<set name="type" value="OTHER"/>
		<set name="weight" value="100"/>
		<skills>
			<skill id="2224" level="7"/>
		</skills>
	</etcitem>
	<etcitem id="7769" name="Large Orange Ugly Fish - For Beginners">
		<set name="class" value="OTHER"/>
		<set name="ex_type" value="OTHER_ITEMS"/>
		<set name="crystal_type" value="NONE"/>
		<set name="icon" value="icon.etc_angler_i08"/>
		<set name="price" value="420"/>
		<set name="stackable" value="true"/>
		<set name="type" value="OTHER"/>
		<set name="weight" value="100"/>
		<skills>
			<skill id="2224" level="8"/>
		</skills>
	</etcitem>
	<etcitem id="7770" name="Large Orange Fat Fish - For Beginners">
		<set name="class" value="OTHER"/>
		<set name="ex_type" value="OTHER_ITEMS"/>
		<set name="crystal_type" value="NONE"/>
		<set name="icon" value="icon.etc_bream_i08"/>
		<set name="price" value="429"/>
		<set name="stackable" value="true"/>
		<set name="type" value="OTHER"/>
		<set name="weight" value="100"/>
		<skills>
			<skill id="2224" level="9"/>
		</skills>
	</etcitem>
	<etcitem id="7771" name="Small Purple Nimble Fish - For Beginners">
		<set name="class" value="OTHER"/>
		<set name="ex_type" value="OTHER_ITEMS"/>
		<set name="crystal_type" value="NONE"/>
		<set name="icon" value="icon.etc_tuna_i04"/>
		<set name="price" value="438"/>
		<set name="stackable" value="true"/>
		<set name="type" value="OTHER"/>
		<set name="weight" value="100"/>
		<skills>
			<skill id="2225" level="1"/>
		</skills>
	</etcitem>
	<etcitem id="7772" name="Small Purple Ugly Fish - For Beginners">
		<set name="class" value="OTHER"/>
		<set name="ex_type" value="OTHER_ITEMS"/>
		<set name="crystal_type" value="NONE"/>
		<set name="icon" value="icon.etc_angler_i04"/>
		<set name="price" value="447"/>
		<set name="stackable" value="true"/>
		<set name="type" value="OTHER"/>
		<set name="weight" value="100"/>
		<skills>
			<skill id="2225" level="2"/>
		</skills>
	</etcitem>
	<etcitem id="7773" name="Small Purple Fat Fish - For Beginners">
		<set name="class" value="OTHER"/>
		<set name="ex_type" value="OTHER_ITEMS"/>
		<set name="crystal_type" value="NONE"/>
		<set name="icon" value="icon.etc_bream_i04"/>
		<set name="price" value="455"/>
		<set name="stackable" value="true"/>
		<set name="type" value="OTHER"/>
		<set name="weight" value="100"/>
		<skills>
			<skill id="2225" level="3"/>
		</skills>
	</etcitem>
	<etcitem id="7774" name="Purple Nimble Fish - For Beginners">
		<set name="class" value="OTHER"/>
		<set name="ex_type" value="OTHER_ITEMS"/>
		<set name="crystal_type" value="NONE"/>
		<set name="icon" value="icon.etc_tuna_i04"/>
		<set name="price" value="465"/>
		<set name="stackable" value="true"/>
		<set name="type" value="OTHER"/>
		<set name="weight" value="100"/>
		<skills>
			<skill id="2225" level="4"/>
		</skills>
	</etcitem>
	<etcitem id="7775" name="Purple Ugly Fish - For Beginners">
		<set name="class" value="OTHER"/>
		<set name="ex_type" value="OTHER_ITEMS"/>
		<set name="crystal_type" value="NONE"/>
		<set name="icon" value="icon.etc_angler_i04"/>
		<set name="price" value="474"/>
		<set name="stackable" value="true"/>
		<set name="type" value="OTHER"/>
		<set name="weight" value="100"/>
		<skills>
			<skill id="2225" level="5"/>
		</skills>
	</etcitem>
	<etcitem id="7776" name="Purple Fat Fish - For Beginners">
		<set name="class" value="OTHER"/>
		<set name="ex_type" value="OTHER_ITEMS"/>
		<set name="crystal_type" value="NONE"/>
		<set name="icon" value="icon.etc_bream_i04"/>
		<set name="price" value="545"/>
		<set name="stackable" value="true"/>
		<set name="type" value="OTHER"/>
		<set name="weight" value="100"/>
		<skills>
			<skill id="2225" level="6"/>
		</skills>
	</etcitem>
	<etcitem id="7777" name="Large Purple Nimble Fish - For Beginners">
		<set name="class" value="OTHER"/>
		<set name="ex_type" value="OTHER_ITEMS"/>
		<set name="crystal_type" value="NONE"/>
		<set name="icon" value="icon.etc_tuna_i04"/>
		<set name="price" value="556"/>
		<set name="stackable" value="true"/>
		<set name="type" value="OTHER"/>
		<set name="weight" value="100"/>
		<skills>
			<skill id="2225" level="7"/>
		</skills>
	</etcitem>
	<etcitem id="7778" name="Large Purple Ugly Fish - For Beginners">
		<set name="class" value="OTHER"/>
		<set name="ex_type" value="OTHER_ITEMS"/>
		<set name="crystal_type" value="NONE"/>
		<set name="icon" value="icon.etc_angler_i04"/>
		<set name="price" value="567"/>
		<set name="stackable" value="true"/>
		<set name="type" value="OTHER"/>
		<set name="weight" value="100"/>
		<skills>
			<skill id="2225" level="8"/>
		</skills>
	</etcitem>
	<etcitem id="7779" name="Large Purple Fat Fish - For Beginners">
		<set name="class" value="OTHER"/>
		<set name="ex_type" value="OTHER_ITEMS"/>
		<set name="crystal_type" value="NONE"/>
		<set name="icon" value="icon.etc_bream_i04"/>
		<set name="price" value="579"/>
		<set name="stackable" value="true"/>
		<set name="type" value="OTHER"/>
		<set name="weight" value="100"/>
		<skills>
			<skill id="2225" level="9"/>
		</skills>
	</etcitem>
	<etcitem id="7780" name="Small Red Nimble Fish - For Beginners">
		<set name="class" value="OTHER"/>
		<set name="ex_type" value="OTHER_ITEMS"/>
		<set name="crystal_type" value="NONE"/>
		<set name="icon" value="icon.etc_tuna_i03"/>
		<set name="price" value="639"/>
		<set name="stackable" value="true"/>
		<set name="type" value="OTHER"/>
		<set name="weight" value="100"/>
		<skills>
			<skill id="2226" level="1"/>
		</skills>
	</etcitem>
	<etcitem id="7781" name="Small Red Ugly Fish - For Beginners">
		<set name="class" value="OTHER"/>
		<set name="ex_type" value="OTHER_ITEMS"/>
		<set name="crystal_type" value="NONE"/>
		<set name="icon" value="icon.etc_angler_i03"/>
		<set name="price" value="651"/>
		<set name="stackable" value="true"/>
		<set name="type" value="OTHER"/>
		<set name="weight" value="100"/>
		<skills>
			<skill id="2226" level="2"/>
		</skills>
	</etcitem>
	<etcitem id="7782" name="Small Red Fat Fish - For Beginners">
		<set name="class" value="OTHER"/>
		<set name="ex_type" value="OTHER_ITEMS"/>
		<set name="crystal_type" value="NONE"/>
		<set name="icon" value="icon.etc_bream_i03"/>
		<set name="price" value="663"/>
		<set name="stackable" value="true"/>
		<set name="type" value="OTHER"/>
		<set name="weight" value="100"/>
		<skills>
			<skill id="2226" level="3"/>
		</skills>
	</etcitem>
	<etcitem id="7783" name="Red Nimble Fish - For Beginners">
		<set name="class" value="OTHER"/>
		<set name="ex_type" value="OTHER_ITEMS"/>
		<set name="crystal_type" value="NONE"/>
		<set name="icon" value="icon.etc_tuna_i03"/>
		<set name="price" value="676"/>
		<set name="stackable" value="true"/>
		<set name="type" value="OTHER"/>
		<set name="weight" value="100"/>
		<skills>
			<skill id="2226" level="4"/>
		</skills>
	</etcitem>
	<etcitem id="7784" name="Red Ugly Fish - For Beginners">
		<set name="class" value="OTHER"/>
		<set name="ex_type" value="OTHER_ITEMS"/>
		<set name="crystal_type" value="NONE"/>
		<set name="icon" value="icon.etc_angler_i03"/>
		<set name="price" value="688"/>
		<set name="stackable" value="true"/>
		<set name="type" value="OTHER"/>
		<set name="weight" value="100"/>
		<skills>
			<skill id="2226" level="5"/>
		</skills>
	</etcitem>
	<etcitem id="7785" name="Red Fat Fish - For Beginners">
		<set name="class" value="OTHER"/>
		<set name="ex_type" value="OTHER_ITEMS"/>
		<set name="crystal_type" value="NONE"/>
		<set name="icon" value="icon.etc_bream_i03"/>
		<set name="price" value="701"/>
		<set name="stackable" value="true"/>
		<set name="type" value="OTHER"/>
		<set name="weight" value="100"/>
		<skills>
			<skill id="2226" level="6"/>
		</skills>
	</etcitem>
	<etcitem id="7786" name="Large Red Nimble Fish - For Beginners">
		<set name="class" value="OTHER"/>
		<set name="ex_type" value="OTHER_ITEMS"/>
		<set name="crystal_type" value="NONE"/>
		<set name="icon" value="icon.etc_tuna_i03"/>
		<set name="price" value="789"/>
		<set name="stackable" value="true"/>
		<set name="type" value="OTHER"/>
		<set name="weight" value="100"/>
		<skills>
			<skill id="2226" level="7"/>
		</skills>
	</etcitem>
	<etcitem id="7787" name="Large Red Ugly Fish - For Beginners">
		<set name="class" value="OTHER"/>
		<set name="ex_type" value="OTHER_ITEMS"/>
		<set name="crystal_type" value="NONE"/>
		<set name="icon" value="icon.etc_angler_i03"/>
		<set name="price" value="804"/>
		<set name="stackable" value="true"/>
		<set name="type" value="OTHER"/>
		<set name="weight" value="100"/>
		<skills>
			<skill id="2226" level="8"/>
		</skills>
	</etcitem>
	<etcitem id="7788" name="Large Red Fat Fish - For Beginners">
		<set name="class" value="OTHER"/>
		<set name="ex_type" value="OTHER_ITEMS"/>
		<set name="crystal_type" value="NONE"/>
		<set name="icon" value="icon.etc_bream_i03"/>
		<set name="price" value="858"/>
		<set name="stackable" value="true"/>
		<set name="type" value="OTHER"/>
		<set name="weight" value="100"/>
		<skills>
			<skill id="2226" level="9"/>
		</skills>
	</etcitem>
	<etcitem id="7789" name="Small White Nimble Fish - For Beginners">
		<set name="class" value="OTHER"/>
		<set name="ex_type" value="OTHER_ITEMS"/>
		<set name="crystal_type" value="NONE"/>
		<set name="icon" value="icon.etc_tuna_i00"/>
		<set name="price" value="874"/>
		<set name="stackable" value="true"/>
		<set name="type" value="OTHER"/>
		<set name="weight" value="100"/>
		<skills>
			<skill id="2227" level="1"/>
		</skills>
	</etcitem>
	<etcitem id="7790" name="Small White Ugly Fish - For Beginners">
		<set name="class" value="OTHER"/>
		<set name="ex_type" value="OTHER_ITEMS"/>
		<set name="crystal_type" value="NONE"/>
		<set name="icon" value="icon.etc_angler_i00"/>
		<set name="price" value="891"/>
		<set name="stackable" value="true"/>
		<set name="type" value="OTHER"/>
		<set name="weight" value="100"/>
		<skills>
			<skill id="2227" level="2"/>
		</skills>
	</etcitem>
	<etcitem id="7791" name="Small White Fat Fish - For Beginners">
		<set name="class" value="OTHER"/>
		<set name="ex_type" value="OTHER_ITEMS"/>
		<set name="crystal_type" value="NONE"/>
		<set name="icon" value="icon.etc_bream_i00"/>
		<set name="price" value="907"/>
		<set name="stackable" value="true"/>
		<set name="type" value="OTHER"/>
		<set name="weight" value="100"/>
		<skills>
			<skill id="2227" level="3"/>
		</skills>
	</etcitem>
	<etcitem id="7792" name="White Nimble Fish - For Beginners">
		<set name="class" value="OTHER"/>
		<set name="ex_type" value="OTHER_ITEMS"/>
		<set name="crystal_type" value="NONE"/>
		<set name="icon" value="icon.etc_tuna_i00"/>
		<set name="price" value="925"/>
		<set name="stackable" value="true"/>
		<set name="type" value="OTHER"/>
		<set name="weight" value="100"/>
		<skills>
			<skill id="2227" level="4"/>
		</skills>
	</etcitem>
	<etcitem id="7793" name="White Ugly Fish - For Beginners">
		<set name="class" value="OTHER"/>
		<set name="ex_type" value="OTHER_ITEMS"/>
		<set name="crystal_type" value="NONE"/>
		<set name="icon" value="icon.etc_angler_i00"/>
		<set name="price" value="944"/>
		<set name="stackable" value="true"/>
		<set name="type" value="OTHER"/>
		<set name="weight" value="100"/>
		<skills>
			<skill id="2227" level="5"/>
		</skills>
	</etcitem>
	<etcitem id="7794" name="White Fat Fish - For Beginners">
		<set name="class" value="OTHER"/>
		<set name="ex_type" value="OTHER_ITEMS"/>
		<set name="crystal_type" value="NONE"/>
		<set name="icon" value="icon.etc_bream_i00"/>
		<set name="price" value="962"/>
		<set name="stackable" value="true"/>
		<set name="type" value="OTHER"/>
		<set name="weight" value="100"/>
		<skills>
			<skill id="2227" level="6"/>
		</skills>
	</etcitem>
	<etcitem id="7795" name="Large White Nimble Fish - For Beginners">
		<set name="class" value="OTHER"/>
		<set name="ex_type" value="OTHER_ITEMS"/>
		<set name="crystal_type" value="NONE"/>
		<set name="icon" value="icon.etc_tuna_i00"/>
		<set name="price" value="981"/>
		<set name="stackable" value="true"/>
		<set name="type" value="OTHER"/>
		<set name="weight" value="100"/>
		<skills>
			<skill id="2227" level="7"/>
		</skills>
	</etcitem>
	<etcitem id="7796" name="Large White Ugly Fish - For Beginners">
		<set name="class" value="OTHER"/>
		<set name="ex_type" value="OTHER_ITEMS"/>
		<set name="crystal_type" value="NONE"/>
		<set name="icon" value="icon.etc_angler_i00"/>
		<set name="price" value="1000"/>
		<set name="stackable" value="true"/>
		<set name="type" value="OTHER"/>
		<set name="weight" value="100"/>
		<skills>
			<skill id="2227" level="8"/>
		</skills>
	</etcitem>
	<etcitem id="7797" name="Large White Fat Fish - For Beginners">
		<set name="class" value="OTHER"/>
		<set name="ex_type" value="OTHER_ITEMS"/>
		<set name="crystal_type" value="NONE"/>
		<set name="icon" value="icon.etc_bream_i00"/>
		<set name="price" value="1020"/>
		<set name="stackable" value="true"/>
		<set name="type" value="OTHER"/>
		<set name="weight" value="100"/>
		<skills>
			<skill id="2227" level="9"/>
		</skills>
	</etcitem>
	<etcitem id="7798" name="Small Black Nimble Fish: For Beginners">
		<set name="class" value="OTHER"/>
		<set name="ex_type" value="OTHER_ITEMS"/>
		<set name="crystal_type" value="NONE"/>
		<set name="icon" value="icon.etc_tuna_i05"/>
		<set name="price" value="1041"/>
		<set name="stackable" value="true"/>
		<set name="type" value="OTHER"/>
		<set name="weight" value="100"/>
		<skills>
			<skill id="2228" level="1"/>
		</skills>
	</etcitem>
	<etcitem id="7799" name="Small Black Ugly Fish - For Beginners">
		<set name="class" value="OTHER"/>
		<set name="ex_type" value="OTHER_ITEMS"/>
		<set name="crystal_type" value="NONE"/>
		<set name="icon" value="icon.etc_angler_i05"/>
		<set name="price" value="1062"/>
		<set name="stackable" value="true"/>
		<set name="type" value="OTHER"/>
		<set name="weight" value="100"/>
		<skills>
			<skill id="2228" level="2"/>
		</skills>
	</etcitem>
</list>
