<?xml version="1.0" encoding="UTF-8"?>
<!DOCTYPE list SYSTEM "item.dtd">
<list>
	<etcitem id="7800" name="Small Black Fat Fish - For Beginners">
		<set name="class" value="OTHER"/>
		<set name="ex_type" value="OTHER_ITEMS"/>
		<set name="crystal_type" value="NONE"/>
		<set name="icon" value="icon.etc_bream_i05"/>
		<set name="price" value="1083"/>
		<set name="stackable" value="true"/>
		<set name="type" value="OTHER"/>
		<set name="weight" value="100"/>
		<skills>
			<skill id="2228" level="3"/>
		</skills>
	</etcitem>
	<etcitem id="7801" name="Black Nimble Fish - For Beginners">
		<set name="class" value="OTHER"/>
		<set name="ex_type" value="OTHER_ITEMS"/>
		<set name="crystal_type" value="NONE"/>
		<set name="icon" value="icon.etc_tuna_i05"/>
		<set name="price" value="1155"/>
		<set name="stackable" value="true"/>
		<set name="type" value="OTHER"/>
		<set name="weight" value="100"/>
		<skills>
			<skill id="2228" level="4"/>
		</skills>
	</etcitem>
	<etcitem id="7802" name="Black Ugly Fish - For Beginners">
		<set name="class" value="OTHER"/>
		<set name="ex_type" value="OTHER_ITEMS"/>
		<set name="crystal_type" value="NONE"/>
		<set name="icon" value="icon.etc_angler_i05"/>
		<set name="price" value="1179"/>
		<set name="stackable" value="true"/>
		<set name="type" value="OTHER"/>
		<set name="weight" value="100"/>
		<skills>
			<skill id="2228" level="5"/>
		</skills>
	</etcitem>
	<etcitem id="7803" name="Black Fat Fish - For Beginners">
		<set name="class" value="OTHER"/>
		<set name="ex_type" value="OTHER_ITEMS"/>
		<set name="crystal_type" value="NONE"/>
		<set name="icon" value="icon.etc_bream_i05"/>
		<set name="price" value="1202"/>
		<set name="stackable" value="true"/>
		<set name="type" value="OTHER"/>
		<set name="weight" value="100"/>
		<skills>
			<skill id="2228" level="6"/>
		</skills>
	</etcitem>
	<etcitem id="7804" name="Large Black Nimble Fish - For Beginners">
		<set name="class" value="OTHER"/>
		<set name="ex_type" value="OTHER_ITEMS"/>
		<set name="crystal_type" value="NONE"/>
		<set name="icon" value="icon.etc_tuna_i05"/>
		<set name="price" value="1226"/>
		<set name="stackable" value="true"/>
		<set name="type" value="OTHER"/>
		<set name="weight" value="100"/>
		<skills>
			<skill id="2228" level="7"/>
		</skills>
	</etcitem>
	<etcitem id="7805" name="Large Black Ugly Fish - For Beginners">
		<set name="class" value="OTHER"/>
		<set name="ex_type" value="OTHER_ITEMS"/>
		<set name="crystal_type" value="NONE"/>
		<set name="icon" value="icon.etc_angler_i05"/>
		<set name="price" value="1251"/>
		<set name="stackable" value="true"/>
		<set name="type" value="OTHER"/>
		<set name="weight" value="100"/>
		<skills>
			<skill id="2228" level="8"/>
		</skills>
	</etcitem>
	<etcitem id="7806" name="Large Black Fat Fish - For Beginners">
		<set name="class" value="OTHER"/>
		<set name="ex_type" value="OTHER_ITEMS"/>
		<set name="crystal_type" value="NONE"/>
		<set name="icon" value="icon.etc_bream_i05"/>
		<set name="price" value="1276"/>
		<set name="stackable" value="true"/>
		<set name="type" value="OTHER"/>
		<set name="weight" value="100"/>
		<skills>
			<skill id="2228" level="9"/>
		</skills>
	</etcitem>
	<etcitem id="7807" name="Green Colored Lure - For Beginners">
		<set name="class" value="CONSUMABLE"/>
		<set name="crystal_type" value="NONE"/>
		<set name="icon" value="icon.etc_bait_i00"/>
		<set name="price" value="50"/>
		<set name="stackable" value="true"/>
		<set name="type" value="BAIT"/>
		<set name="weight" value="5"/>
		<equip>
			<slot id="LEFT_HAND"/>
		</equip>
	</etcitem>
	<etcitem id="7808" name="Purple Colored Lure - For Beginners">
		<set name="class" value="CONSUMABLE"/>
		<set name="crystal_type" value="NONE"/>
		<set name="icon" value="icon.etc_bait_i01"/>
		<set name="price" value="70"/>
		<set name="stackable" value="true"/>
		<set name="type" value="BAIT"/>
		<set name="weight" value="5"/>
		<equip>
			<slot id="LEFT_HAND"/>
		</equip>
	</etcitem>
	<etcitem id="7809" name="Yellow Colored Lure - For Beginners">
		<set name="class" value="CONSUMABLE"/>
		<set name="crystal_type" value="NONE"/>
		<set name="icon" value="icon.etc_bait_i02"/>
		<set name="price" value="60"/>
		<set name="stackable" value="true"/>
		<set name="type" value="BAIT"/>
		<set name="weight" value="5"/>
		<equip>
			<slot id="LEFT_HAND"/>
		</equip>
	</etcitem>
	<etcitem id="7832" name="Apprentice Adventurer's Weapon Exchange Coupon">
		<set name="class" value="OTHER"/>
		<set name="ex_type" value="OTHER_ITEMS"/>
		<set name="crystal_type" value="NONE"/>
		<set name="dropable" value="false"/>
		<set name="icon" value="icon.etc_lottery_card_i00"/>
		<set name="tradeable" value="false"/>
		<set name="type" value="OTHER"/>
		<set name="weight" value="1"/>
	</etcitem>
	<etcitem id="7833" name="Adventurer's Magic Accessory Exchange Coupon">
		<set name="class" value="OTHER"/>
		<set name="ex_type" value="OTHER_ITEMS"/>
		<set name="crystal_type" value="NONE"/>
		<set name="dropable" value="false"/>
		<set name="icon" value="icon.etc_lottery_card_i00"/>
		<set name="tradeable" value="false"/>
		<set name="type" value="OTHER"/>
		<set name="weight" value="1"/>
	</etcitem>
	<etcitem id="7835" name="Amulet: Seal of Disease">
		<set name="class" value="SPELLBOOKS"/>
		<set name="crystal_type" value="NONE"/>
		<set name="icon" value="icon.etc_orcish_talisman_i00"/>
		<set name="price" value="11600"/>
		<set name="stackable" value="true"/>
		<set name="type" value="SPELLBOOK"/>
		<set name="ex_type" value="SPELLBOOK"/>
		<set name="weight" value="120"/>
	</etcitem>
	<etcitem id="7838" name="Santa's Hat">
		<set name="icon" value="icon.accessory_santas_cap_i00"/>
		<set name="weight" value="10"/>
		<set name="class" value="OTHER"/>
		<set name="ex_type" value="OTHER_ITEMS"/>
		<set name="crystal_type" value="NONE"/>
		<set name="type" value="OTHER"/>
		<set name="dropable" value="false"/>
		<set name="sellable" value="false"/>
	</etcitem>
</list>
