<?xml version="1.0" encoding="UTF-8"?>
<!DOCTYPE list SYSTEM "item.dtd">
<list>
	<etcitem id="8400" name="Spellbook: Turn Undead">
		<set name="class" value="SPELLBOOKS"/>
		<set name="crystal_type" value="NONE"/>
		<set name="icon" value="icon.etc_spell_books_assistance_i00"/>
		<set name="price" value="6250"/>
		<set name="stackable" value="true"/>
		<set name="type" value="SPELLBOOK"/>
		<set name="ex_type" value="SPELLBOOK"/>
		<set name="weight" value="120"/>
	</etcitem>
	<etcitem id="8401" name="Spellbook: Major Heal">
		<set name="class" value="SPELLBOOKS"/>
		<set name="crystal_type" value="NONE"/>
		<set name="icon" value="icon.etc_spell_books_assistance_i00"/>
		<set name="price" value="6250"/>
		<set name="stackable" value="true"/>
		<set name="type" value="SPELLBOOK"/>
		<set name="ex_type" value="SPELLBOOK"/>
		<set name="weight" value="120"/>
	</etcitem>
	<etcitem id="8402" name="Spellbook: Major Group Heal">
		<set name="class" value="SPELLBOOKS"/>
		<set name="crystal_type" value="NONE"/>
		<set name="icon" value="icon.etc_spell_books_assistance_i00"/>
		<set name="price" value="6750"/>
		<set name="stackable" value="true"/>
		<set name="type" value="SPELLBOOK"/>
		<set name="ex_type" value="SPELLBOOK"/>
		<set name="weight" value="120"/>
	</etcitem>
	<etcitem id="8403" name="Small Nimble Green Fish - Upper Grade">
		<set name="class" value="OTHER"/>
		<set name="ex_type" value="OTHER_ITEMS"/>
		<set name="crystal_type" value="NONE"/>
		<set name="icon" value="icon.etc_tuna_i07"/>
		<set name="price" value="138"/>
		<set name="stackable" value="true"/>
		<set name="type" value="OTHER"/>
		<set name="weight" value="100"/>
		<skills>
			<skill id="2261" level="1"/>
		</skills>
	</etcitem>
	<etcitem id="8404" name="Small Ugly Green Fish - Upper Grade">
		<set name="class" value="OTHER"/>
		<set name="ex_type" value="OTHER_ITEMS"/>
		<set name="crystal_type" value="NONE"/>
		<set name="icon" value="icon.etc_angler_i07"/>
		<set name="price" value="141"/>
		<set name="stackable" value="true"/>
		<set name="type" value="OTHER"/>
		<set name="weight" value="100"/>
		<skills>
			<skill id="2261" level="2"/>
		</skills>
	</etcitem>
	<etcitem id="8405" name="Small Pudgy Green Fish - Upper Grade">
		<set name="class" value="OTHER"/>
		<set name="ex_type" value="OTHER_ITEMS"/>
		<set name="crystal_type" value="NONE"/>
		<set name="icon" value="icon.etc_bream_i07"/>
		<set name="price" value="153"/>
		<set name="stackable" value="true"/>
		<set name="type" value="OTHER"/>
		<set name="weight" value="100"/>
		<skills>
			<skill id="2261" level="3"/>
		</skills>
	</etcitem>
	<etcitem id="8406" name="Nimble Green Fish - Upper Grade">
		<set name="class" value="OTHER"/>
		<set name="ex_type" value="OTHER_ITEMS"/>
		<set name="crystal_type" value="NONE"/>
		<set name="icon" value="icon.etc_tuna_i07"/>
		<set name="price" value="167"/>
		<set name="stackable" value="true"/>
		<set name="type" value="OTHER"/>
		<set name="weight" value="100"/>
		<skills>
			<skill id="2261" level="4"/>
		</skills>
	</etcitem>
	<etcitem id="8407" name="Ugly Green Fish - Upper Grade">
		<set name="class" value="OTHER"/>
		<set name="ex_type" value="OTHER_ITEMS"/>
		<set name="crystal_type" value="NONE"/>
		<set name="icon" value="icon.etc_angler_i07"/>
		<set name="price" value="187"/>
		<set name="stackable" value="true"/>
		<set name="type" value="OTHER"/>
		<set name="weight" value="100"/>
		<skills>
			<skill id="2261" level="5"/>
		</skills>
	</etcitem>
	<etcitem id="8408" name="Pudgy Green Fish - Upper Grade">
		<set name="class" value="OTHER"/>
		<set name="ex_type" value="OTHER_ITEMS"/>
		<set name="crystal_type" value="NONE"/>
		<set name="icon" value="icon.etc_bream_i07"/>
		<set name="price" value="208"/>
		<set name="stackable" value="true"/>
		<set name="type" value="OTHER"/>
		<set name="weight" value="100"/>
		<skills>
			<skill id="2261" level="6"/>
		</skills>
	</etcitem>
	<etcitem id="8409" name="Large Nimble Green Fish - Upper Grade">
		<set name="class" value="OTHER"/>
		<set name="ex_type" value="OTHER_ITEMS"/>
		<set name="crystal_type" value="NONE"/>
		<set name="icon" value="icon.etc_tuna_i07"/>
		<set name="price" value="225"/>
		<set name="stackable" value="true"/>
		<set name="type" value="OTHER"/>
		<set name="weight" value="100"/>
		<skills>
			<skill id="2261" level="7"/>
		</skills>
	</etcitem>
	<etcitem id="8410" name="Large Ugly Green Fish - Upper Grade">
		<set name="class" value="OTHER"/>
		<set name="ex_type" value="OTHER_ITEMS"/>
		<set name="crystal_type" value="NONE"/>
		<set name="icon" value="icon.etc_angler_i07"/>
		<set name="price" value="248"/>
		<set name="stackable" value="true"/>
		<set name="type" value="OTHER"/>
		<set name="weight" value="100"/>
		<skills>
			<skill id="2261" level="8"/>
		</skills>
	</etcitem>
	<etcitem id="8411" name="Large Pudgy Green Fish - Upper Grade">
		<set name="class" value="OTHER"/>
		<set name="ex_type" value="OTHER_ITEMS"/>
		<set name="crystal_type" value="NONE"/>
		<set name="icon" value="icon.etc_bream_i07"/>
		<set name="price" value="265"/>
		<set name="stackable" value="true"/>
		<set name="type" value="OTHER"/>
		<set name="weight" value="100"/>
		<skills>
			<skill id="2261" level="9"/>
		</skills>
	</etcitem>
	<etcitem id="8412" name="Small Jade Nimble Fish - Upper Grade">
		<set name="class" value="OTHER"/>
		<set name="ex_type" value="OTHER_ITEMS"/>
		<set name="crystal_type" value="NONE"/>
		<set name="icon" value="icon.etc_tuna_i06"/>
		<set name="price" value="285"/>
		<set name="stackable" value="true"/>
		<set name="type" value="OTHER"/>
		<set name="weight" value="100"/>
		<skills>
			<skill id="2262" level="1"/>
		</skills>
	</etcitem>
	<etcitem id="8413" name="Small Jade Ugly Fish - Upper Grade">
		<set name="class" value="OTHER"/>
		<set name="ex_type" value="OTHER_ITEMS"/>
		<set name="crystal_type" value="NONE"/>
		<set name="icon" value="icon.etc_angler_i06"/>
		<set name="price" value="295"/>
		<set name="stackable" value="true"/>
		<set name="type" value="OTHER"/>
		<set name="weight" value="100"/>
		<skills>
			<skill id="2262" level="2"/>
		</skills>
	</etcitem>
	<etcitem id="8414" name="Small Jade Fat Fish - Upper Grade">
		<set name="class" value="OTHER"/>
		<set name="ex_type" value="OTHER_ITEMS"/>
		<set name="crystal_type" value="NONE"/>
		<set name="icon" value="icon.etc_bream_i06"/>
		<set name="price" value="310"/>
		<set name="stackable" value="true"/>
		<set name="type" value="OTHER"/>
		<set name="weight" value="100"/>
		<skills>
			<skill id="2262" level="3"/>
		</skills>
	</etcitem>
	<etcitem id="8415" name="Jade Nimble Fish - Upper Grade">
		<set name="class" value="OTHER"/>
		<set name="ex_type" value="OTHER_ITEMS"/>
		<set name="crystal_type" value="NONE"/>
		<set name="icon" value="icon.etc_tuna_i06"/>
		<set name="price" value="325"/>
		<set name="stackable" value="true"/>
		<set name="type" value="OTHER"/>
		<set name="weight" value="100"/>
		<skills>
			<skill id="2262" level="4"/>
		</skills>
	</etcitem>
	<etcitem id="8416" name="Jade Ugly Fish - Upper Grade">
		<set name="class" value="OTHER"/>
		<set name="ex_type" value="OTHER_ITEMS"/>
		<set name="crystal_type" value="NONE"/>
		<set name="icon" value="icon.etc_angler_i06"/>
		<set name="price" value="340"/>
		<set name="stackable" value="true"/>
		<set name="type" value="OTHER"/>
		<set name="weight" value="100"/>
		<skills>
			<skill id="2262" level="5"/>
		</skills>
	</etcitem>
	<etcitem id="8417" name="Jade Fat Fish - Upper Grade">
		<set name="class" value="OTHER"/>
		<set name="ex_type" value="OTHER_ITEMS"/>
		<set name="crystal_type" value="NONE"/>
		<set name="icon" value="icon.etc_bream_i06"/>
		<set name="price" value="355"/>
		<set name="stackable" value="true"/>
		<set name="type" value="OTHER"/>
		<set name="weight" value="100"/>
		<skills>
			<skill id="2262" level="6"/>
		</skills>
	</etcitem>
	<etcitem id="8418" name="Large Jade Nimble Fish - Upper Grade">
		<set name="class" value="OTHER"/>
		<set name="ex_type" value="OTHER_ITEMS"/>
		<set name="crystal_type" value="NONE"/>
		<set name="icon" value="icon.etc_tuna_i06"/>
		<set name="price" value="365"/>
		<set name="stackable" value="true"/>
		<set name="type" value="OTHER"/>
		<set name="weight" value="100"/>
		<skills>
			<skill id="2262" level="7"/>
		</skills>
	</etcitem>
	<etcitem id="8419" name="Large Jade Ugly Fish - Upper Grade">
		<set name="class" value="OTHER"/>
		<set name="ex_type" value="OTHER_ITEMS"/>
		<set name="crystal_type" value="NONE"/>
		<set name="icon" value="icon.etc_angler_i06"/>
		<set name="price" value="375"/>
		<set name="stackable" value="true"/>
		<set name="type" value="OTHER"/>
		<set name="weight" value="100"/>
		<skills>
			<skill id="2262" level="8"/>
		</skills>
	</etcitem>
	<etcitem id="8420" name="Large Jade Fat Fish - Upper Grade">
		<set name="class" value="OTHER"/>
		<set name="ex_type" value="OTHER_ITEMS"/>
		<set name="crystal_type" value="NONE"/>
		<set name="icon" value="icon.etc_bream_i06"/>
		<set name="price" value="385"/>
		<set name="stackable" value="true"/>
		<set name="type" value="OTHER"/>
		<set name="weight" value="100"/>
		<skills>
			<skill id="2262" level="9"/>
		</skills>
	</etcitem>
	<etcitem id="8421" name="Small Blue Nimble Fish - Upper Grade">
		<set name="class" value="OTHER"/>
		<set name="ex_type" value="OTHER_ITEMS"/>
		<set name="crystal_type" value="NONE"/>
		<set name="icon" value="icon.etc_tuna_i01"/>
		<set name="price" value="395"/>
		<set name="stackable" value="true"/>
		<set name="type" value="OTHER"/>
		<set name="weight" value="100"/>
		<skills>
			<skill id="2263" level="1"/>
		</skills>
	</etcitem>
	<etcitem id="8422" name="Small Blue Ugly Fish - Upper Grade">
		<set name="class" value="OTHER"/>
		<set name="ex_type" value="OTHER_ITEMS"/>
		<set name="crystal_type" value="NONE"/>
		<set name="icon" value="icon.etc_angler_i01"/>
		<set name="price" value="400"/>
		<set name="stackable" value="true"/>
		<set name="type" value="OTHER"/>
		<set name="weight" value="100"/>
		<skills>
			<skill id="2263" level="2"/>
		</skills>
	</etcitem>
	<etcitem id="8423" name="Small Blue Fat Fish - Upper Grade">
		<set name="class" value="OTHER"/>
		<set name="ex_type" value="OTHER_ITEMS"/>
		<set name="crystal_type" value="NONE"/>
		<set name="icon" value="icon.etc_bream_i01"/>
		<set name="price" value="410"/>
		<set name="stackable" value="true"/>
		<set name="type" value="OTHER"/>
		<set name="weight" value="100"/>
		<skills>
			<skill id="2263" level="3"/>
		</skills>
	</etcitem>
	<etcitem id="8424" name="Blue Nimble Fish - Upper Grade">
		<set name="class" value="OTHER"/>
		<set name="ex_type" value="OTHER_ITEMS"/>
		<set name="crystal_type" value="NONE"/>
		<set name="icon" value="icon.etc_tuna_i01"/>
		<set name="price" value="415"/>
		<set name="stackable" value="true"/>
		<set name="type" value="OTHER"/>
		<set name="weight" value="100"/>
		<skills>
			<skill id="2263" level="4"/>
		</skills>
	</etcitem>
	<etcitem id="8425" name="Blue Ugly Fish - Upper Grade">
		<set name="class" value="OTHER"/>
		<set name="ex_type" value="OTHER_ITEMS"/>
		<set name="crystal_type" value="NONE"/>
		<set name="icon" value="icon.etc_angler_i01"/>
		<set name="price" value="418"/>
		<set name="stackable" value="true"/>
		<set name="type" value="OTHER"/>
		<set name="weight" value="100"/>
		<skills>
			<skill id="2263" level="5"/>
		</skills>
	</etcitem>
	<etcitem id="8426" name="Blue Fat Fish - Upper Grade">
		<set name="class" value="OTHER"/>
		<set name="ex_type" value="OTHER_ITEMS"/>
		<set name="crystal_type" value="NONE"/>
		<set name="icon" value="icon.etc_bream_i01"/>
		<set name="price" value="420"/>
		<set name="stackable" value="true"/>
		<set name="type" value="OTHER"/>
		<set name="weight" value="100"/>
		<skills>
			<skill id="2263" level="6"/>
		</skills>
	</etcitem>
	<etcitem id="8427" name="Large Blue Nimble Fish - Upper Grade">
		<set name="class" value="OTHER"/>
		<set name="ex_type" value="OTHER_ITEMS"/>
		<set name="crystal_type" value="NONE"/>
		<set name="icon" value="icon.etc_tuna_i01"/>
		<set name="price" value="425"/>
		<set name="stackable" value="true"/>
		<set name="type" value="OTHER"/>
		<set name="weight" value="100"/>
		<skills>
			<skill id="2263" level="7"/>
		</skills>
	</etcitem>
	<etcitem id="8428" name="Large Blue Ugly Fish - Upper Grade">
		<set name="class" value="OTHER"/>
		<set name="ex_type" value="OTHER_ITEMS"/>
		<set name="crystal_type" value="NONE"/>
		<set name="icon" value="icon.etc_angler_i01"/>
		<set name="price" value="431"/>
		<set name="stackable" value="true"/>
		<set name="type" value="OTHER"/>
		<set name="weight" value="100"/>
		<skills>
			<skill id="2263" level="8"/>
		</skills>
	</etcitem>
	<etcitem id="8429" name="Large Blue Fat Fish - Upper Grade">
		<set name="class" value="OTHER"/>
		<set name="ex_type" value="OTHER_ITEMS"/>
		<set name="crystal_type" value="NONE"/>
		<set name="icon" value="icon.etc_bream_i01"/>
		<set name="price" value="435"/>
		<set name="stackable" value="true"/>
		<set name="type" value="OTHER"/>
		<set name="weight" value="100"/>
		<skills>
			<skill id="2263" level="9"/>
		</skills>
	</etcitem>
	<etcitem id="8430" name="Small Yellow Nimble Fish - Upper Grade">
		<set name="class" value="OTHER"/>
		<set name="ex_type" value="OTHER_ITEMS"/>
		<set name="crystal_type" value="NONE"/>
		<set name="icon" value="icon.etc_tuna_i02"/>
		<set name="price" value="442"/>
		<set name="stackable" value="true"/>
		<set name="type" value="OTHER"/>
		<set name="weight" value="100"/>
		<skills>
			<skill id="2264" level="1"/>
		</skills>
	</etcitem>
	<etcitem id="8431" name="Small Yellow Ugly Fish - Upper Grade">
		<set name="class" value="OTHER"/>
		<set name="ex_type" value="OTHER_ITEMS"/>
		<set name="crystal_type" value="NONE"/>
		<set name="icon" value="icon.etc_angler_i02"/>
		<set name="price" value="447"/>
		<set name="stackable" value="true"/>
		<set name="type" value="OTHER"/>
		<set name="weight" value="100"/>
		<skills>
			<skill id="2264" level="2"/>
		</skills>
	</etcitem>
	<etcitem id="8432" name="Small Yellow Fat Fish - Upper Grade">
		<set name="class" value="OTHER"/>
		<set name="ex_type" value="OTHER_ITEMS"/>
		<set name="crystal_type" value="NONE"/>
		<set name="icon" value="icon.etc_bream_i02"/>
		<set name="price" value="452"/>
		<set name="stackable" value="true"/>
		<set name="type" value="OTHER"/>
		<set name="weight" value="100"/>
		<skills>
			<skill id="2264" level="3"/>
		</skills>
	</etcitem>
	<etcitem id="8433" name="Yellow Nimble Fish - Upper Grade">
		<set name="class" value="OTHER"/>
		<set name="ex_type" value="OTHER_ITEMS"/>
		<set name="crystal_type" value="NONE"/>
		<set name="icon" value="icon.etc_tuna_i02"/>
		<set name="price" value="540"/>
		<set name="stackable" value="true"/>
		<set name="type" value="OTHER"/>
		<set name="weight" value="100"/>
		<skills>
			<skill id="2264" level="4"/>
		</skills>
	</etcitem>
	<etcitem id="8434" name="Yellow Ugly Fish - Upper Grade">
		<set name="class" value="OTHER"/>
		<set name="ex_type" value="OTHER_ITEMS"/>
		<set name="crystal_type" value="NONE"/>
		<set name="icon" value="icon.etc_angler_i02"/>
		<set name="price" value="553"/>
		<set name="stackable" value="true"/>
		<set name="type" value="OTHER"/>
		<set name="weight" value="100"/>
		<skills>
			<skill id="2264" level="5"/>
		</skills>
	</etcitem>
	<etcitem id="8435" name="Yellow Fat Fish - Upper Grade">
		<set name="class" value="OTHER"/>
		<set name="ex_type" value="OTHER_ITEMS"/>
		<set name="crystal_type" value="NONE"/>
		<set name="icon" value="icon.etc_bream_i02"/>
		<set name="price" value="568"/>
		<set name="stackable" value="true"/>
		<set name="type" value="OTHER"/>
		<set name="weight" value="100"/>
		<skills>
			<skill id="2264" level="6"/>
		</skills>
	</etcitem>
	<etcitem id="8436" name="Large Yellow Nimble Fish - Upper Grade">
		<set name="class" value="OTHER"/>
		<set name="ex_type" value="OTHER_ITEMS"/>
		<set name="crystal_type" value="NONE"/>
		<set name="icon" value="icon.etc_tuna_i02"/>
		<set name="price" value="580"/>
		<set name="stackable" value="true"/>
		<set name="type" value="OTHER"/>
		<set name="weight" value="100"/>
		<skills>
			<skill id="2264" level="7"/>
		</skills>
	</etcitem>
	<etcitem id="8437" name="Large Yellow Ugly Fish - Upper Grade">
		<set name="class" value="OTHER"/>
		<set name="ex_type" value="OTHER_ITEMS"/>
		<set name="crystal_type" value="NONE"/>
		<set name="icon" value="icon.etc_angler_i02"/>
		<set name="price" value="594"/>
		<set name="stackable" value="true"/>
		<set name="type" value="OTHER"/>
		<set name="weight" value="100"/>
		<skills>
			<skill id="2264" level="8"/>
		</skills>
	</etcitem>
	<etcitem id="8438" name="Large Yellow Fat Fish - Upper Grade">
		<set name="class" value="OTHER"/>
		<set name="ex_type" value="OTHER_ITEMS"/>
		<set name="crystal_type" value="NONE"/>
		<set name="icon" value="icon.etc_bream_i02"/>
		<set name="price" value="608"/>
		<set name="stackable" value="true"/>
		<set name="type" value="OTHER"/>
		<set name="weight" value="100"/>
		<skills>
			<skill id="2264" level="9"/>
		</skills>
	</etcitem>
	<etcitem id="8439" name="Small Orange Nimble Fish - Upper Grade">
		<set name="class" value="OTHER"/>
		<set name="ex_type" value="OTHER_ITEMS"/>
		<set name="crystal_type" value="NONE"/>
		<set name="icon" value="icon.etc_tuna_i08"/>
		<set name="price" value="622"/>
		<set name="stackable" value="true"/>
		<set name="type" value="OTHER"/>
		<set name="weight" value="100"/>
		<skills>
			<skill id="2265" level="1"/>
		</skills>
	</etcitem>
	<etcitem id="8440" name="Small Orange Ugly Fish - Upper Grade">
		<set name="class" value="OTHER"/>
		<set name="ex_type" value="OTHER_ITEMS"/>
		<set name="crystal_type" value="NONE"/>
		<set name="icon" value="icon.etc_angler_i08"/>
		<set name="price" value="635"/>
		<set name="stackable" value="true"/>
		<set name="type" value="OTHER"/>
		<set name="weight" value="100"/>
		<skills>
			<skill id="2265" level="2"/>
		</skills>
	</etcitem>
	<etcitem id="8441" name="Small Orange Fat Fish - Upper Grade">
		<set name="class" value="OTHER"/>
		<set name="ex_type" value="OTHER_ITEMS"/>
		<set name="crystal_type" value="NONE"/>
		<set name="icon" value="icon.etc_bream_i08"/>
		<set name="price" value="649"/>
		<set name="stackable" value="true"/>
		<set name="type" value="OTHER"/>
		<set name="weight" value="100"/>
		<skills>
			<skill id="2265" level="3"/>
		</skills>
	</etcitem>
	<etcitem id="8442" name="Orange Nimble Fish - Upper Grade">
		<set name="class" value="OTHER"/>
		<set name="ex_type" value="OTHER_ITEMS"/>
		<set name="crystal_type" value="NONE"/>
		<set name="icon" value="icon.etc_tuna_i08"/>
		<set name="price" value="663"/>
		<set name="stackable" value="true"/>
		<set name="type" value="OTHER"/>
		<set name="weight" value="100"/>
		<skills>
			<skill id="2265" level="4"/>
		</skills>
	</etcitem>
	<etcitem id="8443" name="Orange Ugly Fish - Upper Grade">
		<set name="class" value="OTHER"/>
		<set name="ex_type" value="OTHER_ITEMS"/>
		<set name="crystal_type" value="NONE"/>
		<set name="icon" value="icon.etc_angler_i08"/>
		<set name="price" value="776"/>
		<set name="stackable" value="true"/>
		<set name="type" value="OTHER"/>
		<set name="weight" value="100"/>
		<skills>
			<skill id="2265" level="5"/>
		</skills>
	</etcitem>
	<etcitem id="8444" name="Orange Fat Fish - Upper Grade">
		<set name="class" value="OTHER"/>
		<set name="ex_type" value="OTHER_ITEMS"/>
		<set name="crystal_type" value="NONE"/>
		<set name="icon" value="icon.etc_bream_i08"/>
		<set name="price" value="792"/>
		<set name="stackable" value="true"/>
		<set name="type" value="OTHER"/>
		<set name="weight" value="100"/>
		<skills>
			<skill id="2265" level="6"/>
		</skills>
	</etcitem>
	<etcitem id="8445" name="Large Orange Nimble Fish - Upper Grade">
		<set name="class" value="OTHER"/>
		<set name="ex_type" value="OTHER_ITEMS"/>
		<set name="crystal_type" value="NONE"/>
		<set name="icon" value="icon.etc_tuna_i08"/>
		<set name="price" value="816"/>
		<set name="stackable" value="true"/>
		<set name="type" value="OTHER"/>
		<set name="weight" value="100"/>
		<skills>
			<skill id="2265" level="7"/>
		</skills>
	</etcitem>
	<etcitem id="8446" name="Large Orange Ugly Fish - Upper Grade">
		<set name="class" value="OTHER"/>
		<set name="ex_type" value="OTHER_ITEMS"/>
		<set name="crystal_type" value="NONE"/>
		<set name="icon" value="icon.etc_angler_i08"/>
		<set name="price" value="840"/>
		<set name="stackable" value="true"/>
		<set name="type" value="OTHER"/>
		<set name="weight" value="100"/>
		<skills>
			<skill id="2265" level="8"/>
		</skills>
	</etcitem>
	<etcitem id="8447" name="Large Orange Fat Fish - Upper Grade">
		<set name="class" value="OTHER"/>
		<set name="ex_type" value="OTHER_ITEMS"/>
		<set name="crystal_type" value="NONE"/>
		<set name="icon" value="icon.etc_bream_i08"/>
		<set name="price" value="858"/>
		<set name="stackable" value="true"/>
		<set name="type" value="OTHER"/>
		<set name="weight" value="100"/>
		<skills>
			<skill id="2265" level="9"/>
		</skills>
	</etcitem>
	<etcitem id="8448" name="Small Purple Nimble Fish - Upper Grade">
		<set name="class" value="OTHER"/>
		<set name="ex_type" value="OTHER_ITEMS"/>
		<set name="crystal_type" value="NONE"/>
		<set name="icon" value="icon.etc_tuna_i04"/>
		<set name="price" value="875"/>
		<set name="stackable" value="true"/>
		<set name="type" value="OTHER"/>
		<set name="weight" value="100"/>
		<skills>
			<skill id="2266" level="1"/>
		</skills>
	</etcitem>
	<etcitem id="8449" name="Small Purple Ugly Fish - Upper Grade">
		<set name="class" value="OTHER"/>
		<set name="ex_type" value="OTHER_ITEMS"/>
		<set name="crystal_type" value="NONE"/>
		<set name="icon" value="icon.etc_angler_i04"/>
		<set name="price" value="893"/>
		<set name="stackable" value="true"/>
		<set name="type" value="OTHER"/>
		<set name="weight" value="100"/>
		<skills>
			<skill id="2266" level="2"/>
		</skills>
	</etcitem>
	<etcitem id="8450" name="Small Purple Fat Fish - Upper Grade">
		<set name="class" value="OTHER"/>
		<set name="ex_type" value="OTHER_ITEMS"/>
		<set name="crystal_type" value="NONE"/>
		<set name="icon" value="icon.etc_bream_i04"/>
		<set name="price" value="910"/>
		<set name="stackable" value="true"/>
		<set name="type" value="OTHER"/>
		<set name="weight" value="100"/>
		<skills>
			<skill id="2266" level="3"/>
		</skills>
	</etcitem>
	<etcitem id="8451" name="Purple Nimble Fish - Upper Grade">
		<set name="class" value="OTHER"/>
		<set name="ex_type" value="OTHER_ITEMS"/>
		<set name="crystal_type" value="NONE"/>
		<set name="icon" value="icon.etc_tuna_i04"/>
		<set name="price" value="930"/>
		<set name="stackable" value="true"/>
		<set name="type" value="OTHER"/>
		<set name="weight" value="100"/>
		<skills>
			<skill id="2266" level="4"/>
		</skills>
	</etcitem>
	<etcitem id="8452" name="Purple Ugly Fish - Upper Grade">
		<set name="class" value="OTHER"/>
		<set name="ex_type" value="OTHER_ITEMS"/>
		<set name="crystal_type" value="NONE"/>
		<set name="icon" value="icon.etc_angler_i04"/>
		<set name="price" value="948"/>
		<set name="stackable" value="true"/>
		<set name="type" value="OTHER"/>
		<set name="weight" value="100"/>
		<skills>
			<skill id="2266" level="5"/>
		</skills>
	</etcitem>
	<etcitem id="8453" name="Purple Fat Fish - Upper Grade">
		<set name="class" value="OTHER"/>
		<set name="ex_type" value="OTHER_ITEMS"/>
		<set name="crystal_type" value="NONE"/>
		<set name="icon" value="icon.etc_bream_i04"/>
		<set name="price" value="1090"/>
		<set name="stackable" value="true"/>
		<set name="type" value="OTHER"/>
		<set name="weight" value="100"/>
		<skills>
			<skill id="2266" level="6"/>
		</skills>
	</etcitem>
	<etcitem id="8454" name="Large Purple Nimble Fish - Upper Grade">
		<set name="class" value="OTHER"/>
		<set name="ex_type" value="OTHER_ITEMS"/>
		<set name="crystal_type" value="NONE"/>
		<set name="icon" value="icon.etc_tuna_i04"/>
		<set name="price" value="1111"/>
		<set name="stackable" value="true"/>
		<set name="type" value="OTHER"/>
		<set name="weight" value="100"/>
		<skills>
			<skill id="2266" level="7"/>
		</skills>
	</etcitem>
	<etcitem id="8455" name="Large Purple Ugly Fish - Upper Grade">
		<set name="class" value="OTHER"/>
		<set name="ex_type" value="OTHER_ITEMS"/>
		<set name="crystal_type" value="NONE"/>
		<set name="icon" value="icon.etc_angler_i04"/>
		<set name="price" value="1133"/>
		<set name="stackable" value="true"/>
		<set name="type" value="OTHER"/>
		<set name="weight" value="100"/>
		<skills>
			<skill id="2266" level="8"/>
		</skills>
	</etcitem>
	<etcitem id="8456" name="Large Purple Fat Fish - Upper Grade">
		<set name="class" value="OTHER"/>
		<set name="ex_type" value="OTHER_ITEMS"/>
		<set name="crystal_type" value="NONE"/>
		<set name="icon" value="icon.etc_bream_i04"/>
		<set name="price" value="1157"/>
		<set name="stackable" value="true"/>
		<set name="type" value="OTHER"/>
		<set name="weight" value="100"/>
		<skills>
			<skill id="2266" level="9"/>
		</skills>
	</etcitem>
	<etcitem id="8457" name="Small Red Nimble Fish - Upper Grade">
		<set name="class" value="OTHER"/>
		<set name="ex_type" value="OTHER_ITEMS"/>
		<set name="crystal_type" value="NONE"/>
		<set name="icon" value="icon.etc_tuna_i03"/>
		<set name="price" value="1277"/>
		<set name="stackable" value="true"/>
		<set name="type" value="OTHER"/>
		<set name="weight" value="100"/>
		<skills>
			<skill id="2267" level="1"/>
		</skills>
	</etcitem>
	<etcitem id="8458" name="Small Red Ugly Fish - Upper Grade">
		<set name="class" value="OTHER"/>
		<set name="ex_type" value="OTHER_ITEMS"/>
		<set name="crystal_type" value="NONE"/>
		<set name="icon" value="icon.etc_angler_i03"/>
		<set name="price" value="1301"/>
		<set name="stackable" value="true"/>
		<set name="type" value="OTHER"/>
		<set name="weight" value="100"/>
		<skills>
			<skill id="2267" level="2"/>
		</skills>
	</etcitem>
	<etcitem id="8459" name="Small Red Fat Fish - Upper Grade">
		<set name="class" value="OTHER"/>
		<set name="ex_type" value="OTHER_ITEMS"/>
		<set name="crystal_type" value="NONE"/>
		<set name="icon" value="icon.etc_bream_i03"/>
		<set name="price" value="1326"/>
		<set name="stackable" value="true"/>
		<set name="type" value="OTHER"/>
		<set name="weight" value="100"/>
		<skills>
			<skill id="2267" level="3"/>
		</skills>
	</etcitem>
	<etcitem id="8460" name="Red Nimble Fish - Upper Grade">
		<set name="class" value="OTHER"/>
		<set name="ex_type" value="OTHER_ITEMS"/>
		<set name="crystal_type" value="NONE"/>
		<set name="icon" value="icon.etc_tuna_i03"/>
		<set name="price" value="1351"/>
		<set name="stackable" value="true"/>
		<set name="type" value="OTHER"/>
		<set name="weight" value="100"/>
		<skills>
			<skill id="2267" level="4"/>
		</skills>
	</etcitem>
	<etcitem id="8461" name="Red Ugly Fish - Upper Grade">
		<set name="class" value="OTHER"/>
		<set name="ex_type" value="OTHER_ITEMS"/>
		<set name="crystal_type" value="NONE"/>
		<set name="icon" value="icon.etc_angler_i03"/>
		<set name="price" value="1376"/>
		<set name="stackable" value="true"/>
		<set name="type" value="OTHER"/>
		<set name="weight" value="100"/>
		<skills>
			<skill id="2267" level="5"/>
		</skills>
	</etcitem>
	<etcitem id="8462" name="Red Fat Fish - Upper Grade">
		<set name="class" value="OTHER"/>
		<set name="ex_type" value="OTHER_ITEMS"/>
		<set name="crystal_type" value="NONE"/>
		<set name="icon" value="icon.etc_bream_i03"/>
		<set name="price" value="1402"/>
		<set name="stackable" value="true"/>
		<set name="type" value="OTHER"/>
		<set name="weight" value="100"/>
		<skills>
			<skill id="2267" level="6"/>
		</skills>
	</etcitem>
	<etcitem id="8463" name="Large Red Nimble Fish - Upper Grade">
		<set name="class" value="OTHER"/>
		<set name="ex_type" value="OTHER_ITEMS"/>
		<set name="crystal_type" value="NONE"/>
		<set name="icon" value="icon.etc_tuna_i03"/>
		<set name="price" value="1577"/>
		<set name="stackable" value="true"/>
		<set name="type" value="OTHER"/>
		<set name="weight" value="100"/>
		<skills>
			<skill id="2267" level="7"/>
		</skills>
	</etcitem>
	<etcitem id="8464" name="Large Red Ugly Fish - Upper Grade">
		<set name="class" value="OTHER"/>
		<set name="ex_type" value="OTHER_ITEMS"/>
		<set name="crystal_type" value="NONE"/>
		<set name="icon" value="icon.etc_angler_i03"/>
		<set name="price" value="1608"/>
		<set name="stackable" value="true"/>
		<set name="type" value="OTHER"/>
		<set name="weight" value="100"/>
		<skills>
			<skill id="2267" level="8"/>
		</skills>
	</etcitem>
	<etcitem id="8465" name="Large Red Fat Fish - Upper Grade">
		<set name="class" value="OTHER"/>
		<set name="ex_type" value="OTHER_ITEMS"/>
		<set name="crystal_type" value="NONE"/>
		<set name="icon" value="icon.etc_bream_i03"/>
		<set name="price" value="1715"/>
		<set name="stackable" value="true"/>
		<set name="type" value="OTHER"/>
		<set name="weight" value="100"/>
		<skills>
			<skill id="2267" level="9"/>
		</skills>
	</etcitem>
	<etcitem id="8466" name="Small White Nimble Fish - Upper Grade">
		<set name="class" value="OTHER"/>
		<set name="ex_type" value="OTHER_ITEMS"/>
		<set name="crystal_type" value="NONE"/>
		<set name="icon" value="icon.etc_tuna_i00"/>
		<set name="price" value="1747"/>
		<set name="stackable" value="true"/>
		<set name="type" value="OTHER"/>
		<set name="weight" value="100"/>
		<skills>
			<skill id="2268" level="1"/>
		</skills>
	</etcitem>
	<etcitem id="8467" name="Small White Ugly Fish - Upper Grade">
		<set name="class" value="OTHER"/>
		<set name="ex_type" value="OTHER_ITEMS"/>
		<set name="crystal_type" value="NONE"/>
		<set name="icon" value="icon.etc_angler_i00"/>
		<set name="price" value="1781"/>
		<set name="stackable" value="true"/>
		<set name="type" value="OTHER"/>
		<set name="weight" value="100"/>
		<skills>
			<skill id="2268" level="2"/>
		</skills>
	</etcitem>
	<etcitem id="8468" name="Small White Fat Fish - Upper Grade">
		<set name="class" value="OTHER"/>
		<set name="ex_type" value="OTHER_ITEMS"/>
		<set name="crystal_type" value="NONE"/>
		<set name="icon" value="icon.etc_bream_i00"/>
		<set name="price" value="1814"/>
		<set name="stackable" value="true"/>
		<set name="type" value="OTHER"/>
		<set name="weight" value="100"/>
		<skills>
			<skill id="2268" level="3"/>
		</skills>
	</etcitem>
	<etcitem id="8469" name="White Nimble Fish - Upper Grade">
		<set name="class" value="OTHER"/>
		<set name="ex_type" value="OTHER_ITEMS"/>
		<set name="crystal_type" value="NONE"/>
		<set name="icon" value="icon.etc_tuna_i00"/>
		<set name="price" value="1849"/>
		<set name="stackable" value="true"/>
		<set name="type" value="OTHER"/>
		<set name="weight" value="100"/>
		<skills>
			<skill id="2268" level="4"/>
		</skills>
	</etcitem>
	<etcitem id="8470" name="White Ugly Fish - Upper Grade">
		<set name="class" value="OTHER"/>
		<set name="ex_type" value="OTHER_ITEMS"/>
		<set name="crystal_type" value="NONE"/>
		<set name="icon" value="icon.etc_angler_i00"/>
		<set name="price" value="1887"/>
		<set name="stackable" value="true"/>
		<set name="type" value="OTHER"/>
		<set name="weight" value="100"/>
		<skills>
			<skill id="2268" level="5"/>
		</skills>
	</etcitem>
	<etcitem id="8471" name="White Fat Fish - Upper Grade">
		<set name="class" value="OTHER"/>
		<set name="ex_type" value="OTHER_ITEMS"/>
		<set name="crystal_type" value="NONE"/>
		<set name="icon" value="icon.etc_bream_i00"/>
		<set name="price" value="1923"/>
		<set name="stackable" value="true"/>
		<set name="type" value="OTHER"/>
		<set name="weight" value="100"/>
		<skills>
			<skill id="2268" level="6"/>
		</skills>
	</etcitem>
	<etcitem id="8472" name="High Grade - Large White Nimble Fish">
		<set name="class" value="OTHER"/>
		<set name="ex_type" value="OTHER_ITEMS"/>
		<set name="crystal_type" value="NONE"/>
		<set name="icon" value="icon.etc_tuna_i00"/>
		<set name="price" value="1961"/>
		<set name="stackable" value="true"/>
		<set name="type" value="OTHER"/>
		<set name="weight" value="100"/>
		<skills>
			<skill id="2268" level="7"/>
		</skills>
	</etcitem>
	<etcitem id="8473" name="Large White Ugly Fish - Upper Grade">
		<set name="class" value="OTHER"/>
		<set name="ex_type" value="OTHER_ITEMS"/>
		<set name="crystal_type" value="NONE"/>
		<set name="icon" value="icon.etc_angler_i00"/>
		<set name="price" value="2000"/>
		<set name="stackable" value="true"/>
		<set name="type" value="OTHER"/>
		<set name="weight" value="100"/>
		<skills>
			<skill id="2268" level="8"/>
		</skills>
	</etcitem>
	<etcitem id="8474" name="Large White Fat Fish - Upper Grade">
		<set name="class" value="OTHER"/>
		<set name="ex_type" value="OTHER_ITEMS"/>
		<set name="crystal_type" value="NONE"/>
		<set name="icon" value="icon.etc_bream_i00"/>
		<set name="price" value="2039"/>
		<set name="stackable" value="true"/>
		<set name="type" value="OTHER"/>
		<set name="weight" value="100"/>
		<skills>
			<skill id="2268" level="9"/>
		</skills>
	</etcitem>
	<etcitem id="8475" name="Small Black Nimble Fish: Upper Grade">
		<set name="class" value="OTHER"/>
		<set name="ex_type" value="OTHER_ITEMS"/>
		<set name="crystal_type" value="NONE"/>
		<set name="icon" value="icon.etc_tuna_i05"/>
		<set name="price" value="2081"/>
		<set name="stackable" value="true"/>
		<set name="type" value="OTHER"/>
		<set name="weight" value="100"/>
		<skills>
			<skill id="2269" level="1"/>
		</skills>
	</etcitem>
	<etcitem id="8476" name="Small Black Ugly Fish - Upper Grade">
		<set name="class" value="OTHER"/>
		<set name="ex_type" value="OTHER_ITEMS"/>
		<set name="crystal_type" value="NONE"/>
		<set name="icon" value="icon.etc_angler_i05"/>
		<set name="price" value="2123"/>
		<set name="stackable" value="true"/>
		<set name="type" value="OTHER"/>
		<set name="weight" value="100"/>
		<skills>
			<skill id="2269" level="2"/>
		</skills>
	</etcitem>
	<etcitem id="8477" name="Small Black Fat Fish - Upper Grade">
		<set name="class" value="OTHER"/>
		<set name="ex_type" value="OTHER_ITEMS"/>
		<set name="crystal_type" value="NONE"/>
		<set name="icon" value="icon.etc_bream_i05"/>
		<set name="price" value="2166"/>
		<set name="stackable" value="true"/>
		<set name="type" value="OTHER"/>
		<set name="weight" value="100"/>
		<skills>
			<skill id="2269" level="3"/>
		</skills>
	</etcitem>
	<etcitem id="8478" name="Black Nimble Fish - Upper Grade">
		<set name="class" value="OTHER"/>
		<set name="ex_type" value="OTHER_ITEMS"/>
		<set name="crystal_type" value="NONE"/>
		<set name="icon" value="icon.etc_tuna_i05"/>
		<set name="price" value="2309"/>
		<set name="stackable" value="true"/>
		<set name="type" value="OTHER"/>
		<set name="weight" value="100"/>
		<skills>
			<skill id="2269" level="4"/>
		</skills>
	</etcitem>
	<etcitem id="8479" name="Black Ugly Fish - Upper Grade">
		<set name="class" value="OTHER"/>
		<set name="ex_type" value="OTHER_ITEMS"/>
		<set name="crystal_type" value="NONE"/>
		<set name="icon" value="icon.etc_angler_i05"/>
		<set name="price" value="2357"/>
		<set name="stackable" value="true"/>
		<set name="type" value="OTHER"/>
		<set name="weight" value="100"/>
		<skills>
			<skill id="2269" level="5"/>
		</skills>
	</etcitem>
	<etcitem id="8480" name="Black Fat Fish - Upper Grade">
		<set name="class" value="OTHER"/>
		<set name="ex_type" value="OTHER_ITEMS"/>
		<set name="crystal_type" value="NONE"/>
		<set name="icon" value="icon.etc_bream_i05"/>
		<set name="price" value="2403"/>
		<set name="stackable" value="true"/>
		<set name="type" value="OTHER"/>
		<set name="weight" value="100"/>
		<skills>
			<skill id="2269" level="6"/>
		</skills>
	</etcitem>
	<etcitem id="8481" name="Large Black Nimble Fish - Upper Grade">
		<set name="class" value="OTHER"/>
		<set name="ex_type" value="OTHER_ITEMS"/>
		<set name="crystal_type" value="NONE"/>
		<set name="icon" value="icon.etc_tuna_i05"/>
		<set name="price" value="2452"/>
		<set name="stackable" value="true"/>
		<set name="type" value="OTHER"/>
		<set name="weight" value="100"/>
		<skills>
			<skill id="2269" level="7"/>
		</skills>
	</etcitem>
	<etcitem id="8482" name="Large Black Ugly Fish - Upper Grade">
		<set name="class" value="OTHER"/>
		<set name="ex_type" value="OTHER_ITEMS"/>
		<set name="crystal_type" value="NONE"/>
		<set name="icon" value="icon.etc_angler_i05"/>
		<set name="price" value="2502"/>
		<set name="stackable" value="true"/>
		<set name="type" value="OTHER"/>
		<set name="weight" value="100"/>
		<skills>
			<skill id="2269" level="8"/>
		</skills>
	</etcitem>
	<etcitem id="8483" name="Large Black Fat Fish - Upper Grade">
		<set name="class" value="OTHER"/>
		<set name="ex_type" value="OTHER_ITEMS"/>
		<set name="crystal_type" value="NONE"/>
		<set name="icon" value="icon.etc_bream_i05"/>
		<set name="price" value="2552"/>
		<set name="stackable" value="true"/>
		<set name="type" value="OTHER"/>
		<set name="weight" value="100"/>
		<skills>
			<skill id="2269" level="9"/>
		</skills>
	</etcitem>
	<etcitem id="8484" name="Prize-Winning Fishing Lure">
		<set name="class" value="CONSUMABLE"/>
		<set name="crystal_type" value="NONE"/>
		<set name="icon" value="icon.etc_gludio_fish_lure_i00"/>
		<set name="price" value="240"/>
		<set name="stackable" value="true"/>
		<set name="type" value="BAIT"/>
		<set name="weight" value="4"/>
		<equip>
			<slot id="LEFT_HAND"/>
		</equip>
	</etcitem>
	<etcitem id="8485" name="Prize-Winning Night Fishing Lure">
		<set name="class" value="CONSUMABLE"/>
		<set name="crystal_type" value="NONE"/>
		<set name="icon" value="icon.etc_gludio_fish_lure_i00"/>
		<set name="price" value="240"/>
		<set name="stackable" value="true"/>
		<set name="type" value="BAIT"/>
		<set name="weight" value="4"/>
		<equip>
			<slot id="LEFT_HAND"/>
		</equip>
	</etcitem>
	<etcitem id="8486" name="Prize-Winning Novice Fishing Lure">
		<set name="class" value="CONSUMABLE"/>
		<set name="crystal_type" value="NONE"/>
		<set name="icon" value="icon.etc_gludio_fish_lure_i00"/>
		<set name="price" value="100"/>
		<set name="stackable" value="true"/>
		<set name="type" value="BAIT"/>
		<set name="weight" value="5"/>
		<equip>
			<slot id="LEFT_HAND"/>
		</equip>
	</etcitem>
	<etcitem id="8487" name="Recipe: Destroyer Hammer (60%)">
		<set name="class" value="RECIPIES"/>
		<set name="crystal_type" value="NONE"/>
		<set name="icon" value="icon.etc_recipe_violet_i00"/>
		<set name="price" value="366000"/>
		<set name="stackable" value="true"/>
		<set name="type" value="RECIPE"/>
		<set name="ex_type" value="RECIPE"/>
		<set name="weight" value="30"/>
	</etcitem>
	<etcitem id="8488" name="Engraved Hammer">
		<set name="class" value="OTHER"/>
		<set name="ex_type" value="OTHER_ITEMS"/>
		<set name="crystal_type" value="NONE"/>
		<set name="icon" value="icon.weapon_big_hammer_i00"/>
		<set name="stackable" value="true"/>
		<set name="type" value="QUEST"/>
	</etcitem>
	<etcitem id="8489" name="Daimon's Eyes">
		<set name="class" value="OTHER"/>
		<set name="ex_type" value="OTHER_ITEMS"/>
		<set name="crystal_type" value="NONE"/>
		<set name="icon" value="icon.etc_eyeball_i00"/>
		<set name="stackable" value="true"/>
		<set name="type" value="QUEST"/>
	</etcitem>
	<etcitem id="8490" name="Hestia's Fairy Stone">
		<set name="class" value="OTHER"/>
		<set name="ex_type" value="OTHER_ITEMS"/>
		<set name="crystal_type" value="NONE"/>
		<set name="icon" value="icon.etc_crystal_gold_i00"/>
		<set name="stackable" value="true"/>
		<set name="type" value="OTHER"/>
	</etcitem>
	<etcitem id="8491" name="Nucleus of Lesser Golem">
		<set name="class" value="OTHER"/>
		<set name="ex_type" value="OTHER_ITEMS"/>
		<set name="crystal_type" value="NONE"/>
		<set name="icon" value="icon.etc_bead_white_i00"/>
		<set name="stackable" value="true"/>
		<set name="type" value="OTHER"/>
	</etcitem>
	<etcitem id="8492" name="Falston's Fang">
		<set name="class" value="OTHER"/>
		<set name="ex_type" value="OTHER_ITEMS"/>
		<set name="crystal_type" value="NONE"/>
		<set name="icon" value="icon.etc_fang_ivory_i00"/>
		<set name="stackable" value="true"/>
		<set name="type" value="QUEST"/>
	</etcitem>
	<etcitem id="8493" name="Shaid's Talon">
		<set name="class" value="OTHER"/>
		<set name="ex_type" value="OTHER_ITEMS"/>
		<set name="crystal_type" value="NONE"/>
		<set name="icon" value="icon.etc_claw_i00"/>
		<set name="stackable" value="true"/>
		<set name="type" value="QUEST"/>
	</etcitem>
	<etcitem id="8494" name="Nucleus of Flamestone Giant">
		<set name="class" value="OTHER"/>
		<set name="ex_type" value="OTHER_ITEMS"/>
		<set name="crystal_type" value="NONE"/>
		<set name="icon" value="icon.etc_bead_red_i00"/>
		<set name="stackable" value="true"/>
		<set name="type" value="QUEST"/>
	</etcitem>
	<etcitem id="8495" name="Book of Grey Star">
		<set name="class" value="OTHER"/>
		<set name="ex_type" value="OTHER_ITEMS"/>
		<set name="crystal_type" value="NONE"/>
		<set name="icon" value="icon.etc_memopad_i00"/>
		<set name="stackable" value="true"/>
		<set name="type" value="QUEST"/>
	</etcitem>
	<etcitem id="8496" name="Gludio's Luminous Lure">
		<set name="class" value="CONSUMABLE"/>
		<set name="crystal_type" value="NONE"/>
		<set name="icon" value="icon.etc_gludio_fish_lure_i00"/>
		<set name="price" value="120"/>
		<set name="stackable" value="true"/>
		<set name="type" value="BAIT"/>
		<set name="weight" value="5"/>
		<equip>
			<slot id="LEFT_HAND"/>
		</equip>
	</etcitem>
	<etcitem id="8497" name="Dion's Luminous Lure">
		<set name="class" value="CONSUMABLE"/>
		<set name="crystal_type" value="NONE"/>
		<set name="icon" value="icon.etc_gludio_fish_lure_i00"/>
		<set name="price" value="120"/>
		<set name="stackable" value="true"/>
		<set name="type" value="BAIT"/>
		<set name="weight" value="4"/>
		<equip>
			<slot id="LEFT_HAND"/>
		</equip>
	</etcitem>
	<etcitem id="8498" name="Giran's Luminous Lure">
		<set name="class" value="CONSUMABLE"/>
		<set name="crystal_type" value="NONE"/>
		<set name="icon" value="icon.etc_gludio_fish_lure_i00"/>
		<set name="price" value="120"/>
		<set name="stackable" value="true"/>
		<set name="type" value="BAIT"/>
		<set name="weight" value="3"/>
		<equip>
			<slot id="LEFT_HAND"/>
		</equip>
	</etcitem>
	<etcitem id="8499" name="Oren's Luminous Lure">
		<set name="class" value="CONSUMABLE"/>
		<set name="crystal_type" value="NONE"/>
		<set name="icon" value="icon.etc_gludio_fish_lure_i00"/>
		<set name="price" value="120"/>
		<set name="stackable" value="true"/>
		<set name="type" value="BAIT"/>
		<set name="weight" value="5"/>
		<equip>
			<slot id="LEFT_HAND"/>
		</equip>
	</etcitem>
</list>
