<?xml version="1.0" encoding="UTF-8"?>
<!DOCTYPE list SYSTEM "item.dtd">
<list>
	<etcitem id="8500" name="Aden's Luminous Lure">
		<set name="class" value="CONSUMABLE"/>
		<set name="crystal_type" value="NONE"/>
		<set name="icon" value="icon.etc_gludio_fish_lure_i00"/>
		<set name="price" value="120"/>
		<set name="stackable" value="true"/>
		<set name="type" value="BAIT"/>
		<set name="weight" value="4"/>
		<equip>
			<slot id="LEFT_HAND"/>
		</equip>
	</etcitem>
	<etcitem id="8501" name="Innadril's Luminous Lure">
		<set name="class" value="CONSUMABLE"/>
		<set name="crystal_type" value="NONE"/>
		<set name="icon" value="icon.etc_gludio_fish_lure_i00"/>
		<set name="price" value="120"/>
		<set name="stackable" value="true"/>
		<set name="type" value="BAIT"/>
		<set name="weight" value="3"/>
		<equip>
			<slot id="LEFT_HAND"/>
		</equip>
	</etcitem>
	<etcitem id="8502" name="Goddard's Luminous Lure">
		<set name="class" value="CONSUMABLE"/>
		<set name="crystal_type" value="NONE"/>
		<set name="icon" value="icon.etc_gludio_fish_lure_i00"/>
		<set name="price" value="120"/>
		<set name="stackable" value="true"/>
		<set name="type" value="BAIT"/>
		<set name="weight" value="5"/>
		<equip>
			<slot id="LEFT_HAND"/>
		</equip>
	</etcitem>
	<etcitem id="8503" name="Rune's Luminous Lure">
		<set name="class" value="CONSUMABLE"/>
		<set name="crystal_type" value="NONE"/>
		<set name="icon" value="icon.etc_gludio_fish_lure_i00"/>
		<set name="price" value="120"/>
		<set name="stackable" value="true"/>
		<set name="type" value="BAIT"/>
		<set name="weight" value="4"/>
		<equip>
			<slot id="LEFT_HAND"/>
		</equip>
	</etcitem>
	<etcitem id="8504" name="Schuttgart's Luminous Lure">
		<set name="class" value="CONSUMABLE"/>
		<set name="crystal_type" value="NONE"/>
		<set name="icon" value="icon.etc_gludio_fish_lure_i00"/>
		<set name="price" value="120"/>
		<set name="stackable" value="true"/>
		<set name="type" value="BAIT"/>
		<set name="weight" value="3"/>
		<equip>
			<slot id="LEFT_HAND"/>
		</equip>
	</etcitem>
	<etcitem id="8505" name="Green Luminous Lure - Low Grade">
		<set name="class" value="CONSUMABLE"/>
		<set name="crystal_type" value="NONE"/>
		<set name="icon" value="icon.etc_gludio_fish_lure_i00"/>
		<set name="price" value="100"/>
		<set name="stackable" value="true"/>
		<set name="type" value="BAIT"/>
		<set name="weight" value="5"/>
		<equip>
			<slot id="LEFT_HAND"/>
		</equip>
	</etcitem>
	<etcitem id="8506" name="Green Luminous Lure">
		<set name="class" value="CONSUMABLE"/>
		<set name="crystal_type" value="NONE"/>
		<set name="icon" value="icon.etc_bait_i00"/>
		<set name="price" value="120"/>
		<set name="stackable" value="true"/>
		<set name="type" value="BAIT"/>
		<set name="weight" value="4"/>
		<equip>
			<slot id="LEFT_HAND"/>
		</equip>
	</etcitem>
	<etcitem id="8507" name="Green Colored Lure - High Grade">
		<set name="class" value="CONSUMABLE"/>
		<set name="crystal_type" value="NONE"/>
		<set name="icon" value="icon.etc_gludio_fish_lure_i00"/>
		<set name="price" value="150"/>
		<set name="stackable" value="true"/>
		<set name="type" value="BAIT"/>
		<set name="weight" value="3"/>
		<equip>
			<slot id="LEFT_HAND"/>
		</equip>
	</etcitem>
	<etcitem id="8508" name="Purple Luminous Lure - Low Grade">
		<set name="class" value="CONSUMABLE"/>
		<set name="crystal_type" value="NONE"/>
		<set name="icon" value="icon.etc_gludio_fish_lure_i00"/>
		<set name="price" value="150"/>
		<set name="stackable" value="true"/>
		<set name="type" value="BAIT"/>
		<set name="weight" value="5"/>
		<equip>
			<slot id="LEFT_HAND"/>
		</equip>
	</etcitem>
	<etcitem id="8509" name="Purple Luminous Lure">
		<set name="class" value="CONSUMABLE"/>
		<set name="crystal_type" value="NONE"/>
		<set name="icon" value="icon.etc_bait_i01"/>
		<set name="price" value="180"/>
		<set name="stackable" value="true"/>
		<set name="type" value="BAIT"/>
		<set name="weight" value="4"/>
		<equip>
			<slot id="LEFT_HAND"/>
		</equip>
	</etcitem>
	<etcitem id="8510" name="Purple Luminous Lure - High Grade">
		<set name="class" value="CONSUMABLE"/>
		<set name="crystal_type" value="NONE"/>
		<set name="icon" value="icon.etc_gludio_fish_lure_i00"/>
		<set name="price" value="200"/>
		<set name="stackable" value="true"/>
		<set name="type" value="BAIT"/>
		<set name="weight" value="3"/>
		<equip>
			<slot id="LEFT_HAND"/>
		</equip>
	</etcitem>
	<etcitem id="8511" name="Yellow Luminous Lure - Low Grade">
		<set name="class" value="CONSUMABLE"/>
		<set name="crystal_type" value="NONE"/>
		<set name="icon" value="icon.etc_gludio_fish_lure_i00"/>
		<set name="price" value="120"/>
		<set name="stackable" value="true"/>
		<set name="type" value="BAIT"/>
		<set name="weight" value="5"/>
		<equip>
			<slot id="LEFT_HAND"/>
		</equip>
	</etcitem>
	<etcitem id="8512" name="Yellow Luminous Lure">
		<set name="class" value="CONSUMABLE"/>
		<set name="crystal_type" value="NONE"/>
		<set name="icon" value="icon.etc_bait_i02"/>
		<set name="price" value="150"/>
		<set name="stackable" value="true"/>
		<set name="type" value="BAIT"/>
		<set name="weight" value="4"/>
		<equip>
			<slot id="LEFT_HAND"/>
		</equip>
	</etcitem>
	<etcitem id="8513" name="Yellow Luminous Lure - High Grade">
		<set name="class" value="CONSUMABLE"/>
		<set name="crystal_type" value="NONE"/>
		<set name="icon" value="icon.etc_gludio_fish_lure_i00"/>
		<set name="price" value="180"/>
		<set name="stackable" value="true"/>
		<set name="type" value="BAIT"/>
		<set name="weight" value="3"/>
		<equip>
			<slot id="LEFT_HAND"/>
		</equip>
	</etcitem>
	<etcitem id="8514" name="Remnants of Old Dwarves' Dreams">
		<set name="class" value="OTHER"/>
		<set name="ex_type" value="OTHER_ITEMS"/>
		<set name="crystal_type" value="NONE"/>
		<set name="icon" value="icon.etc_inf_ore_high_i00"/>
		<set name="stackable" value="true"/>
		<set name="type" value="QUEST"/>
	</etcitem>
	<etcitem id="8515" name="Charm of Courage: No Grade">
		<set name="reuse_delay" value="1200000"/>
		<set name="class" value="CONSUMABLE"/>
		<set name="crystal_type" value="NONE"/>
		<set name="icon" value="icon.etc_charm_of_courage_i00"/>
		<set name="price" value="2000"/>
		<set name="stackable" value="true"/>
		<set name="type" value="SCROLL"/>
		<set name="weight" value="10"/>
		<skills>
			<skill id="5041" level="1"/>
		</skills>
	</etcitem>
	<etcitem id="8516" name="Charm of Courage: D-Grade">
		<set name="reuse_delay" value="1200000"/>
		<set name="class" value="CONSUMABLE"/>
		<set name="crystal_type" value="D"/>
		<set name="icon" value="icon.etc_charm_of_courage_i01"/>
		<set name="price" value="6600"/>
		<set name="stackable" value="true"/>
		<set name="type" value="SCROLL"/>
		<set name="weight" value="10"/>
		<skills>
			<skill id="5041" level="2"/>
		</skills>
	</etcitem>
	<etcitem id="8517" name="Charm of Courage: C-Grade">
		<set name="reuse_delay" value="1200000"/>
		<set name="class" value="CONSUMABLE"/>
		<set name="crystal_type" value="C"/>
		<set name="icon" value="icon.etc_charm_of_courage_i02"/>
		<set name="price" value="13200"/>
		<set name="stackable" value="true"/>
		<set name="type" value="SCROLL"/>
		<set name="weight" value="10"/>
		<skills>
			<skill id="5041" level="3"/>
		</skills>
	</etcitem>
	<etcitem id="8518" name="Charm of Courage: B-Grade">
		<set name="reuse_delay" value="1200000"/>
		<set name="class" value="CONSUMABLE"/>
		<set name="crystal_type" value="B"/>
		<set name="icon" value="icon.etc_charm_of_courage_i03"/>
		<set name="price" value="26000"/>
		<set name="stackable" value="true"/>
		<set name="type" value="SCROLL"/>
		<set name="weight" value="10"/>
		<skills>
			<skill id="5041" level="4"/>
		</skills>
	</etcitem>
	<etcitem id="8519" name="Charm of Courage: A-Grade">
		<set name="reuse_delay" value="1200000"/>
		<set name="class" value="CONSUMABLE"/>
		<set name="crystal_type" value="A"/>
		<set name="icon" value="icon.etc_charm_of_courage_i04"/>
		<set name="price" value="54000"/>
		<set name="stackable" value="true"/>
		<set name="type" value="SCROLL"/>
		<set name="weight" value="10"/>
		<skills>
			<skill id="5041" level="5"/>
		</skills>
	</etcitem>
	<etcitem id="8520" name="Charm of Courage: S-Grade">
		<set name="reuse_delay" value="1200000"/>
		<set name="class" value="CONSUMABLE"/>
		<set name="crystal_type" value="S"/>
		<set name="icon" value="icon.etc_charm_of_courage_i05"/>
		<set name="price" value="100000"/>
		<set name="stackable" value="true"/>
		<set name="type" value="SCROLL"/>
		<set name="weight" value="10"/>
		<skills>
			<skill id="5041" level="6"/>
		</skills>
	</etcitem>
	<etcitem id="8521" name="Seed: Sea Coba">
		<set name="class" value="OTHER"/>
		<set name="ex_type" value="OTHER_ITEMS"/>
		<set name="crystal_type" value="NONE"/>
		<set name="icon" value="icon.etc_sea_coba_seed_i00"/>
		<set name="price" value="900"/>
		<set name="stackable" value="true"/>
		<set name="type" value="SEED"/>
		<set name="weight" value="1"/>
	</etcitem>
	<etcitem id="8522" name="Seed: Alternative Sea Coba">
		<set name="class" value="OTHER"/>
		<set name="ex_type" value="OTHER_ITEMS"/>
		<set name="crystal_type" value="NONE"/>
		<set name="icon" value="icon.etc_sea_coba_seed_i00"/>
		<set name="price" value="900"/>
		<set name="stackable" value="true"/>
		<set name="type" value="SEED"/>
		<set name="weight" value="1"/>
	</etcitem>
	<etcitem id="8523" name="Seed: Twin Coba">
		<set name="class" value="OTHER"/>
		<set name="ex_type" value="OTHER_ITEMS"/>
		<set name="crystal_type" value="NONE"/>
		<set name="icon" value="icon.etc_twin_coba_seed_i00"/>
		<set name="price" value="1000"/>
		<set name="stackable" value="true"/>
		<set name="type" value="SEED"/>
		<set name="weight" value="1"/>
	</etcitem>
	<etcitem id="8524" name="Seed: Alternative Twin Coba">
		<set name="class" value="OTHER"/>
		<set name="ex_type" value="OTHER_ITEMS"/>
		<set name="crystal_type" value="NONE"/>
		<set name="icon" value="icon.etc_twin_coba_seed_i00"/>
		<set name="price" value="1000"/>
		<set name="stackable" value="true"/>
		<set name="type" value="SEED"/>
		<set name="weight" value="1"/>
	</etcitem>
	<etcitem id="8525" name="Seed: Great Coba">
		<set name="class" value="OTHER"/>
		<set name="ex_type" value="OTHER_ITEMS"/>
		<set name="crystal_type" value="NONE"/>
		<set name="icon" value="icon.etc_great_coba_seed_i00"/>
		<set name="price" value="1200"/>
		<set name="stackable" value="true"/>
		<set name="type" value="SEED"/>
		<set name="weight" value="1"/>
	</etcitem>
	<etcitem id="8526" name="Seed: Alternative Great Coba">
		<set name="class" value="OTHER"/>
		<set name="ex_type" value="OTHER_ITEMS"/>
		<set name="crystal_type" value="NONE"/>
		<set name="icon" value="icon.etc_great_coba_seed_i00"/>
		<set name="price" value="1200"/>
		<set name="stackable" value="true"/>
		<set name="type" value="SEED"/>
		<set name="weight" value="1"/>
	</etcitem>
	<etcitem id="8534" name="Adventurer's Box: C-Grade Accessory (Low Grade)">
		<set name="class" value="OTHER"/>
		<set name="ex_type" value="OTHER_ITEMS"/>
		<set name="crystal_type" value="NONE"/>
		<set name="icon" value="icon.etc_box_of_adventure_1_i00"/>
		<set name="stackable" value="true"/>
		<set name="type" value="OTHER"/>
		<set name="weight" value="20"/>
		<skills>
			<skill id="2270" level="1"/>
		</skills>
		<set name="capsuled" value="true"/>
	</etcitem>
	<etcitem id="8535" name="Adventurer's Box: C-Grade Accessory (Medium Grade)">
		<set name="class" value="OTHER"/>
		<set name="ex_type" value="OTHER_ITEMS"/>
		<set name="crystal_type" value="NONE"/>
		<set name="icon" value="icon.etc_box_of_adventure_1_i00"/>
		<set name="stackable" value="true"/>
		<set name="type" value="OTHER"/>
		<set name="weight" value="20"/>
		<skills>
			<skill id="2270" level="2"/>
		</skills>
		<set name="capsuled" value="true"/>
	</etcitem>
	<etcitem id="8536" name="Adventurer's Box: C-Grade Accessory (High Grade)">
		<set name="class" value="OTHER"/>
		<set name="ex_type" value="OTHER_ITEMS"/>
		<set name="crystal_type" value="NONE"/>
		<set name="icon" value="icon.etc_box_of_adventure_1_i00"/>
		<set name="stackable" value="true"/>
		<set name="type" value="OTHER"/>
		<set name="weight" value="20"/>
		<skills>
			<skill id="2270" level="3"/>
		</skills>
		<set name="capsuled" value="true"/>
	</etcitem>
	<etcitem id="8537" name="Adventurer's Box: B-Grade Accessory (Low Grade)">
		<set name="class" value="OTHER"/>
		<set name="ex_type" value="OTHER_ITEMS"/>
		<set name="crystal_type" value="NONE"/>
		<set name="icon" value="icon.etc_box_of_adventure_2_i00"/>
		<set name="stackable" value="true"/>
		<set name="type" value="OTHER"/>
		<set name="weight" value="20"/>
		<skills>
			<skill id="2270" level="4"/>
		</skills>
		<set name="capsuled" value="true"/>
	</etcitem>
	<etcitem id="8538" name="Adventurer's Box: B-Grade Accessory (High Grade)">
		<set name="class" value="OTHER"/>
		<set name="ex_type" value="OTHER_ITEMS"/>
		<set name="crystal_type" value="NONE"/>
		<set name="icon" value="icon.etc_box_of_adventure_3_i00"/>
		<set name="stackable" value="true"/>
		<set name="type" value="OTHER"/>
		<set name="weight" value="20"/>
		<skills>
			<skill id="2270" level="5"/>
		</skills>
		<set name="capsuled" value="true"/>
	</etcitem>
	<etcitem id="8539" name="Adventurer's Box: Hair Accessory">
		<set name="class" value="OTHER"/>
		<set name="ex_type" value="OTHER_ITEMS"/>
		<set name="crystal_type" value="NONE"/>
		<set name="icon" value="icon.etc_box_of_adventure_4_i00"/>
		<set name="stackable" value="true"/>
		<set name="type" value="OTHER"/>
		<set name="weight" value="20"/>
		<skills>
			<skill id="2270" level="6"/>
		</skills>
		<set name="capsuled" value="true"/>
	</etcitem>
	<etcitem id="8540" name="Adventurer's Box: Cradle of Creation">
		<set name="class" value="OTHER"/>
		<set name="ex_type" value="OTHER_ITEMS"/>
		<set name="crystal_type" value="NONE"/>
		<set name="icon" value="icon.etc_box_of_adventure_5_i00"/>
		<set name="stackable" value="true"/>
		<set name="type" value="OTHER"/>
		<set name="weight" value="20"/>
		<skills>
			<skill id="2270" level="7"/>
		</skills>
		<set name="capsuled" value="true"/>
	</etcitem>
	<etcitem id="8542" name="Newbie Travel Token">
		<set name="class" value="OTHER"/>
		<set name="ex_type" value="OTHER_ITEMS"/>
		<set name="crystal_type" value="NONE"/>
		<set name="dropable" value="false"/>
		<set name="icon" value="icon.etc_coins_gold_i00"/>
		<set name="stackable" value="true"/>
		<set name="tradeable" value="false"/>
		<set name="type" value="OTHER"/>
		<set name="weight" value="10"/>
	</etcitem>
	<etcitem id="8543" name="Bead Parcel">
		<set name="class" value="OTHER"/>
		<set name="ex_type" value="OTHER_ITEMS"/>
		<set name="crystal_type" value="NONE"/>
		<set name="icon" value="icon.accessary_mage_earing_i00"/>
		<set name="stackable" value="true"/>
		<set name="type" value="QUEST"/>
	</etcitem>
	<etcitem id="8544" name="Timora Orc's Head">
		<set name="class" value="OTHER"/>
		<set name="ex_type" value="OTHER_ITEMS"/>
		<set name="crystal_type" value="NONE"/>
		<set name="icon" value="icon.etc_skull_red_i00"/>
		<set name="stackable" value="true"/>
		<set name="type" value="QUEST"/>
	</etcitem>
	<etcitem id="8545" name="Kasha Spider's Tooth">
		<set name="class" value="OTHER"/>
		<set name="ex_type" value="OTHER_ITEMS"/>
		<set name="crystal_type" value="NONE"/>
		<set name="icon" value="icon.etc_claw_i00"/>
		<set name="stackable" value="true"/>
		<set name="type" value="QUEST"/>
	</etcitem>
	<etcitem id="8546" name="Horn of Baar Dre Vanul">
		<set name="class" value="OTHER"/>
		<set name="ex_type" value="OTHER_ITEMS"/>
		<set name="crystal_type" value="NONE"/>
		<set name="icon" value="icon.etc_horn_i00"/>
		<set name="stackable" value="true"/>
		<set name="type" value="QUEST"/>
	</etcitem>
	<etcitem id="8547" name="Old Box">
		<set name="class" value="OTHER"/>
		<set name="ex_type" value="OTHER_ITEMS"/>
		<set name="crystal_type" value="NONE"/>
		<set name="icon" value="icon.etc_box_of_adventure_1_i00"/>
		<set name="price" value="1500"/>
		<set name="stackable" value="true"/>
		<set name="type" value="QUEST"/>
		<set name="weight" value="100"/>
		<skills>
			<skill id="2271" level="1"/>
		</skills>
		<set name="capsuled" value="true"/>
	</etcitem>
	<etcitem id="8548" name="Hot Springs Lure">
		<set name="class" value="CONSUMABLE"/>
		<set name="crystal_type" value="NONE"/>
		<set name="icon" value="icon.etc_bait_i02"/>
		<set name="price" value="200"/>
		<set name="stackable" value="true"/>
		<set name="type" value="BAIT"/>
		<set name="weight" value="3"/>
		<equip>
			<slot id="LEFT_HAND"/>
		</equip>
	</etcitem>
	<etcitem id="8549" name="Bruin Lizardman Blood">
		<set name="class" value="OTHER"/>
		<set name="ex_type" value="OTHER_ITEMS"/>
		<set name="crystal_type" value="NONE"/>
		<set name="icon" value="icon.etc_lesser_potion_purple_i00"/>
		<set name="stackable" value="true"/>
		<set name="type" value="QUEST"/>
	</etcitem>
	<etcitem id="8550" name="Picot Araneid's Leg">
		<set name="class" value="OTHER"/>
		<set name="ex_type" value="OTHER_ITEMS"/>
		<set name="crystal_type" value="NONE"/>
		<set name="icon" value="icon.etc_sting_b_i00"/>
		<set name="stackable" value="true"/>
		<set name="type" value="QUEST"/>
	</etcitem>
	<etcitem id="8551" name="Box of Cheerleading Gear Used to encourage victory.">
		<set name="class" value="OTHER"/>
		<set name="ex_type" value="OTHER_ITEMS"/>
		<set name="crystal_type" value="NONE"/>
		<set name="icon" value="icon.etc_box_of_adventure_1_i00"/>
		<set name="stackable" value="true"/>
		<set name="type" value="OTHER"/>
		<skills>
			<skill id="2273" level="1"/>
		</skills>
		<set name="capsuled" value="true"/>
	</etcitem>
	<etcitem id="8553" name="Red Mask of Victory, Fabric">
		<set name="class" value="PIECES"/>
		<set name="crystal_type" value="NONE"/>
		<set name="icon" value="icon.etc_piece_of_cloth_red_i00"/>
		<set name="price" value="5000"/>
		<set name="stackable" value="true"/>
		<set name="type" value="MATERIAL"/>
		<set name="weight" value="60"/>
	</etcitem>
	<etcitem id="8554" name="Recipe: Red Mask of Victory (100%)">
		<set name="class" value="RECIPIES"/>
		<set name="crystal_type" value="NONE"/>
		<set name="icon" value="icon.etc_recipe_green_i00"/>
		<set name="price" value="100000"/>
		<set name="stackable" value="true"/>
		<set name="type" value="RECIPE"/>
		<set name="ex_type" value="RECIPE"/>
		<set name="weight" value="30"/>
	</etcitem>
	<etcitem id="8555" name="Echo Crystal - Viva Victory Korea">
		<set name="reuse_delay" value="20000"/>
		<set name="class" value="OTHER"/>
		<set name="ex_type" value="OTHER_ITEMS"/>
		<set name="crystal_type" value="NONE"/>
		<set name="icon" value="icon.etc_echo_crystal_i00"/>
		<set name="stackable" value="true"/>
		<set name="type" value="OTHER"/>
		<set name="weight" value="10"/>
		<skills>
			<skill id="2272" level="1"/>
		</skills>
		<set name="capsuled" value="true"/>
	</etcitem>
	<etcitem id="8556" name="Dewdrop of Destruction">
		<set name="class" value="OTHER"/>
		<set name="ex_type" value="OTHER_ITEMS"/>
		<set name="crystal_type" value="NONE"/>
		<set name="icon" value="icon.etc_lesser_potion_red_i00"/>
		<set name="stackable" value="true"/>
		<set name="sellable" value="false"/>
		<set name="tradeable" value="false"/>
		<set name="type" value="OTHER"/>
		<set name="weight" value="3"/>
	</etcitem>
	<etcitem id="8570" name="Event Gift Box">
		<set name="class" value="OTHER"/>
		<set name="ex_type" value="OTHER_ITEMS"/>
		<set name="crystal_type" value="NONE"/>
		<set name="dropable" value="false"/>
		<set name="icon" value="icon.etc_box_of_adventure_3_i00"/>
		<set name="stackable" value="true"/>
		<set name="tradeable" value="false"/>
		<set name="type" value="OTHER"/>
		<set name="weight" value="20"/>
		<skills>
			<skill id="2277" level="1"/>
		</skills>
		<set name="capsuled" value="true"/>
	</etcitem>
	<etcitem id="8571" name="Event Gift Box">
		<set name="class" value="OTHER"/>
		<set name="ex_type" value="OTHER_ITEMS"/>
		<set name="crystal_type" value="NONE"/>
		<set name="dropable" value="false"/>
		<set name="icon" value="icon.etc_box_of_adventure_3_i00"/>
		<set name="stackable" value="true"/>
		<set name="tradeable" value="false"/>
		<set name="type" value="OTHER"/>
		<set name="weight" value="20"/>
		<skills>
			<skill id="2277" level="2"/>
		</skills>
		<set name="capsuled" value="true"/>
	</etcitem>
	<etcitem id="8572" name="Event Gift Box">
		<set name="class" value="OTHER"/>
		<set name="ex_type" value="OTHER_ITEMS"/>
		<set name="crystal_type" value="NONE"/>
		<set name="dropable" value="false"/>
		<set name="icon" value="icon.etc_box_of_adventure_3_i00"/>
		<set name="stackable" value="true"/>
		<set name="tradeable" value="false"/>
		<set name="type" value="OTHER"/>
		<set name="weight" value="20"/>
		<skills>
			<skill id="2277" level="3"/>
		</skills>
		<set name="capsuled" value="true"/>
	</etcitem>
	<etcitem id="8573" name="Event Gift Box">
		<set name="class" value="OTHER"/>
		<set name="ex_type" value="OTHER_ITEMS"/>
		<set name="crystal_type" value="NONE"/>
		<set name="dropable" value="false"/>
		<set name="icon" value="icon.etc_box_of_adventure_3_i00"/>
		<set name="stackable" value="true"/>
		<set name="tradeable" value="false"/>
		<set name="type" value="OTHER"/>
		<set name="weight" value="20"/>
		<skills>
			<skill id="2277" level="4"/>
		</skills>
		<set name="capsuled" value="true"/>
	</etcitem>
	<etcitem id="8574" name="Event Gift Box">
		<set name="class" value="OTHER"/>
		<set name="ex_type" value="OTHER_ITEMS"/>
		<set name="crystal_type" value="NONE"/>
		<set name="dropable" value="false"/>
		<set name="icon" value="icon.etc_box_of_adventure_3_i00"/>
		<set name="stackable" value="true"/>
		<set name="tradeable" value="false"/>
		<set name="type" value="OTHER"/>
		<set name="weight" value="20"/>
		<skills>
			<skill id="2277" level="5"/>
		</skills>
		<set name="capsuled" value="true"/>
	</etcitem>
	<etcitem id="8575" name="Event Gift Box">
		<set name="class" value="OTHER"/>
		<set name="ex_type" value="OTHER_ITEMS"/>
		<set name="crystal_type" value="NONE"/>
		<set name="dropable" value="false"/>
		<set name="icon" value="icon.etc_box_of_adventure_3_i00"/>
		<set name="stackable" value="true"/>
		<set name="tradeable" value="false"/>
		<set name="type" value="OTHER"/>
		<set name="weight" value="20"/>
		<skills>
			<skill id="2277" level="6"/>
		</skills>
		<set name="capsuled" value="true"/>
	</etcitem>
	<etcitem id="8592" name="Weapon Exchange Coupon - No Grade">
		<set name="class" value="OTHER"/>
		<set name="ex_type" value="OTHER_ITEMS"/>
		<set name="crystal_type" value="NONE"/>
		<set name="icon" value="icon.etc_lottery_card_i00"/>
		<set name="type" value="OTHER"/>
		<set name="weight" value="1"/>
	</etcitem>
	<etcitem id="8593" name="Weapon Exchange Coupon - D Grade">
		<set name="class" value="OTHER"/>
		<set name="ex_type" value="OTHER_ITEMS"/>
		<set name="crystal_type" value="NONE"/>
		<set name="icon" value="icon.etc_lottery_card_i00"/>
		<set name="type" value="OTHER"/>
		<set name="weight" value="1"/>
	</etcitem>
	<etcitem id="8594" name="Scroll: Recovery (No Grade)">
		<set name="reuse_delay" value="10000"/>
		<set name="class" value="CONSUMABLE"/>
		<set name="crystal_type" value="NONE"/>
		<set name="icon" value="icon.etc_penalty_recovery_i00"/>
		<set name="price" value="2000"/>
		<set name="stackable" value="true"/>
		<set name="type" value="POTION"/>
		<set name="ex_type" value="POTION"/>
		<set name="weight" value="10"/>
		<skills>
			<skill id="2286" level="1"/>
		</skills>
	</etcitem>
	<etcitem id="8595" name="Scroll: Recovery (Grade D)">
		<set name="reuse_delay" value="10000"/>
		<set name="class" value="CONSUMABLE"/>
		<set name="crystal_type" value="D"/>
		<set name="icon" value="icon.etc_penalty_recovery_i01"/>
		<set name="price" value="4800"/>
		<set name="stackable" value="true"/>
		<set name="type" value="POTION"/>
		<set name="ex_type" value="POTION"/>
		<set name="weight" value="10"/>
		<skills>
			<skill id="2286" level="2"/>
		</skills>
	</etcitem>
	<etcitem id="8596" name="Scroll: Recovery (Grade C)">
		<set name="reuse_delay" value="10000"/>
		<set name="class" value="CONSUMABLE"/>
		<set name="crystal_type" value="C"/>
		<set name="icon" value="icon.etc_penalty_recovery_i02"/>
		<set name="price" value="14000"/>
		<set name="stackable" value="true"/>
		<set name="type" value="POTION"/>
		<set name="ex_type" value="POTION"/>
		<set name="weight" value="10"/>
		<skills>
			<skill id="2286" level="3"/>
		</skills>
	</etcitem>
	<etcitem id="8597" name="Scroll: Recovery (Grade B)">
		<set name="reuse_delay" value="10000"/>
		<set name="class" value="CONSUMABLE"/>
		<set name="crystal_type" value="B"/>
		<set name="icon" value="icon.etc_penalty_recovery_i03"/>
		<set name="price" value="28000"/>
		<set name="stackable" value="true"/>
		<set name="type" value="POTION"/>
		<set name="ex_type" value="POTION"/>
		<set name="weight" value="10"/>
		<skills>
			<skill id="2286" level="4"/>
		</skills>
	</etcitem>
	<etcitem id="8598" name="Scroll: Recovery (Grade A)">
		<set name="reuse_delay" value="10000"/>
		<set name="class" value="CONSUMABLE"/>
		<set name="crystal_type" value="A"/>
		<set name="icon" value="icon.etc_penalty_recovery_i04"/>
		<set name="price" value="48000"/>
		<set name="stackable" value="true"/>
		<set name="type" value="POTION"/>
		<set name="ex_type" value="POTION"/>
		<set name="weight" value="10"/>
		<skills>
			<skill id="2286" level="5"/>
		</skills>
	</etcitem>
	<etcitem id="8599" name="Scroll: Recovery (Grade S)">
		<set name="reuse_delay" value="10000"/>
		<set name="class" value="CONSUMABLE"/>
		<set name="crystal_type" value="S"/>
		<set name="icon" value="icon.etc_penalty_recovery_i05"/>
		<set name="price" value="80000"/>
		<set name="stackable" value="true"/>
		<set name="type" value="POTION"/>
		<set name="ex_type" value="POTION"/>
		<set name="weight" value="10"/>
		<skills>
			<skill id="2286" level="6"/>
		</skills>
	</etcitem>
</list>
