<?xml version="1.0" encoding="UTF-8"?>
<!DOCTYPE list SYSTEM "item.dtd">
<list>
	<etcitem id="8600" name="Herb of Life">
		<set name="class" value="OTHER"/>
		<set name="ex_type" value="OTHER_ITEMS"/>
		<set name="crystal_type" value="NONE"/>
		<set name="icon" value=""/>
		<set name="type" value="HERB"/>
		<skills>
			<skill id="2278" level="1"/>
		</skills>
	</etcitem>
	<etcitem id="8601" name="Greater Herb of Life">
		<set name="class" value="OTHER"/>
		<set name="ex_type" value="OTHER_ITEMS"/>
		<set name="crystal_type" value="NONE"/>
		<set name="icon" value=""/>
		<set name="type" value="HERB"/>
		<skills>
			<skill id="2278" level="2"/>
		</skills>
	</etcitem>
	<etcitem id="8602" name="Superior Herb of Life">
		<set name="class" value="OTHER"/>
		<set name="ex_type" value="OTHER_ITEMS"/>
		<set name="crystal_type" value="NONE"/>
		<set name="icon" value=""/>
		<set name="type" value="HERB"/>
		<skills>
			<skill id="2278" level="3"/>
		</skills>
	</etcitem>
	<etcitem id="8603" name="Herb of Mana">
		<set name="class" value="OTHER"/>
		<set name="ex_type" value="OTHER_ITEMS"/>
		<set name="crystal_type" value="NONE"/>
		<set name="icon" value=""/>
		<set name="type" value="HERB"/>
		<skills>
			<skill id="2279" level="1"/>
		</skills>
	</etcitem>
	<etcitem id="8604" name="Greater Herb of Mana">
		<set name="class" value="OTHER"/>
		<set name="ex_type" value="OTHER_ITEMS"/>
		<set name="crystal_type" value="NONE"/>
		<set name="icon" value=""/>
		<set name="type" value="HERB"/>
		<skills>
			<skill id="2279" level="2"/>
		</skills>
	</etcitem>
	<etcitem id="8605" name="Superior Herb of Mana">
		<set name="class" value="OTHER"/>
		<set name="ex_type" value="OTHER_ITEMS"/>
		<set name="crystal_type" value="NONE"/>
		<set name="icon" value=""/>
		<set name="type" value="HERB"/>
		<skills>
			<skill id="2279" level="3"/>
		</skills>
	</etcitem>
	<etcitem id="8606" name="Herb of Power">
		<set name="class" value="OTHER"/>
		<set name="ex_type" value="OTHER_ITEMS"/>
		<set name="crystal_type" value="NONE"/>
		<set name="icon" value=""/>
		<set name="type" value="HERB"/>
		<skills>
			<skill id="2280" level="1"/>
		</skills>
	</etcitem>
	<etcitem id="8607" name="Herb of Magic">
		<set name="class" value="OTHER"/>
		<set name="ex_type" value="OTHER_ITEMS"/>
		<set name="crystal_type" value="NONE"/>
		<set name="icon" value=""/>
		<set name="type" value="HERB"/>
		<skills>
			<skill id="2281" level="1"/>
		</skills>
	</etcitem>
	<etcitem id="8608" name="Herb of Atk. Spd.">
		<set name="class" value="OTHER"/>
		<set name="ex_type" value="OTHER_ITEMS"/>
		<set name="crystal_type" value="NONE"/>
		<set name="icon" value="BranchSys2.icon.etc_attack_sp_herb_i01"/>
		<set name="type" value="HERB"/>
		<skills>
			<skill id="2282" level="1"/>
		</skills>
	</etcitem>
	<etcitem id="8609" name="Herb of Casting Spd.">
		<set name="class" value="OTHER"/>
		<set name="ex_type" value="OTHER_ITEMS"/>
		<set name="crystal_type" value="NONE"/>
		<set name="icon" value="icon.etc_magic_sp_herb_i00"/>
		<set name="type" value="HERB"/>
		<skills>
			<skill id="2283" level="1"/>
		</skills>
	</etcitem>
	<etcitem id="8610" name="Herb of Critical Attack - Probability">
		<set name="class" value="OTHER"/>
		<set name="ex_type" value="OTHER_ITEMS"/>
		<set name="crystal_type" value="NONE"/>
		<set name="icon" value="icon.etc_critical_herb_i00"/>
		<set name="type" value="HERB"/>
		<skills>
			<skill id="2284" level="1"/>
		</skills>
	</etcitem>
	<etcitem id="8611" name="Herb of Speed">
		<set name="class" value="OTHER"/>
		<set name="ex_type" value="OTHER_ITEMS"/>
		<set name="crystal_type" value="NONE"/>
		<set name="icon" value="BranchSys2.icon.etc_move_herb_i01"/>
		<set name="type" value="HERB"/>
		<skills>
			<skill id="2285" level="1"/>
		</skills>
	</etcitem>
	<etcitem id="8612" name="Herb of the Warrior">
		<set name="class" value="OTHER"/>
		<set name="ex_type" value="OTHER_ITEMS"/>
		<set name="crystal_type" value="NONE"/>
		<set name="icon" value="icon.etc_warrior_set_i00"/>
		<set name="type" value="HERB"/>
		<skills>
			<skill id="2280" level="1"/>
			<skill id="2282" level="1"/>
			<skill id="2284" level="1"/>
		</skills>
	</etcitem>
	<etcitem id="8613" name="Herb of the Mystic">
		<set name="class" value="OTHER"/>
		<set name="ex_type" value="OTHER_ITEMS"/>
		<set name="crystal_type" value="NONE"/>
		<set name="icon" value="icon.etc_magic_set_i00"/>
		<set name="type" value="HERB"/>
		<skills>
			<skill id="2281" level="1"/>
			<skill id="2283" level="1"/>
		</skills>
	</etcitem>
	<etcitem id="8614" name="Herb of Recovery">
		<set name="class" value="OTHER"/>
		<set name="ex_type" value="OTHER_ITEMS"/>
		<set name="crystal_type" value="NONE"/>
		<set name="icon" value="icon.etc_recovery_set_i00"/>
		<set name="type" value="HERB"/>
		<skills>
			<skill id="2278" level="3"/>
			<skill id="2279" level="3"/>
		</skills>
	</etcitem>
	<etcitem id="8615" name="Summoning Crystal">
		<set name="class" value="CONSUMABLE"/>
		<set name="crystal_type" value="NONE"/>
		<set name="icon" value="icon.etc_recall_crystal_i00"/>
		<set name="price" value="35000"/>
		<set name="stackable" value="true"/>
		<set name="type" value="POTION"/>
		<set name="ex_type" value="POTION"/>
		<set name="weight" value="10"/>
	</etcitem>
	<etcitem id="8616" name="Spellbook: Summon Friend">
		<set name="class" value="SPELLBOOKS"/>
		<set name="crystal_type" value="NONE"/>
		<set name="icon" value="icon.etc_party_sommons_i00"/>
		<set name="price" value="6250"/>
		<set name="stackable" value="true"/>
		<set name="type" value="SPELLBOOK"/>
		<set name="ex_type" value="SPELLBOOK"/>
		<set name="weight" value="120"/>
	</etcitem>
	<etcitem id="8617" name="Spellbook: Word of Invitation">
		<set name="class" value="SPELLBOOKS"/>
		<set name="crystal_type" value="NONE"/>
		<set name="icon" value="icon.etc_party_sommons_i01"/>
		<set name="price" value="8700"/>
		<set name="stackable" value="true"/>
		<set name="type" value="SPELLBOOK"/>
		<set name="ex_type" value="SPELLBOOK"/>
		<set name="weight" value="120"/>
	</etcitem>
	<etcitem id="8618" name="Ancient Book - Divine Inspiration (Modern Language Version)">
		<set name="class" value="SPELLBOOKS"/>
		<set name="crystal_type" value="NONE"/>
		<set name="icon" value="icon.etc_add_buffslot_i00"/>
		<set name="stackable" value="true"/>
		<set name="type" value="SPELLBOOK"/>
		<set name="ex_type" value="SPELLBOOK"/>
		<set name="weight" value="120"/>
	</etcitem>
	<etcitem id="8619" name="Ancient Book - Divine Inspiration (Original Language Version)">
		<set name="price" value="500000"/>
		<set name="class" value="SPELLBOOKS"/>
		<set name="crystal_type" value="NONE"/>
		<set name="icon" value="icon.etc_add_buffslot_i01"/>
		<set name="stackable" value="true"/>
		<set name="type" value="SPELLBOOK"/>
		<set name="ex_type" value="SPELLBOOK"/>
		<set name="weight" value="120"/>
	</etcitem>
	<etcitem id="8620" name="Ancient Book - Divine Inspiration (Manuscript)">
		<set name="price" value="500000"/>
		<set name="class" value="SPELLBOOKS"/>
		<set name="crystal_type" value="NONE"/>
		<set name="icon" value="icon.etc_add_buffslot_i02"/>
		<set name="stackable" value="true"/>
		<set name="type" value="SPELLBOOK"/>
		<set name="ex_type" value="SPELLBOOK"/>
		<set name="weight" value="120"/>
	</etcitem>
	<etcitem id="8621" name="Ancient Book - Divine Inspiration (Original Version)">
		<set name="price" value="1000000"/>
		<set name="class" value="SPELLBOOKS"/>
		<set name="crystal_type" value="NONE"/>
		<set name="dropable" value="true"/>
		<set name="icon" value="icon.etc_add_buffslot_i03"/>
		<set name="stackable" value="true"/>
		<set name="tradeable" value="true"/>
		<set name="type" value="SPELLBOOK"/>
		<set name="ex_type" value="SPELLBOOK"/>
		<set name="weight" value="120"/>
	</etcitem>
	<etcitem id="8622" name="Elixir of Life (No Grade)">
		<set name="reuse_delay" value="300000"/>
		<set name="delay_share_group" value="1"/>
		<set name="class" value="CONSUMABLE"/>
		<set name="crystal_type" value="NONE"/>
		<set name="icon" value="icon.etc_super_hp_potion_i00"/>
		<set name="price" value="1300"/>
		<set name="stackable" value="true"/>
		<set name="type" value="POTION"/>
		<set name="ex_type" value="POTION"/>
		<set name="weight" value="5"/>
		<skills>
			<skill id="2287" level="1"/>
		</skills>
		<cond msgId="1508">
			<not>
				<player olympiad="true"/>
			</not>
		</cond>
	</etcitem>
	<etcitem id="8623" name="Elixir of Life (D-Grade)">
		<set name="reuse_delay" value="300000"/>
		<set name="delay_share_group" value="2"/>
		<set name="class" value="CONSUMABLE"/>
		<set name="crystal_type" value="D"/>
		<set name="icon" value="icon.etc_super_hp_potion_i01"/>
		<set name="price" value="3450"/>
		<set name="stackable" value="true"/>
		<set name="type" value="POTION"/>
		<set name="ex_type" value="POTION"/>
		<set name="weight" value="5"/>
		<skills>
			<skill id="2287" level="2"/>
		</skills>
		<cond msgId="1508">
			<not>
				<player olympiad="true"/>
			</not>
		</cond>
	</etcitem>
	<etcitem id="8624" name="Elixir of Life (C-Grade)">
		<set name="reuse_delay" value="300000"/>
		<set name="delay_share_group" value="3"/>
		<set name="class" value="CONSUMABLE"/>
		<set name="crystal_type" value="C"/>
		<set name="icon" value="icon.etc_super_hp_potion_i02"/>
		<set name="price" value="7200"/>
		<set name="stackable" value="true"/>
		<set name="type" value="POTION"/>
		<set name="ex_type" value="POTION"/>
		<set name="weight" value="5"/>
		<skills>
			<skill id="2287" level="3"/>
		</skills>
		<cond msgId="1508">
			<not>
				<player olympiad="true"/>
			</not>
		</cond>
	</etcitem>
	<etcitem id="8625" name="Elixir of Life (B-Grade)">
		<set name="reuse_delay" value="300000"/>
		<set name="delay_share_group" value="4"/>
		<set name="class" value="CONSUMABLE"/>
		<set name="crystal_type" value="B"/>
		<set name="icon" value="icon.etc_super_hp_potion_i03"/>
		<set name="price" value="10000"/>
		<set name="stackable" value="true"/>
		<set name="type" value="POTION"/>
		<set name="ex_type" value="POTION"/>
		<set name="weight" value="5"/>
		<skills>
			<skill id="2287" level="4"/>
		</skills>
		<cond msgId="1508">
			<not>
				<player olympiad="true"/>
			</not>
		</cond>
	</etcitem>
	<etcitem id="8626" name="Elixir of Life (A-Grade)">
		<set name="reuse_delay" value="300000"/>
		<set name="delay_share_group" value="5"/>
		<set name="class" value="CONSUMABLE"/>
		<set name="crystal_type" value="A"/>
		<set name="icon" value="icon.etc_super_hp_potion_i04"/>
		<set name="price" value="12500"/>
		<set name="stackable" value="true"/>
		<set name="type" value="POTION"/>
		<set name="ex_type" value="POTION"/>
		<set name="weight" value="5"/>
		<skills>
			<skill id="2287" level="5"/>
		</skills>
		<cond msgId="1508">
			<not>
				<player olympiad="true"/>
			</not>
		</cond>
	</etcitem>
	<etcitem id="8627" name="Elixir of Life (S-Grade)">
		<set name="reuse_delay" value="300000"/>
		<set name="delay_share_group" value="6"/>
		<set name="class" value="CONSUMABLE"/>
		<set name="crystal_type" value="S"/>
		<set name="icon" value="icon.etc_super_hp_potion_i05"/>
		<set name="price" value="15000"/>
		<set name="stackable" value="true"/>
		<set name="type" value="POTION"/>
		<set name="ex_type" value="POTION"/>
		<set name="weight" value="5"/>
		<skills>
			<skill id="2287" level="6"/>
		</skills>
		<cond msgId="1508">
			<not>
				<player olympiad="true"/>
			</not>
		</cond>
	</etcitem>
	<etcitem id="8628" name="Elixir of Mental Strength (No Grade)">
		<set name="reuse_delay" value="300000"/>
		<set name="delay_share_group" value="1"/>
		<set name="class" value="CONSUMABLE"/>
		<set name="crystal_type" value="NONE"/>
		<set name="icon" value="icon.etc_super_mp_potion_i00"/>
		<set name="price" value="1400"/>
		<set name="stackable" value="true"/>
		<set name="type" value="POTION"/>
		<set name="ex_type" value="POTION"/>
		<set name="weight" value="5"/>
		<skills>
			<skill id="2288" level="1"/>
		</skills>
		<cond msgId="1508">
			<not>
				<player olympiad="true"/>
			</not>
		</cond>
	</etcitem>
	<etcitem id="8629" name="Elixir of Mental Strength (D-Grade)">
		<set name="reuse_delay" value="300000"/>
		<set name="delay_share_group" value="2"/>
		<set name="class" value="CONSUMABLE"/>
		<set name="crystal_type" value="D"/>
		<set name="icon" value="icon.etc_super_mp_potion_i01"/>
		<set name="price" value="3400"/>
		<set name="stackable" value="true"/>
		<set name="type" value="POTION"/>
		<set name="ex_type" value="POTION"/>
		<set name="weight" value="5"/>
		<skills>
			<skill id="2288" level="2"/>
		</skills>
		<cond msgId="1508">
			<not>
				<player olympiad="true"/>
			</not>
		</cond>
	</etcitem>
	<etcitem id="8630" name="Elixir of Mental Strength (C-Grade)">
		<set name="reuse_delay" value="300000"/>
		<set name="delay_share_group" value="3"/>
		<set name="class" value="CONSUMABLE"/>
		<set name="crystal_type" value="C"/>
		<set name="icon" value="icon.etc_super_mp_potion_i02"/>
		<set name="price" value="8700"/>
		<set name="stackable" value="true"/>
		<set name="type" value="POTION"/>
		<set name="ex_type" value="POTION"/>
		<set name="weight" value="5"/>
		<skills>
			<skill id="2288" level="3"/>
		</skills>
		<cond msgId="1508">
			<not>
				<player olympiad="true"/>
			</not>
		</cond>
	</etcitem>
	<etcitem id="8631" name="Elixir of Mental Strength (B-Grade)">
		<set name="reuse_delay" value="300000"/>
		<set name="delay_share_group" value="4"/>
		<set name="class" value="CONSUMABLE"/>
		<set name="crystal_type" value="B"/>
		<set name="icon" value="icon.etc_super_mp_potion_i03"/>
		<set name="price" value="11600"/>
		<set name="stackable" value="true"/>
		<set name="type" value="POTION"/>
		<set name="ex_type" value="POTION"/>
		<set name="weight" value="5"/>
		<skills>
			<skill id="2288" level="4"/>
		</skills>
		<cond msgId="1508">
			<not>
				<player olympiad="true"/>
			</not>
		</cond>
	</etcitem>
	<etcitem id="8632" name="Elixir of Mental Strength (A-Grade)">
		<set name="reuse_delay" value="300000"/>
		<set name="delay_share_group" value="5"/>
		<set name="class" value="CONSUMABLE"/>
		<set name="crystal_type" value="A"/>
		<set name="icon" value="icon.etc_super_mp_potion_i04"/>
		<set name="price" value="14400"/>
		<set name="stackable" value="true"/>
		<set name="type" value="POTION"/>
		<set name="ex_type" value="POTION"/>
		<set name="weight" value="5"/>
		<skills>
			<skill id="2288" level="5"/>
		</skills>
		<cond msgId="1508">
			<not>
				<player olympiad="true"/>
			</not>
		</cond>
	</etcitem>
	<etcitem id="8633" name="Elixir of Mental Strength (S-Grade)">
		<set name="reuse_delay" value="300000"/>
		<set name="delay_share_group" value="6"/>
		<set name="class" value="CONSUMABLE"/>
		<set name="crystal_type" value="S"/>
		<set name="icon" value="icon.etc_super_mp_potion_i05"/>
		<set name="price" value="16800"/>
		<set name="stackable" value="true"/>
		<set name="type" value="POTION"/>
		<set name="ex_type" value="POTION"/>
		<set name="weight" value="5"/>
		<skills>
			<skill id="2288" level="6"/>
		</skills>
		<cond msgId="1508">
			<not>
				<player olympiad="true"/>
			</not>
		</cond>
	</etcitem>
	<etcitem id="8634" name="Elixir of CP (No Grade)">
		<set name="reuse_delay" value="300000"/>
		<set name="delay_share_group" value="7"/>
		<set name="class" value="CONSUMABLE"/>
		<set name="crystal_type" value="NONE"/>
		<set name="icon" value="icon.etc_super_cp_potion_i00"/>
		<set name="price" value="600"/>
		<set name="stackable" value="true"/>
		<set name="type" value="POTION"/>
		<set name="ex_type" value="POTION"/>
		<set name="weight" value="5"/>
		<skills>
			<skill id="2289" level="1"/>
		</skills>
		<cond msgId="1508">
			<not>
				<player olympiad="true"/>
			</not>
		</cond>
	</etcitem>
	<etcitem id="8635" name="Elixir of CP (D-Grade)">
		<set name="reuse_delay" value="300000"/>
		<set name="delay_share_group" value="7"/>
		<set name="class" value="CONSUMABLE"/>
		<set name="crystal_type" value="D"/>
		<set name="icon" value="icon.etc_super_cp_potion_i01"/>
		<set name="price" value="1400"/>
		<set name="stackable" value="true"/>
		<set name="type" value="POTION"/>
		<set name="ex_type" value="POTION"/>
		<set name="weight" value="5"/>
		<skills>
			<skill id="2289" level="2"/>
		</skills>
		<cond msgId="1508">
			<not>
				<player olympiad="true"/>
			</not>
		</cond>
	</etcitem>
	<etcitem id="8636" name="Elixir of CP (C-Grade)">
		<set name="reuse_delay" value="300000"/>
		<set name="delay_share_group" value="7"/>
		<set name="class" value="CONSUMABLE"/>
		<set name="crystal_type" value="C"/>
		<set name="icon" value="icon.etc_super_cp_potion_i02"/>
		<set name="price" value="3000"/>
		<set name="stackable" value="true"/>
		<set name="type" value="POTION"/>
		<set name="ex_type" value="POTION"/>
		<set name="weight" value="5"/>
		<skills>
			<skill id="2289" level="3"/>
		</skills>
		<cond msgId="1508">
			<not>
				<player olympiad="true"/>
			</not>
		</cond>
	</etcitem>
	<etcitem id="8637" name="Elixir of CP (B-Grade)">
		<set name="reuse_delay" value="300000"/>
		<set name="delay_share_group" value="7"/>
		<set name="class" value="CONSUMABLE"/>
		<set name="crystal_type" value="B"/>
		<set name="icon" value="icon.etc_super_cp_potion_i03"/>
		<set name="price" value="4000"/>
		<set name="stackable" value="true"/>
		<set name="type" value="POTION"/>
		<set name="ex_type" value="POTION"/>
		<set name="weight" value="5"/>
		<skills>
			<skill id="2289" level="4"/>
		</skills>
		<cond msgId="1508">
			<not>
				<player olympiad="true"/>
			</not>
		</cond>
	</etcitem>
	<etcitem id="8638" name="Elixir of CP (A-Grade)">
		<set name="reuse_delay" value="300000"/>
		<set name="delay_share_group" value="7"/>
		<set name="class" value="CONSUMABLE"/>
		<set name="crystal_type" value="A"/>
		<set name="icon" value="icon.etc_super_cp_potion_i04"/>
		<set name="price" value="5000"/>
		<set name="stackable" value="true"/>
		<set name="type" value="POTION"/>
		<set name="ex_type" value="POTION"/>
		<set name="weight" value="5"/>
		<skills>
			<skill id="2289" level="5"/>
		</skills>
		<cond msgId="1508">
			<not>
				<player olympiad="true"/>
			</not>
		</cond>
	</etcitem>
	<etcitem id="8639" name="Elixir of CP (S-Grade)">
		<set name="reuse_delay" value="300000"/>
		<set name="delay_share_group" value="7"/>
		<set name="class" value="CONSUMABLE"/>
		<set name="crystal_type" value="S"/>
		<set name="icon" value="icon.etc_super_cp_potion_i05"/>
		<set name="price" value="6000"/>
		<set name="stackable" value="true"/>
		<set name="type" value="POTION"/>
		<set name="ex_type" value="POTION"/>
		<set name="weight" value="5"/>
		<skills>
			<skill id="2289" level="6"/>
		</skills>
		<cond msgId="1508">
			<not>
				<player olympiad="true"/>
			</not>
		</cond>
	</etcitem>
	<etcitem id="8640" name="Recipe: Elixir of Life (No Grade) (100%)">
		<set name="class" value="RECIPIES"/>
		<set name="crystal_type" value="NONE"/>
		<set name="icon" value="icon.etc_recipe_white_i00"/>
		<set name="price" value="260"/>
		<set name="stackable" value="true"/>
		<set name="type" value="RECIPE"/>
		<set name="ex_type" value="RECIPE"/>
		<set name="weight" value="30"/>
	</etcitem>
	<etcitem id="8641" name="Recipe: Elixir of Life (D-Grade)">
		<set name="class" value="RECIPIES"/>
		<set name="crystal_type" value="NONE"/>
		<set name="icon" value="icon.etc_recipe_blue_i00"/>
		<set name="price" value="700"/>
		<set name="stackable" value="true"/>
		<set name="type" value="RECIPE"/>
		<set name="ex_type" value="RECIPE"/>
		<set name="weight" value="30"/>
	</etcitem>
	<etcitem id="8642" name="Recipe: Elixir of Life (C-Grade) (100%)">
		<set name="class" value="RECIPIES"/>
		<set name="crystal_type" value="NONE"/>
		<set name="icon" value="icon.etc_recipe_yellow_i00"/>
		<set name="price" value="1440"/>
		<set name="stackable" value="true"/>
		<set name="type" value="RECIPE"/>
		<set name="ex_type" value="RECIPE"/>
		<set name="weight" value="30"/>
	</etcitem>
	<etcitem id="8643" name="Recipe: Elixir of Life (B-Grade) (100%)">
		<set name="class" value="RECIPIES"/>
		<set name="crystal_type" value="NONE"/>
		<set name="icon" value="icon.etc_recipe_red_i00"/>
		<set name="price" value="2000"/>
		<set name="stackable" value="true"/>
		<set name="type" value="RECIPE"/>
		<set name="ex_type" value="RECIPE"/>
		<set name="weight" value="30"/>
	</etcitem>
	<etcitem id="8644" name="Recipe: Elixir of Life (A-Grade) (100%)">
		<set name="class" value="RECIPIES"/>
		<set name="crystal_type" value="NONE"/>
		<set name="icon" value="icon.etc_recipe_violet_i00"/>
		<set name="price" value="2500"/>
		<set name="stackable" value="true"/>
		<set name="type" value="RECIPE"/>
		<set name="ex_type" value="RECIPE"/>
		<set name="weight" value="30"/>
	</etcitem>
	<etcitem id="8645" name="Recipe: Elixir of Life (S-Grade) (100%)">
		<set name="class" value="RECIPIES"/>
		<set name="crystal_type" value="NONE"/>
		<set name="icon" value="icon.etc_recipe_black_i00"/>
		<set name="price" value="3000"/>
		<set name="stackable" value="true"/>
		<set name="type" value="RECIPE"/>
		<set name="ex_type" value="RECIPE"/>
		<set name="weight" value="30"/>
	</etcitem>
	<etcitem id="8646" name="Recipe: Elixir of Mental Strength (No Grade) (100%)">
		<set name="class" value="RECIPIES"/>
		<set name="crystal_type" value="NONE"/>
		<set name="icon" value="icon.etc_recipe_white_i00"/>
		<set name="price" value="280"/>
		<set name="stackable" value="true"/>
		<set name="type" value="RECIPE"/>
		<set name="ex_type" value="RECIPE"/>
		<set name="weight" value="30"/>
	</etcitem>
	<etcitem id="8647" name="Recipe: Elixir of Mental Strength (D-Grade) (100%)">
		<set name="class" value="RECIPIES"/>
		<set name="crystal_type" value="NONE"/>
		<set name="icon" value="icon.etc_recipe_blue_i00"/>
		<set name="price" value="640"/>
		<set name="stackable" value="true"/>
		<set name="type" value="RECIPE"/>
		<set name="ex_type" value="RECIPE"/>
		<set name="weight" value="30"/>
	</etcitem>
	<etcitem id="8648" name="Recipe: Elixir of Mental Strength (C-Grade) (100%)">
		<set name="class" value="RECIPIES"/>
		<set name="crystal_type" value="NONE"/>
		<set name="icon" value="icon.etc_recipe_yellow_i00"/>
		<set name="price" value="1760"/>
		<set name="stackable" value="true"/>
		<set name="type" value="RECIPE"/>
		<set name="ex_type" value="RECIPE"/>
		<set name="weight" value="30"/>
	</etcitem>
	<etcitem id="8649" name="Recipe: Elixir of Mental Strength (B-Grade) (100%)">
		<set name="class" value="RECIPIES"/>
		<set name="crystal_type" value="NONE"/>
		<set name="icon" value="icon.etc_recipe_red_i00"/>
		<set name="price" value="2320"/>
		<set name="stackable" value="true"/>
		<set name="type" value="RECIPE"/>
		<set name="ex_type" value="RECIPE"/>
		<set name="weight" value="30"/>
	</etcitem>
	<etcitem id="8650" name="Recipe: Elixir of Mental Strength (A-Grade) (100%)">
		<set name="class" value="RECIPIES"/>
		<set name="crystal_type" value="NONE"/>
		<set name="icon" value="icon.etc_recipe_violet_i00"/>
		<set name="price" value="2880"/>
		<set name="stackable" value="true"/>
		<set name="type" value="RECIPE"/>
		<set name="ex_type" value="RECIPE"/>
		<set name="weight" value="30"/>
	</etcitem>
	<etcitem id="8651" name="Recipe: Elixir of Mental Strength (S-Grade) (100%)">
		<set name="class" value="RECIPIES"/>
		<set name="crystal_type" value="NONE"/>
		<set name="icon" value="icon.etc_recipe_black_i00"/>
		<set name="price" value="3360"/>
		<set name="stackable" value="true"/>
		<set name="type" value="RECIPE"/>
		<set name="ex_type" value="RECIPE"/>
		<set name="weight" value="30"/>
	</etcitem>
	<etcitem id="8652" name="Recipe: Elixir of CP (No Grade) (100%)">
		<set name="class" value="RECIPIES"/>
		<set name="crystal_type" value="NONE"/>
		<set name="icon" value="icon.etc_recipe_white_i00"/>
		<set name="price" value="120"/>
		<set name="stackable" value="true"/>
		<set name="type" value="RECIPE"/>
		<set name="ex_type" value="RECIPE"/>
		<set name="weight" value="30"/>
	</etcitem>
	<etcitem id="8653" name="Recipe: Elixir of CP (D-Grade) (100%)">
		<set name="class" value="RECIPIES"/>
		<set name="crystal_type" value="NONE"/>
		<set name="icon" value="icon.etc_recipe_blue_i00"/>
		<set name="price" value="280"/>
		<set name="stackable" value="true"/>
		<set name="type" value="RECIPE"/>
		<set name="ex_type" value="RECIPE"/>
		<set name="weight" value="30"/>
	</etcitem>
	<etcitem id="8654" name="Recipe: Elixir of CP (C-Grade) (100%)">
		<set name="class" value="RECIPIES"/>
		<set name="crystal_type" value="NONE"/>
		<set name="icon" value="icon.etc_recipe_yellow_i00"/>
		<set name="price" value="600"/>
		<set name="stackable" value="true"/>
		<set name="type" value="RECIPE"/>
		<set name="ex_type" value="RECIPE"/>
		<set name="weight" value="30"/>
	</etcitem>
	<etcitem id="8655" name="Recipe: Elixir of CP (B-Grade) (100%)">
		<set name="class" value="RECIPIES"/>
		<set name="crystal_type" value="NONE"/>
		<set name="icon" value="icon.etc_recipe_red_i00"/>
		<set name="price" value="800"/>
		<set name="stackable" value="true"/>
		<set name="type" value="RECIPE"/>
		<set name="ex_type" value="RECIPE"/>
		<set name="weight" value="30"/>
	</etcitem>
	<etcitem id="8656" name="Recipe: Elixir of CP (A-Grade) (100%)">
		<set name="class" value="RECIPIES"/>
		<set name="crystal_type" value="NONE"/>
		<set name="icon" value="icon.etc_recipe_violet_i00"/>
		<set name="price" value="1000"/>
		<set name="stackable" value="true"/>
		<set name="type" value="RECIPE"/>
		<set name="ex_type" value="RECIPE"/>
		<set name="weight" value="30"/>
	</etcitem>
	<etcitem id="8657" name="Recipe: Elixir of CP (S-Grade) (100%)">
		<set name="class" value="RECIPIES"/>
		<set name="crystal_type" value="NONE"/>
		<set name="icon" value="icon.etc_recipe_black_i00"/>
		<set name="price" value="1200"/>
		<set name="stackable" value="true"/>
		<set name="type" value="RECIPE"/>
		<set name="ex_type" value="RECIPE"/>
		<set name="weight" value="30"/>
	</etcitem>
	<etcitem id="8658" name="Mysterious Solvent">
		<set name="class" value="MATHERIALS"/>
		<set name="crystal_type" value="NONE"/>
		<set name="icon" value="icon.etc_dragon_blood_i00"/>
		<set name="price" value="100"/>
		<set name="stackable" value="true"/>
		<set name="type" value="MATERIAL"/>
		<set name="weight" value="2"/>
	</etcitem>
	<etcitem id="8659" name="Coffer of Shadows">
		<set name="class" value="OTHER"/>
		<set name="ex_type" value="OTHER_ITEMS"/>
		<set name="crystal_type" value="NONE"/>
		<set name="icon" value="icon.etc_box_of_adventure_1_i00"/>
		<set name="stackable" value="true"/>
		<set name="type" value="OTHER"/>
		<skills>
			<skill id="2290" level="1"/>
		</skills>
	</etcitem>
	<etcitem id="8663" name="Mystery Potion (Event)">
		<set name="reuse_delay" value="500"/>
		<set name="class" value="CONSUMABLE"/>
		<set name="crystal_type" value="NONE"/>
		<set name="icon" value="icon.etc_lesser_potion_clear_i00"/>
		<set name="stackable" value="true"/>
		<set name="type" value="POTION"/>
		<set name="ex_type" value="POTION"/>
		<set name="weight" value="50"/>
	</etcitem>
	<etcitem id="8664" name="Facelifting Potion - A (Event)">
		<set name="reuse_delay" value="500"/>
		<set name="class" value="CONSUMABLE"/>
		<set name="crystal_type" value="NONE"/>
		<set name="icon" value="icon.etc_lesser_potion_purple_i00"/>
		<set name="stackable" value="true"/>
		<set name="type" value="POTION"/>
		<set name="ex_type" value="POTION"/>
		<set name="weight" value="50"/>
	</etcitem>
	<etcitem id="8665" name="Facelifting Potion - B (Event)">
		<set name="reuse_delay" value="500"/>
		<set name="class" value="CONSUMABLE"/>
		<set name="crystal_type" value="NONE"/>
		<set name="icon" value="icon.etc_lesser_potion_purple_i00"/>
		<set name="stackable" value="true"/>
		<set name="type" value="POTION"/>
		<set name="ex_type" value="POTION"/>
		<set name="weight" value="50"/>
	</etcitem>
	<etcitem id="8666" name="Facelifting Potion - C (Event)">
		<set name="reuse_delay" value="500"/>
		<set name="class" value="CONSUMABLE"/>
		<set name="crystal_type" value="NONE"/>
		<set name="icon" value="icon.etc_lesser_potion_purple_i00"/>
		<set name="stackable" value="true"/>
		<set name="type" value="POTION"/>
		<set name="ex_type" value="POTION"/>
		<set name="weight" value="50"/>
	</etcitem>
	<etcitem id="8667" name="Dye Potion - A (Event)">
		<set name="reuse_delay" value="500"/>
		<set name="class" value="CONSUMABLE"/>
		<set name="crystal_type" value="NONE"/>
		<set name="icon" value="icon.etc_lesser_potion_scarlet_i00"/>
		<set name="stackable" value="true"/>
		<set name="type" value="POTION"/>
		<set name="ex_type" value="POTION"/>
		<set name="weight" value="50"/>
	</etcitem>
	<etcitem id="8668" name="Dye Potion - B (Event)">
		<set name="reuse_delay" value="500"/>
		<set name="class" value="CONSUMABLE"/>
		<set name="crystal_type" value="NONE"/>
		<set name="icon" value="icon.etc_lesser_potion_scarlet_i00"/>
		<set name="stackable" value="true"/>
		<set name="type" value="POTION"/>
		<set name="ex_type" value="POTION"/>
		<set name="weight" value="50"/>
	</etcitem>
	<etcitem id="8669" name="Dye Potion - C (Event)">
		<set name="reuse_delay" value="500"/>
		<set name="class" value="CONSUMABLE"/>
		<set name="crystal_type" value="NONE"/>
		<set name="icon" value="icon.etc_lesser_potion_scarlet_i00"/>
		<set name="stackable" value="true"/>
		<set name="type" value="POTION"/>
		<set name="ex_type" value="POTION"/>
		<set name="weight" value="50"/>
	</etcitem>
	<etcitem id="8670" name="Dye Potion - D (Event)">
		<set name="reuse_delay" value="500"/>
		<set name="class" value="CONSUMABLE"/>
		<set name="crystal_type" value="NONE"/>
		<set name="icon" value="icon.etc_lesser_potion_scarlet_i00"/>
		<set name="stackable" value="true"/>
		<set name="type" value="POTION"/>
		<set name="ex_type" value="POTION"/>
		<set name="weight" value="50"/>
	</etcitem>
	<etcitem id="8671" name="Hair Style Change Potion - A (Event)">
		<set name="reuse_delay" value="500"/>
		<set name="class" value="CONSUMABLE"/>
		<set name="crystal_type" value="NONE"/>
		<set name="icon" value="icon.etc_lesser_potion_green_i00"/>
		<set name="stackable" value="true"/>
		<set name="type" value="POTION"/>
		<set name="ex_type" value="POTION"/>
		<set name="weight" value="50"/>
	</etcitem>
	<etcitem id="8672" name="Hair Style Change Potion - B (Event)">
		<set name="reuse_delay" value="500"/>
		<set name="class" value="CONSUMABLE"/>
		<set name="crystal_type" value="NONE"/>
		<set name="icon" value="icon.etc_lesser_potion_green_i00"/>
		<set name="stackable" value="true"/>
		<set name="type" value="POTION"/>
		<set name="ex_type" value="POTION"/>
		<set name="weight" value="50"/>
	</etcitem>
	<etcitem id="8673" name="Hair Style Change Potion - C (Event)">
		<set name="reuse_delay" value="500"/>
		<set name="class" value="CONSUMABLE"/>
		<set name="crystal_type" value="NONE"/>
		<set name="icon" value="icon.etc_lesser_potion_green_i00"/>
		<set name="stackable" value="true"/>
		<set name="type" value="POTION"/>
		<set name="ex_type" value="POTION"/>
		<set name="weight" value="50"/>
	</etcitem>
	<etcitem id="8674" name="Hair Style Change Potion - D (Event)">
		<set name="reuse_delay" value="500"/>
		<set name="class" value="CONSUMABLE"/>
		<set name="crystal_type" value="NONE"/>
		<set name="icon" value="icon.etc_lesser_potion_green_i00"/>
		<set name="stackable" value="true"/>
		<set name="type" value="POTION"/>
		<set name="ex_type" value="POTION"/>
		<set name="weight" value="50"/>
	</etcitem>
	<etcitem id="8675" name="Hair Style Change Potion - E (Event)">
		<set name="reuse_delay" value="500"/>
		<set name="class" value="CONSUMABLE"/>
		<set name="crystal_type" value="NONE"/>
		<set name="icon" value="icon.etc_lesser_potion_green_i00"/>
		<set name="stackable" value="true"/>
		<set name="type" value="POTION"/>
		<set name="ex_type" value="POTION"/>
		<set name="weight" value="50"/>
	</etcitem>
	<etcitem id="8676" name="Hair Style Change Potion - F (Event)">
		<set name="reuse_delay" value="500"/>
		<set name="class" value="CONSUMABLE"/>
		<set name="crystal_type" value="NONE"/>
		<set name="icon" value="icon.etc_lesser_potion_green_i00"/>
		<set name="stackable" value="true"/>
		<set name="type" value="POTION"/>
		<set name="ex_type" value="POTION"/>
		<set name="weight" value="50"/>
	</etcitem>
	<etcitem id="8677" name="Hair Style Change Potion - G (Event)">
		<set name="reuse_delay" value="500"/>
		<set name="class" value="CONSUMABLE"/>
		<set name="crystal_type" value="NONE"/>
		<set name="icon" value="icon.etc_lesser_potion_green_i00"/>
		<set name="stackable" value="true"/>
		<set name="type" value="POTION"/>
		<set name="ex_type" value="POTION"/>
		<set name="weight" value="50"/>
	</etcitem>
	<etcitem id="8690" name="Recipe: Sirra's Blade (60%)">
		<set name="class" value="RECIPIES"/>
		<set name="crystal_type" value="NONE"/>
		<set name="icon" value="icon.etc_recipe_violet_i00"/>
		<set name="price" value="706000"/>
		<set name="stackable" value="true"/>
		<set name="type" value="RECIPE"/>
		<set name="ex_type" value="RECIPE"/>
		<set name="weight" value="30"/>
	</etcitem>
	<etcitem id="8691" name="Recipe: Sirra's Blade (100%)">
		<set name="class" value="RECIPIES"/>
		<set name="crystal_type" value="NONE"/>
		<set name="icon" value="icon.etc_recipe_violet_i00"/>
		<set name="price" value="706000"/>
		<set name="stackable" value="true"/>
		<set name="type" value="RECIPE"/>
		<set name="ex_type" value="RECIPE"/>
		<set name="weight" value="30"/>
	</etcitem>
	<etcitem id="8692" name="Recipe: Sword of Ipos (60%)">
		<set name="class" value="RECIPIES"/>
		<set name="crystal_type" value="NONE"/>
		<set name="icon" value="icon.etc_recipe_violet_i00"/>
		<set name="price" value="706000"/>
		<set name="stackable" value="true"/>
		<set name="type" value="RECIPE"/>
		<set name="ex_type" value="RECIPE"/>
		<set name="weight" value="30"/>
	</etcitem>
	<etcitem id="8693" name="Recipe: Sword of Ipos (100%)">
		<set name="class" value="RECIPIES"/>
		<set name="crystal_type" value="NONE"/>
		<set name="icon" value="icon.etc_recipe_violet_i00"/>
		<set name="price" value="706000"/>
		<set name="stackable" value="true"/>
		<set name="type" value="RECIPE"/>
		<set name="ex_type" value="RECIPE"/>
		<set name="weight" value="30"/>
	</etcitem>
	<etcitem id="8694" name="Recipe: Barakiel's Axe (60%)">
		<set name="class" value="RECIPIES"/>
		<set name="crystal_type" value="NONE"/>
		<set name="icon" value="icon.etc_recipe_violet_i00"/>
		<set name="price" value="706000"/>
		<set name="stackable" value="true"/>
		<set name="type" value="RECIPE"/>
		<set name="ex_type" value="RECIPE"/>
		<set name="weight" value="30"/>
	</etcitem>
	<etcitem id="8695" name="Recipe: Barakiel's Axe (100%)">
		<set name="class" value="RECIPIES"/>
		<set name="crystal_type" value="NONE"/>
		<set name="icon" value="icon.etc_recipe_violet_i00"/>
		<set name="price" value="706000"/>
		<set name="stackable" value="true"/>
		<set name="type" value="RECIPE"/>
		<set name="ex_type" value="RECIPE"/>
		<set name="weight" value="30"/>
	</etcitem>
	<etcitem id="8696" name="Recipe: Behemoth's Tuning Fork (60%)">
		<set name="class" value="RECIPIES"/>
		<set name="crystal_type" value="NONE"/>
		<set name="icon" value="icon.etc_recipe_violet_i00"/>
		<set name="price" value="706000"/>
		<set name="stackable" value="true"/>
		<set name="type" value="RECIPE"/>
		<set name="ex_type" value="RECIPE"/>
		<set name="weight" value="30"/>
	</etcitem>
	<etcitem id="8697" name="Recipe: Behemoth's Tuning Fork (100%)">
		<set name="class" value="RECIPIES"/>
		<set name="crystal_type" value="NONE"/>
		<set name="icon" value="icon.etc_recipe_violet_i00"/>
		<set name="price" value="706000"/>
		<set name="stackable" value="true"/>
		<set name="type" value="RECIPE"/>
		<set name="ex_type" value="RECIPE"/>
		<set name="weight" value="30"/>
	</etcitem>
	<etcitem id="8698" name="Recipe: Naga Storm (60%)">
		<set name="class" value="RECIPIES"/>
		<set name="crystal_type" value="NONE"/>
		<set name="icon" value="icon.etc_recipe_violet_i00"/>
		<set name="price" value="706000"/>
		<set name="stackable" value="true"/>
		<set name="type" value="RECIPE"/>
		<set name="ex_type" value="RECIPE"/>
		<set name="weight" value="30"/>
	</etcitem>
	<etcitem id="8699" name="Recipe: Naga Storm (100%)">
		<set name="class" value="RECIPIES"/>
		<set name="crystal_type" value="NONE"/>
		<set name="icon" value="icon.etc_recipe_violet_i00"/>
		<set name="price" value="706000"/>
		<set name="stackable" value="true"/>
		<set name="type" value="RECIPE"/>
		<set name="ex_type" value="RECIPE"/>
		<set name="weight" value="30"/>
	</etcitem>
</list>
