<?xml version="1.0" encoding="UTF-8"?>
<!DOCTYPE list SYSTEM "item.dtd">
<list>
	<etcitem id="8700" name="Recipe: Tiphon's Spear (60%)">
		<set name="class" value="RECIPIES"/>
		<set name="crystal_type" value="NONE"/>
		<set name="icon" value="icon.etc_recipe_violet_i00"/>
		<set name="price" value="706000"/>
		<set name="stackable" value="true"/>
		<set name="type" value="RECIPE"/>
		<set name="ex_type" value="RECIPE"/>
		<set name="weight" value="30"/>
	</etcitem>
	<etcitem id="8701" name="Recipe: Tiphon's Spear (100%)">
		<set name="class" value="RECIPIES"/>
		<set name="crystal_type" value="NONE"/>
		<set name="icon" value="icon.etc_recipe_violet_i00"/>
		<set name="price" value="706000"/>
		<set name="stackable" value="true"/>
		<set name="type" value="RECIPE"/>
		<set name="ex_type" value="RECIPE"/>
		<set name="weight" value="30"/>
	</etcitem>
	<etcitem id="8702" name="Recipe: Shyeed's Bow (60%)">
		<set name="class" value="RECIPIES"/>
		<set name="crystal_type" value="NONE"/>
		<set name="icon" value="icon.etc_recipe_violet_i00"/>
		<set name="price" value="706000"/>
		<set name="stackable" value="true"/>
		<set name="type" value="RECIPE"/>
		<set name="ex_type" value="RECIPE"/>
		<set name="weight" value="30"/>
	</etcitem>
	<etcitem id="8703" name="Recipe: Shyeed's Bow (100%)">
		<set name="class" value="RECIPIES"/>
		<set name="crystal_type" value="NONE"/>
		<set name="icon" value="icon.etc_recipe_violet_i00"/>
		<set name="price" value="706000"/>
		<set name="stackable" value="true"/>
		<set name="type" value="RECIPE"/>
		<set name="ex_type" value="RECIPE"/>
		<set name="weight" value="30"/>
	</etcitem>
	<etcitem id="8704" name="Recipe: Sobekk's Hurricane (60%)">
		<set name="class" value="RECIPIES"/>
		<set name="crystal_type" value="NONE"/>
		<set name="icon" value="icon.etc_recipe_violet_i00"/>
		<set name="price" value="706000"/>
		<set name="stackable" value="true"/>
		<set name="type" value="RECIPE"/>
		<set name="ex_type" value="RECIPE"/>
		<set name="weight" value="30"/>
	</etcitem>
	<etcitem id="8705" name="Recipe: Sobekk's Hurricane (100%)">
		<set name="class" value="RECIPIES"/>
		<set name="crystal_type" value="NONE"/>
		<set name="icon" value="icon.etc_recipe_violet_i00"/>
		<set name="price" value="706000"/>
		<set name="stackable" value="true"/>
		<set name="type" value="RECIPE"/>
		<set name="ex_type" value="RECIPE"/>
		<set name="weight" value="30"/>
	</etcitem>
	<etcitem id="8706" name="Recipe: Themis' Tongue (60%)">
		<set name="class" value="RECIPIES"/>
		<set name="crystal_type" value="NONE"/>
		<set name="icon" value="icon.etc_recipe_violet_i00"/>
		<set name="price" value="706000"/>
		<set name="stackable" value="true"/>
		<set name="type" value="RECIPE"/>
		<set name="ex_type" value="RECIPE"/>
		<set name="weight" value="30"/>
	</etcitem>
	<etcitem id="8707" name="Recipe: Themis' Tongue (100%)">
		<set name="class" value="RECIPIES"/>
		<set name="crystal_type" value="NONE"/>
		<set name="icon" value="icon.etc_recipe_violet_i00"/>
		<set name="price" value="706000"/>
		<set name="stackable" value="true"/>
		<set name="type" value="RECIPE"/>
		<set name="ex_type" value="RECIPE"/>
		<set name="weight" value="30"/>
	</etcitem>
	<etcitem id="8708" name="Recipe: Cabrio's Hand (60%)">
		<set name="class" value="RECIPIES"/>
		<set name="crystal_type" value="NONE"/>
		<set name="icon" value="icon.etc_recipe_violet_i00"/>
		<set name="price" value="706000"/>
		<set name="stackable" value="true"/>
		<set name="type" value="RECIPE"/>
		<set name="ex_type" value="RECIPE"/>
		<set name="weight" value="30"/>
	</etcitem>
	<etcitem id="8709" name="Recipe: Cabrio's Hand (100%)">
		<set name="class" value="RECIPIES"/>
		<set name="crystal_type" value="NONE"/>
		<set name="icon" value="icon.etc_recipe_violet_i00"/>
		<set name="price" value="706000"/>
		<set name="stackable" value="true"/>
		<set name="type" value="RECIPE"/>
		<set name="ex_type" value="RECIPE"/>
		<set name="weight" value="30"/>
	</etcitem>
	<etcitem id="8710" name="Recipe: Daimon Crystal (60%)">
		<set name="class" value="RECIPIES"/>
		<set name="crystal_type" value="NONE"/>
		<set name="icon" value="icon.etc_recipe_violet_i00"/>
		<set name="price" value="706000"/>
		<set name="stackable" value="true"/>
		<set name="type" value="RECIPE"/>
		<set name="ex_type" value="RECIPE"/>
		<set name="weight" value="30"/>
	</etcitem>
	<etcitem id="8711" name="Recipe: Daimon Crystal (100%)">
		<set name="class" value="RECIPIES"/>
		<set name="crystal_type" value="NONE"/>
		<set name="icon" value="icon.etc_recipe_violet_i00"/>
		<set name="price" value="706000"/>
		<set name="stackable" value="true"/>
		<set name="type" value="RECIPE"/>
		<set name="ex_type" value="RECIPE"/>
		<set name="weight" value="30"/>
	</etcitem>
	<etcitem id="8712" name="Sirra's Blade Edge">
		<set name="class" value="PIECES"/>
		<set name="crystal_type" value="NONE"/>
		<set name="icon" value="icon.etc_sword_body_i00"/>
		<set name="price" value="82400"/>
		<set name="stackable" value="true"/>
		<set name="type" value="MATERIAL"/>
		<set name="weight" value="60"/>
	</etcitem>
	<etcitem id="8713" name="Sword of Ipos Blade">
		<set name="class" value="PIECES"/>
		<set name="crystal_type" value="NONE"/>
		<set name="icon" value="icon.etc_sword_body_i00"/>
		<set name="price" value="82400"/>
		<set name="stackable" value="true"/>
		<set name="type" value="MATERIAL"/>
		<set name="weight" value="60"/>
	</etcitem>
	<etcitem id="8714" name="Barakiel's Axe Piece">
		<set name="class" value="PIECES"/>
		<set name="crystal_type" value="NONE"/>
		<set name="icon" value="icon.etc_bark_gold_i00"/>
		<set name="price" value="82400"/>
		<set name="stackable" value="true"/>
		<set name="type" value="MATERIAL"/>
		<set name="weight" value="60"/>
	</etcitem>
	<etcitem id="8715" name="Behemoth's Tuning Fork Piece">
		<set name="class" value="PIECES"/>
		<set name="crystal_type" value="NONE"/>
		<set name="icon" value="icon.etc_bark_gold_i00"/>
		<set name="price" value="82400"/>
		<set name="stackable" value="true"/>
		<set name="type" value="MATERIAL"/>
		<set name="weight" value="60"/>
	</etcitem>
	<etcitem id="8716" name="Naga Storm Piece">
		<set name="class" value="PIECES"/>
		<set name="crystal_type" value="NONE"/>
		<set name="icon" value="icon.etc_bark_gold_i00"/>
		<set name="price" value="82400"/>
		<set name="stackable" value="true"/>
		<set name="type" value="MATERIAL"/>
		<set name="weight" value="60"/>
	</etcitem>
	<etcitem id="8717" name="Tiphon's Spear Edge">
		<set name="class" value="PIECES"/>
		<set name="crystal_type" value="NONE"/>
		<set name="icon" value="icon.etc_sword_body_i00"/>
		<set name="price" value="82400"/>
		<set name="stackable" value="true"/>
		<set name="type" value="MATERIAL"/>
		<set name="weight" value="60"/>
	</etcitem>
	<etcitem id="8718" name="Shyeed's Bow Shaft">
		<set name="class" value="PIECES"/>
		<set name="crystal_type" value="NONE"/>
		<set name="icon" value="icon.etc_branch_gold_i00"/>
		<set name="price" value="82400"/>
		<set name="stackable" value="true"/>
		<set name="type" value="MATERIAL"/>
		<set name="weight" value="60"/>
	</etcitem>
	<etcitem id="8719" name="Sobekk's Hurricane Edge">
		<set name="class" value="PIECES"/>
		<set name="crystal_type" value="NONE"/>
		<set name="icon" value="icon.etc_sword_body_i00"/>
		<set name="price" value="82400"/>
		<set name="stackable" value="true"/>
		<set name="type" value="MATERIAL"/>
		<set name="weight" value="60"/>
	</etcitem>
	<etcitem id="8720" name="Themis' Tongue Piece">
		<set name="class" value="PIECES"/>
		<set name="crystal_type" value="NONE"/>
		<set name="icon" value="icon.etc_bark_gold_i00"/>
		<set name="price" value="82400"/>
		<set name="stackable" value="true"/>
		<set name="type" value="MATERIAL"/>
		<set name="weight" value="60"/>
	</etcitem>
	<etcitem id="8721" name="Cabrio's Hand Head">
		<set name="class" value="PIECES"/>
		<set name="crystal_type" value="NONE"/>
		<set name="icon" value="icon.etc_squares_gray_i00"/>
		<set name="price" value="82400"/>
		<set name="stackable" value="true"/>
		<set name="type" value="MATERIAL"/>
		<set name="weight" value="60"/>
	</etcitem>
	<etcitem id="8722" name="Daimon Crystal Fragment">
		<set name="class" value="PIECES"/>
		<set name="crystal_type" value="NONE"/>
		<set name="icon" value="icon.etc_bark_gold_i00"/>
		<set name="price" value="82400"/>
		<set name="stackable" value="true"/>
		<set name="type" value="MATERIAL"/>
		<set name="weight" value="60"/>
	</etcitem>
	<etcitem id="8723" name="Life Stone: level 46">
		<set name="class" value="MISC"/>
		<set name="crystal_type" value="NONE"/>
		<set name="icon" value="icon.etc_mineral_general_i00"/>
		<set name="price" value="5000"/>
		<set name="stackable" value="true"/>
		<set name="type" value="MATERIAL"/>
		<set name="weight" value="2"/>
	</etcitem>
	<etcitem id="8724" name="Life Stone: level 49">
		<set name="class" value="MISC"/>
		<set name="crystal_type" value="NONE"/>
		<set name="icon" value="icon.etc_mineral_general_i00"/>
		<set name="price" value="6000"/>
		<set name="stackable" value="true"/>
		<set name="type" value="MATERIAL"/>
		<set name="weight" value="2"/>
	</etcitem>
	<etcitem id="8725" name="Life Stone: level 52">
		<set name="class" value="MISC"/>
		<set name="crystal_type" value="NONE"/>
		<set name="icon" value="icon.etc_mineral_general_i00"/>
		<set name="price" value="7200"/>
		<set name="stackable" value="true"/>
		<set name="type" value="MATERIAL"/>
		<set name="weight" value="2"/>
	</etcitem>
	<etcitem id="8726" name="Life Stone: level 55">
		<set name="class" value="MISC"/>
		<set name="crystal_type" value="NONE"/>
		<set name="icon" value="icon.etc_mineral_general_i00"/>
		<set name="price" value="8640"/>
		<set name="stackable" value="true"/>
		<set name="type" value="MATERIAL"/>
		<set name="weight" value="2"/>
	</etcitem>
	<etcitem id="8727" name="Life Stone: level 58">
		<set name="class" value="MISC"/>
		<set name="crystal_type" value="NONE"/>
		<set name="icon" value="icon.etc_mineral_general_i01"/>
		<set name="price" value="10000"/>
		<set name="stackable" value="true"/>
		<set name="type" value="MATERIAL"/>
		<set name="weight" value="2"/>
	</etcitem>
	<etcitem id="8728" name="Life Stone: level 61">
		<set name="class" value="MISC"/>
		<set name="crystal_type" value="NONE"/>
		<set name="icon" value="icon.etc_mineral_general_i01"/>
		<set name="price" value="12000"/>
		<set name="stackable" value="true"/>
		<set name="type" value="MATERIAL"/>
		<set name="weight" value="2"/>
	</etcitem>
	<etcitem id="8729" name="Life Stone: level 64">
		<set name="class" value="MISC"/>
		<set name="crystal_type" value="NONE"/>
		<set name="icon" value="icon.etc_mineral_general_i02"/>
		<set name="price" value="15000"/>
		<set name="stackable" value="true"/>
		<set name="type" value="MATERIAL"/>
		<set name="weight" value="2"/>
	</etcitem>
	<etcitem id="8730" name="Life Stone: level 67">
		<set name="class" value="MISC"/>
		<set name="crystal_type" value="NONE"/>
		<set name="icon" value="icon.etc_mineral_general_i02"/>
		<set name="price" value="18000"/>
		<set name="stackable" value="true"/>
		<set name="type" value="MATERIAL"/>
		<set name="weight" value="2"/>
	</etcitem>
	<etcitem id="8731" name="Life Stone: level 70">
		<set name="class" value="MISC"/>
		<set name="crystal_type" value="NONE"/>
		<set name="icon" value="icon.etc_mineral_general_i02"/>
		<set name="price" value="21600"/>
		<set name="stackable" value="true"/>
		<set name="type" value="MATERIAL"/>
		<set name="weight" value="2"/>
	</etcitem>
	<etcitem id="8732" name="Life Stone: level 76">
		<set name="class" value="MISC"/>
		<set name="crystal_type" value="NONE"/>
		<set name="icon" value="icon.etc_mineral_general_i03"/>
		<set name="price" value="24000"/>
		<set name="stackable" value="true"/>
		<set name="type" value="MATERIAL"/>
		<set name="weight" value="2"/>
	</etcitem>
	<etcitem id="8733" name="Mid-Grade Life Stone: level 46">
		<set name="class" value="MISC"/>
		<set name="crystal_type" value="NONE"/>
		<set name="icon" value="icon.etc_mineral_special_i00"/>
		<set name="price" value="20000"/>
		<set name="stackable" value="true"/>
		<set name="type" value="MATERIAL"/>
		<set name="weight" value="2"/>
	</etcitem>
	<etcitem id="8734" name="Mid-Grade Life Stone: level 49">
		<set name="class" value="MISC"/>
		<set name="crystal_type" value="NONE"/>
		<set name="icon" value="icon.etc_mineral_special_i00"/>
		<set name="price" value="24000"/>
		<set name="stackable" value="true"/>
		<set name="type" value="MATERIAL"/>
		<set name="weight" value="2"/>
	</etcitem>
	<etcitem id="8735" name="Mid-Grade Life Stone: level 52">
		<set name="class" value="MISC"/>
		<set name="crystal_type" value="NONE"/>
		<set name="icon" value="icon.etc_mineral_special_i00"/>
		<set name="price" value="28800"/>
		<set name="stackable" value="true"/>
		<set name="type" value="MATERIAL"/>
		<set name="weight" value="2"/>
	</etcitem>
	<etcitem id="8736" name="Mid-Grade Life Stone: level 55">
		<set name="class" value="MISC"/>
		<set name="crystal_type" value="NONE"/>
		<set name="icon" value="icon.etc_mineral_special_i00"/>
		<set name="price" value="34560"/>
		<set name="stackable" value="true"/>
		<set name="type" value="MATERIAL"/>
		<set name="weight" value="2"/>
	</etcitem>
	<etcitem id="8737" name="Mid-Grade Life Stone: level 58">
		<set name="class" value="MISC"/>
		<set name="crystal_type" value="NONE"/>
		<set name="icon" value="icon.etc_mineral_special_i01"/>
		<set name="price" value="40000"/>
		<set name="stackable" value="true"/>
		<set name="type" value="MATERIAL"/>
		<set name="weight" value="2"/>
	</etcitem>
	<etcitem id="8738" name="Mid-Grade Life Stone: level 61">
		<set name="class" value="MISC"/>
		<set name="crystal_type" value="NONE"/>
		<set name="icon" value="icon.etc_mineral_special_i01"/>
		<set name="price" value="48000"/>
		<set name="stackable" value="true"/>
		<set name="type" value="MATERIAL"/>
		<set name="weight" value="2"/>
	</etcitem>
	<etcitem id="8739" name="Mid-Grade Life Stone: level 64">
		<set name="class" value="MISC"/>
		<set name="crystal_type" value="NONE"/>
		<set name="icon" value="icon.etc_mineral_special_i02"/>
		<set name="price" value="60000"/>
		<set name="stackable" value="true"/>
		<set name="type" value="MATERIAL"/>
		<set name="weight" value="2"/>
	</etcitem>
	<etcitem id="8740" name="Mid-Grade Life Stone: level 67">
		<set name="class" value="MISC"/>
		<set name="crystal_type" value="NONE"/>
		<set name="icon" value="icon.etc_mineral_special_i02"/>
		<set name="price" value="72000"/>
		<set name="stackable" value="true"/>
		<set name="type" value="MATERIAL"/>
		<set name="weight" value="2"/>
	</etcitem>
	<etcitem id="8741" name="Mid-Grade Life Stone: level 70">
		<set name="class" value="MISC"/>
		<set name="crystal_type" value="NONE"/>
		<set name="icon" value="icon.etc_mineral_special_i02"/>
		<set name="price" value="86400"/>
		<set name="stackable" value="true"/>
		<set name="type" value="MATERIAL"/>
		<set name="weight" value="2"/>
	</etcitem>
	<etcitem id="8742" name="Mid-Grade Life Stone: level 76">
		<set name="class" value="MISC"/>
		<set name="crystal_type" value="NONE"/>
		<set name="icon" value="icon.etc_mineral_special_i03"/>
		<set name="price" value="96000"/>
		<set name="stackable" value="true"/>
		<set name="type" value="MATERIAL"/>
		<set name="weight" value="2"/>
	</etcitem>
	<etcitem id="8743" name="High-Grade Life Stone: level 46">
		<set name="class" value="MISC"/>
		<set name="crystal_type" value="NONE"/>
		<set name="icon" value="icon.etc_mineral_rare_i00"/>
		<set name="price" value="200000"/>
		<set name="stackable" value="true"/>
		<set name="type" value="MATERIAL"/>
		<set name="weight" value="2"/>
	</etcitem>
	<etcitem id="8744" name="High-Grade Life Stone: level 49">
		<set name="class" value="MISC"/>
		<set name="crystal_type" value="NONE"/>
		<set name="icon" value="icon.etc_mineral_rare_i00"/>
		<set name="price" value="240000"/>
		<set name="stackable" value="true"/>
		<set name="type" value="MATERIAL"/>
		<set name="weight" value="2"/>
	</etcitem>
	<etcitem id="8745" name="High-Grade Life Stone: level 52">
		<set name="class" value="MISC"/>
		<set name="crystal_type" value="NONE"/>
		<set name="icon" value="icon.etc_mineral_rare_i00"/>
		<set name="price" value="288000"/>
		<set name="stackable" value="true"/>
		<set name="type" value="MATERIAL"/>
		<set name="weight" value="2"/>
	</etcitem>
	<etcitem id="8746" name="High-Grade Life Stone: level 55">
		<set name="class" value="MISC"/>
		<set name="crystal_type" value="NONE"/>
		<set name="icon" value="icon.etc_mineral_rare_i00"/>
		<set name="price" value="345600"/>
		<set name="stackable" value="true"/>
		<set name="type" value="MATERIAL"/>
		<set name="weight" value="2"/>
	</etcitem>
	<etcitem id="8747" name="High-Grade Life Stone: level 58">
		<set name="class" value="MISC"/>
		<set name="crystal_type" value="NONE"/>
		<set name="icon" value="icon.etc_mineral_rare_i01"/>
		<set name="price" value="400000"/>
		<set name="stackable" value="true"/>
		<set name="type" value="MATERIAL"/>
		<set name="weight" value="2"/>
	</etcitem>
	<etcitem id="8748" name="High-Grade Life Stone: level 61">
		<set name="class" value="MISC"/>
		<set name="crystal_type" value="NONE"/>
		<set name="icon" value="icon.etc_mineral_rare_i01"/>
		<set name="price" value="480000"/>
		<set name="stackable" value="true"/>
		<set name="type" value="MATERIAL"/>
		<set name="weight" value="2"/>
	</etcitem>
	<etcitem id="8749" name="High-Grade Life Stone: level 64">
		<set name="class" value="MISC"/>
		<set name="crystal_type" value="NONE"/>
		<set name="icon" value="icon.etc_mineral_rare_i02"/>
		<set name="price" value="600000"/>
		<set name="stackable" value="true"/>
		<set name="type" value="MATERIAL"/>
		<set name="weight" value="2"/>
	</etcitem>
	<etcitem id="8750" name="High-Grade Life Stone: level 67">
		<set name="class" value="MISC"/>
		<set name="crystal_type" value="NONE"/>
		<set name="icon" value="icon.etc_mineral_rare_i02"/>
		<set name="price" value="720000"/>
		<set name="stackable" value="true"/>
		<set name="type" value="MATERIAL"/>
		<set name="weight" value="2"/>
	</etcitem>
	<etcitem id="8751" name="High-Grade Life Stone: level 70">
		<set name="class" value="MISC"/>
		<set name="crystal_type" value="NONE"/>
		<set name="icon" value="icon.etc_mineral_rare_i02"/>
		<set name="price" value="864000"/>
		<set name="stackable" value="true"/>
		<set name="type" value="MATERIAL"/>
		<set name="weight" value="2"/>
	</etcitem>
	<etcitem id="8752" name="High-Grade Life Stone: level 76">
		<set name="class" value="MISC"/>
		<set name="crystal_type" value="NONE"/>
		<set name="icon" value="icon.etc_mineral_rare_i03"/>
		<set name="price" value="960000"/>
		<set name="stackable" value="true"/>
		<set name="type" value="MATERIAL"/>
		<set name="weight" value="2"/>
	</etcitem>
	<etcitem id="8753" name="Top-Grade Life Stone: level 46">
		<set name="class" value="MISC"/>
		<set name="crystal_type" value="NONE"/>
		<set name="icon" value="icon.etc_mineral_unique_i00"/>
		<set name="price" value="1000000"/>
		<set name="stackable" value="true"/>
		<set name="type" value="MATERIAL"/>
		<set name="weight" value="2"/>
	</etcitem>
	<etcitem id="8754" name="Top-Grade Life Stone: level 49">
		<set name="class" value="MISC"/>
		<set name="crystal_type" value="NONE"/>
		<set name="icon" value="icon.etc_mineral_unique_i00"/>
		<set name="price" value="1200000"/>
		<set name="stackable" value="true"/>
		<set name="type" value="MATERIAL"/>
		<set name="weight" value="2"/>
	</etcitem>
	<etcitem id="8755" name="Top-Grade Life Stone: level 52">
		<set name="class" value="MISC"/>
		<set name="crystal_type" value="NONE"/>
		<set name="icon" value="icon.etc_mineral_unique_i00"/>
		<set name="price" value="1440000"/>
		<set name="stackable" value="true"/>
		<set name="type" value="MATERIAL"/>
		<set name="weight" value="2"/>
	</etcitem>
	<etcitem id="8756" name="Top-Grade Life Stone: level 55">
		<set name="class" value="MISC"/>
		<set name="crystal_type" value="NONE"/>
		<set name="icon" value="icon.etc_mineral_unique_i00"/>
		<set name="price" value="1728000"/>
		<set name="stackable" value="true"/>
		<set name="type" value="MATERIAL"/>
		<set name="weight" value="2"/>
	</etcitem>
	<etcitem id="8757" name="Top-Grade Life Stone: level 58">
		<set name="class" value="MISC"/>
		<set name="crystal_type" value="NONE"/>
		<set name="icon" value="icon.etc_mineral_unique_i01"/>
		<set name="price" value="2000000"/>
		<set name="stackable" value="true"/>
		<set name="type" value="MATERIAL"/>
		<set name="weight" value="2"/>
	</etcitem>
	<etcitem id="8758" name="Top-Grade Life Stone: level 61">
		<set name="class" value="MISC"/>
		<set name="crystal_type" value="NONE"/>
		<set name="icon" value="icon.etc_mineral_unique_i01"/>
		<set name="price" value="2400000"/>
		<set name="stackable" value="true"/>
		<set name="type" value="MATERIAL"/>
		<set name="weight" value="2"/>
	</etcitem>
	<etcitem id="8759" name="Top-Grade Life Stone: level 64">
		<set name="class" value="MISC"/>
		<set name="crystal_type" value="NONE"/>
		<set name="icon" value="icon.etc_mineral_unique_i02"/>
		<set name="price" value="3000000"/>
		<set name="stackable" value="true"/>
		<set name="type" value="MATERIAL"/>
		<set name="weight" value="2"/>
	</etcitem>
	<etcitem id="8760" name="Top-Grade Life Stone: level 67">
		<set name="class" value="MISC"/>
		<set name="crystal_type" value="NONE"/>
		<set name="icon" value="icon.etc_mineral_unique_i02"/>
		<set name="price" value="3600000"/>
		<set name="stackable" value="true"/>
		<set name="type" value="MATERIAL"/>
		<set name="weight" value="2"/>
	</etcitem>
	<etcitem id="8761" name="Top-Grade Life Stone: level 70">
		<set name="class" value="MISC"/>
		<set name="crystal_type" value="NONE"/>
		<set name="icon" value="icon.etc_mineral_unique_i02"/>
		<set name="price" value="4320000"/>
		<set name="stackable" value="true"/>
		<set name="type" value="MATERIAL"/>
		<set name="weight" value="2"/>
	</etcitem>
	<etcitem id="8762" name="Top-Grade Life Stone: level 76">
		<set name="class" value="MISC"/>
		<set name="crystal_type" value="NONE"/>
		<set name="icon" value="icon.etc_mineral_unique_i03"/>
		<set name="price" value="4800000"/>
		<set name="stackable" value="true"/>
		<set name="type" value="MATERIAL"/>
		<set name="weight" value="2"/>
	</etcitem>
	<etcitem id="8764" name="Trap Stone">
		<set name="price" value="500"/>
		<set name="class" value="MATHERIALS"/>
		<set name="crystal_type" value="NONE"/>
		<set name="icon" value="icon.etc_capture_stone_i00"/>
		<set name="stackable" value="true"/>
		<set name="type" value="MATERIAL"/>
		<set name="weight" value="2"/>
	</etcitem>
	<etcitem id="8765" name="Red Gem">
		<set name="class" value="OTHER"/>
		<set name="ex_type" value="OTHER_ITEMS"/>
		<set name="crystal_type" value="NONE"/>
		<set name="icon" value="icon.ets_red_abead_i00"/>
		<set name="stackable" value="true"/>
		<set name="type" value="OTHER"/>
	</etcitem>
	<etcitem id="8766" name="Spirit Bead">
		<set name="class" value="OTHER"/>
		<set name="ex_type" value="OTHER_ITEMS"/>
		<set name="crystal_type" value="NONE"/>
		<set name="icon" value="icon.etc_bead_blue_i00"/>
		<set name="stackable" value="true"/>
		<set name="type" value="OTHER"/>
	</etcitem>
	<etcitem id="8767" name="Tyrannosaurus Claw">
		<set name="class" value="OTHER"/>
		<set name="ex_type" value="OTHER_ITEMS"/>
		<set name="crystal_type" value="NONE"/>
		<set name="icon" value="icon.etc_claw_i00"/>
		<set name="stackable" value="true"/>
		<set name="type" value="QUEST"/>
	</etcitem>
	<etcitem id="8768" name="Diary Fragment">
		<set name="class" value="OTHER"/>
		<set name="ex_type" value="OTHER_ITEMS"/>
		<set name="crystal_type" value="NONE"/>
		<set name="dropable" value="false"/>
		<set name="icon" value="icon.etc_piece_of_paper_white_i00"/>
		<set name="stackable" value="true"/>
		<set name="tradeable" value="false"/>
		<set name="type" value="QUEST"/>
	</etcitem>
	<etcitem id="8769" name="Expedition Member's Letter">
		<set name="class" value="OTHER"/>
		<set name="ex_type" value="OTHER_ITEMS"/>
		<set name="crystal_type" value="NONE"/>
		<set name="icon" value="icon.etc_letter_envelope_i00"/>
		<set name="stackable" value="true"/>
		<set name="type" value="QUEST"/>
	</etcitem>
	<etcitem id="8770" name="Ornithomimus Claw">
		<set name="class" value="OTHER"/>
		<set name="ex_type" value="OTHER_ITEMS"/>
		<set name="crystal_type" value="NONE"/>
		<set name="dropable" value="false"/>
		<set name="icon" value="icon.etc_claw_i00"/>
		<set name="stackable" value="true"/>
		<set name="tradeable" value="false"/>
		<set name="type" value="QUEST"/>
	</etcitem>
	<etcitem id="8771" name="Deinonychus Bone">
		<set name="class" value="OTHER"/>
		<set name="ex_type" value="OTHER_ITEMS"/>
		<set name="crystal_type" value="NONE"/>
		<set name="dropable" value="false"/>
		<set name="icon" value="icon.etc_piece_bone_red_i00"/>
		<set name="stackable" value="true"/>
		<set name="tradeable" value="false"/>
		<set name="type" value="QUEST"/>
	</etcitem>
	<etcitem id="8772" name="Pachycephalosaurus Skin">
		<set name="class" value="OTHER"/>
		<set name="ex_type" value="OTHER_ITEMS"/>
		<set name="crystal_type" value="NONE"/>
		<set name="dropable" value="false"/>
		<set name="icon" value="icon.etc_leather_yellow_i00"/>
		<set name="stackable" value="true"/>
		<set name="tradeable" value="false"/>
		<set name="type" value="QUEST"/>
	</etcitem>
	<etcitem id="8773" name="Practice Elrokian Trap">
		<set name="class" value="MATHERIALS"/>
		<set name="crystal_type" value="NONE"/>
		<set name="icon" value="icon.weapon_seize_mace_i00"/>
		<set name="stackable" value="true"/>
		<set name="type" value="MATERIAL"/>
	</etcitem>
	<etcitem id="8774" name="Dinosaur Tissue">
		<set name="class" value="OTHER"/>
		<set name="ex_type" value="OTHER_ITEMS"/>
		<set name="crystal_type" value="NONE"/>
		<set name="icon" value="icon.etc_bodypart_heart_i00"/>
		<set name="stackable" value="true"/>
		<set name="type" value="QUEST"/>
	</etcitem>
	<etcitem id="8775" name="Dinosaur Egg">
		<set name="class" value="OTHER"/>
		<set name="ex_type" value="OTHER_ITEMS"/>
		<set name="crystal_type" value="NONE"/>
		<set name="icon" value="icon.etc_dragon_egg_i05"/>
		<set name="stackable" value="true"/>
		<set name="type" value="QUEST"/>
	</etcitem>
	<etcitem id="8776" name="Bones of a Plains Dinosaur">
		<set name="class" value="OTHER"/>
		<set name="ex_type" value="OTHER_ITEMS"/>
		<set name="crystal_type" value="NONE"/>
		<set name="icon" value="icon.etc_piece_bone_black_i00"/>
		<set name="stackable" value="true"/>
		<set name="type" value="QUEST"/>
	</etcitem>
	<etcitem id="8777" name="Ancient Creatures and How I Long To Be With Them">
		<set name="class" value="OTHER"/>
		<set name="ex_type" value="OTHER_ITEMS"/>
		<set name="crystal_type" value="NONE"/>
		<set name="icon" value="icon.etc_spellbook_gray_i00"/>
		<set name="stackable" value="true"/>
		<set name="type" value="MATERIAL"/>
	</etcitem>
	<etcitem id="8778" name="Mantarasa Egg">
		<set name="class" value="OTHER"/>
		<set name="ex_type" value="OTHER_ITEMS"/>
		<set name="crystal_type" value="NONE"/>
		<set name="icon" value="icon.etc_dragon_egg_i03"/>
		<set name="stackable" value="true"/>
		<set name="type" value="MATERIAL"/>
	</etcitem>
	<etcitem id="8779" name="Ornithomimus Claw">
		<set name="class" value="OTHER"/>
		<set name="ex_type" value="OTHER_ITEMS"/>
		<set name="crystal_type" value="NONE"/>
		<set name="dropable" value="false"/>
		<set name="icon" value="icon.etc_claw_i00"/>
		<set name="stackable" value="true"/>
		<set name="tradeable" value="false"/>
		<set name="type" value="QUEST"/>
	</etcitem>
	<etcitem id="8780" name="Deinonychus Bone Fragment">
		<set name="class" value="OTHER"/>
		<set name="ex_type" value="OTHER_ITEMS"/>
		<set name="crystal_type" value="NONE"/>
		<set name="dropable" value="false"/>
		<set name="icon" value="icon.etc_fang_red_i00"/>
		<set name="stackable" value="true"/>
		<set name="tradeable" value="false"/>
		<set name="type" value="QUEST"/>
	</etcitem>
	<etcitem id="8781" name="Epitaph of Wisdom">
		<set name="class" value="MATHERIALS"/>
		<set name="crystal_type" value="NONE"/>
		<set name="dropable" value="false"/>
		<set name="icon" value="icon.etc_ancient_tablet_i00"/>
		<set name="stackable" value="true"/>
		<set name="tradeable" value="false"/>
		<set name="type" value="QUEST"/>
	</etcitem>
	<etcitem id="8782" name="Gazkh Fragment">
		<set name="class" value="MATHERIALS"/>
		<set name="crystal_type" value="NONE"/>
		<set name="icon" value="icon.etc_piece_of_gazk_i00"/>
		<set name="stackable" value="true"/>
		<set name="type" value="MATERIAL"/>
	</etcitem>
	<etcitem id="8783" name="Bone Powder">
		<set name="class" value="MATHERIALS"/>
		<set name="crystal_type" value="NONE"/>
		<set name="dropable" value="false"/>
		<set name="icon" value="icon.etc_powder_gray_i00"/>
		<set name="stackable" value="true"/>
		<set name="tradeable" value="false"/>
		<set name="type" value="QUEST"/>
	</etcitem>
	<etcitem id="8784" name="Gazkh">
		<set name="class" value="MATHERIALS"/>
		<set name="crystal_type" value="NONE"/>
		<set name="icon" value="icon.etc_head_of_gazk_i00"/>
		<set name="stackable" value="true"/>
		<set name="type" value="MATERIAL"/>
	</etcitem>
	<etcitem id="8785" name="Dinosaur Fang Necklace">
		<set name="class" value="OTHER"/>
		<set name="ex_type" value="OTHER_ITEMS"/>
		<set name="crystal_type" value="NONE"/>
		<set name="icon" value="icon.etc_ketra_friendship_1_i00"/>
		<set name="stackable" value="true"/>
		<set name="type" value="QUEST"/>
	</etcitem>
	<etcitem id="8786" name="Primeval Potion">
		<set name="class" value="CONSUMABLE"/>
		<set name="crystal_type" value="NONE"/>
		<set name="icon" value="icon.etc_potion_red_i00"/>
		<set name="price" value="5000"/>
		<set name="stackable" value="true"/>
		<set name="type" value="POTION"/>
		<set name="ex_type" value="POTION"/>
		<set name="weight" value="2"/>
		<skills>
			<skill id="2305" level="1"/>
		</skills>
		<cond msgId="1508">
			<not>
				<player olympiad="true"/>
			</not>
		</cond>
		<set name="capsuled" value="true"/>
	</etcitem>
	<etcitem id="8787" name="Sprigant's Fruit">
		<set name="class" value="MATHERIALS"/>
		<set name="crystal_type" value="NONE"/>
		<set name="icon" value="icon.etc_fruit_green_i00"/>
		<set name="price" value="5000"/>
		<set name="stackable" value="true"/>
		<set name="type" value="MATERIAL"/>
		<set name="weight" value="2"/>
		<cond msgId="1508">
			<not>
				<player olympiad="true"/>
			</not>
		</cond>
	</etcitem>
</list>
