<?xml version="1.0" encoding="UTF-8"?>
<!DOCTYPE list SYSTEM "item.dtd">
<list>
	<etcitem id="10200" name="Alternative Blue Coda Seed">
		<set name="class" value="OTHER"/>
		<set name="ex_type" value="OTHER_ITEMS"/>
		<set name="crystal_type" value="NONE"/>
		<set name="icon" value="icon.etc_coda_seed_i00"/>
		<set name="price" value="10"/>
		<set name="stackable" value="true"/>
		<set name="type" value="SEED"/>
		<set name="weight" value="1"/>
	</etcitem>
	<etcitem id="10201" name="Seed: Alternative Golden Coda">
		<set name="class" value="OTHER"/>
		<set name="ex_type" value="OTHER_ITEMS"/>
		<set name="crystal_type" value="NONE"/>
		<set name="icon" value="icon.etc_coda_seed_i00"/>
		<set name="price" value="20"/>
		<set name="stackable" value="true"/>
		<set name="type" value="SEED"/>
		<set name="weight" value="1"/>
	</etcitem>
	<etcitem id="10202" name="Seed: Golden Coda">
		<set name="class" value="OTHER"/>
		<set name="ex_type" value="OTHER_ITEMS"/>
		<set name="crystal_type" value="NONE"/>
		<set name="icon" value="icon.etc_coda_seed_i00"/>
		<set name="price" value="20"/>
		<set name="stackable" value="true"/>
		<set name="type" value="SEED"/>
		<set name="weight" value="1"/>
	</etcitem>
	<etcitem id="10203" name="Spellbook - Empowering Echo">
		<set name="class" value="SPELLBOOKS"/>
		<set name="crystal_type" value="NONE"/>
		<set name="icon" value="icon.etc_spell_books_element_i00"/>
		<set name="price" value="40000"/>
		<set name="stackable" value="true"/>
		<set name="type" value="SPELLBOOK"/>
		<set name="ex_type" value="SPELLBOOK"/>
		<set name="weight" value="120"/>
	</etcitem>
	<etcitem id="10204" name="Battle Manual - Soul Gathering">
		<set name="class" value="SPELLBOOKS"/>
		<set name="crystal_type" value="NONE"/>
		<set name="icon" value="icon.etc_kamael_skill_book_i00"/>
		<set name="price" value="4250"/>
		<set name="stackable" value="true"/>
		<set name="type" value="SPELLBOOK"/>
		<set name="ex_type" value="SPELLBOOK"/>
		<set name="weight" value="120"/>
	</etcitem>
	<etcitem id="10205" name="White Seed of Evil Lump">
		<set name="class" value="OTHER"/>
		<set name="ex_type" value="OTHER_ITEMS"/>
		<set name="crystal_type" value="NONE"/>
		<set name="icon" value="icon.etc_poison_pouch_i00"/>
		<set name="price" value="30000"/>
		<set name="stackable" value="true"/>
		<set name="type" value="SEED"/>
		<set name="weight" value="100"/>
		<skills>
			<skill id="2420" level="1"/>
		</skills>
		<set name="capsuled" value="true"/>
	</etcitem>
	<etcitem id="10206" name="Black Seed of Evil Lump">
		<set name="class" value="OTHER"/>
		<set name="ex_type" value="OTHER_ITEMS"/>
		<set name="crystal_type" value="NONE"/>
		<set name="icon" value="icon.etc_poison_pouch_i00"/>
		<set name="price" value="21000"/>
		<set name="stackable" value="true"/>
		<set name="type" value="SEED"/>
		<set name="weight" value="100"/>
		<skills>
			<skill id="2421" level="1"/>
		</skills>
		<set name="capsuled" value="true"/>
	</etcitem>
	<etcitem id="10213" name="Inventory">
		<set name="class" value="OTHER"/>
		<set name="ex_type" value="OTHER_ITEMS"/>
		<set name="crystal_type" value="NONE"/>
		<set name="durability" value="100"/>
		<set name="icon" value=""/>
		<set name="stackable" value="true"/>
		<set name="type" value="OTHER"/>
	</etcitem>
	<etcitem id="10254" name="1st Place Treasure Sack">
		<set name="class" value="OTHER"/>
		<set name="ex_type" value="OTHER_ITEMS"/>
		<set name="crystal_type" value="NONE"/>
		<set name="icon" value="icon.etc_treasure_sack_1_i00"/>
		<set name="stackable" value="true"/>
		<set name="type" value="OTHER"/>
		<skills>
			<skill id="2422" level="1"/>
		</skills>
		<set name="capsuled" value="true"/>
	</etcitem>
	<etcitem id="10255" name="2nd Place Treasure Sack">
		<set name="class" value="OTHER"/>
		<set name="ex_type" value="OTHER_ITEMS"/>
		<set name="crystal_type" value="NONE"/>
		<set name="icon" value="icon.etc_treasure_sack_2_i00"/>
		<set name="stackable" value="true"/>
		<set name="type" value="OTHER"/>
		<skills>
			<skill id="2423" level="2"/>
		</skills>
		<set name="capsuled" value="true"/>
	</etcitem>
	<etcitem id="10256" name="3rd Place Treasure Sack">
		<set name="class" value="OTHER"/>
		<set name="ex_type" value="OTHER_ITEMS"/>
		<set name="crystal_type" value="NONE"/>
		<set name="icon" value="icon.etc_treasure_sack_3_i00"/>
		<set name="stackable" value="true"/>
		<set name="type" value="OTHER"/>
		<skills>
			<skill id="2424" level="3"/>
		</skills>
		<set name="capsuled" value="true"/>
	</etcitem>
	<etcitem id="10257" name="4th Place Treasure Sack">
		<set name="class" value="OTHER"/>
		<set name="ex_type" value="OTHER_ITEMS"/>
		<set name="crystal_type" value="NONE"/>
		<set name="icon" value="icon.etc_treasure_sack_4_i00"/>
		<set name="stackable" value="true"/>
		<set name="type" value="OTHER"/>
		<skills>
			<skill id="2425" level="4"/>
		</skills>
		<set name="capsuled" value="true"/>
	</etcitem>
	<etcitem id="10258" name="5th Place Treasure Sack">
		<set name="class" value="OTHER"/>
		<set name="ex_type" value="OTHER_ITEMS"/>
		<set name="crystal_type" value="NONE"/>
		<set name="icon" value="icon.etc_treasure_sack_5_i00"/>
		<set name="stackable" value="true"/>
		<set name="type" value="OTHER"/>
		<skills>
			<skill id="2426" level="5"/>
		</skills>
		<set name="capsuled" value="true"/>
	</etcitem>
	<etcitem id="10259" name="6th Place Treasure Sack">
		<set name="class" value="OTHER"/>
		<set name="ex_type" value="OTHER_ITEMS"/>
		<set name="crystal_type" value="NONE"/>
		<set name="icon" value="icon.etc_treasure_sack_6_i00"/>
		<set name="stackable" value="true"/>
		<set name="type" value="OTHER"/>
		<skills>
			<skill id="2427" level="6"/>
		</skills>
		<set name="capsuled" value="true"/>
	</etcitem>
	<etcitem id="10260" name="Haste Juice">
		<set name="reuse_delay" value="3000"/>
		<set name="class" value="CONSUMABLE"/>
		<set name="crystal_type" value="NONE"/>
		<set name="icon" value="icon.etc_fruit_juice_glass_bottle_i00"/>
		<set name="stackable" value="true"/>
		<set name="type" value="POTION"/>
		<set name="ex_type" value="POTION"/>
		<set name="weight" value="10"/>
		<skills>
			<skill id="2429" level="1"/>
		</skills>
		<cond msgId="1508">
			<not>
				<player olympiad="true"/>
			</not>
		</cond>
	</etcitem>
	<etcitem id="10261" name="Accuracy Juice">
		<set name="reuse_delay" value="3000"/>
		<set name="class" value="CONSUMABLE"/>
		<set name="crystal_type" value="NONE"/>
		<set name="icon" value="icon.etc_fruit_juice_glass_bottle_i01"/>
		<set name="stackable" value="true"/>
		<set name="type" value="POTION"/>
		<set name="ex_type" value="POTION"/>
		<set name="weight" value="10"/>
		<skills>
			<skill id="2430" level="1"/>
		</skills>
		<cond msgId="1508">
			<not>
				<player olympiad="true"/>
			</not>
		</cond>
	</etcitem>
	<etcitem id="10262" name="Critical Power Juice">
		<set name="reuse_delay" value="3000"/>
		<set name="class" value="CONSUMABLE"/>
		<set name="crystal_type" value="NONE"/>
		<set name="icon" value="icon.etc_fruit_juice_glass_bottle_i02"/>
		<set name="stackable" value="true"/>
		<set name="type" value="POTION"/>
		<set name="ex_type" value="POTION"/>
		<set name="weight" value="10"/>
		<skills>
			<skill id="2431" level="1"/>
		</skills>
		<cond msgId="1508">
			<not>
				<player olympiad="true"/>
			</not>
		</cond>
	</etcitem>
	<etcitem id="10263" name="Critical Attack Juice">
		<set name="reuse_delay" value="3000"/>
		<set name="class" value="CONSUMABLE"/>
		<set name="crystal_type" value="NONE"/>
		<set name="icon" value="icon.etc_fruit_juice_glass_bottle_i03"/>
		<set name="stackable" value="true"/>
		<set name="type" value="POTION"/>
		<set name="ex_type" value="POTION"/>
		<set name="weight" value="10"/>
		<skills>
			<skill id="2432" level="1"/>
		</skills>
		<cond msgId="1508">
			<not>
				<player olympiad="true"/>
			</not>
		</cond>
	</etcitem>
	<etcitem id="10264" name="Casting Spd. Juice">
		<set name="reuse_delay" value="3000"/>
		<set name="class" value="CONSUMABLE"/>
		<set name="crystal_type" value="NONE"/>
		<set name="icon" value="icon.etc_fruit_juice_glass_bottle_i04"/>
		<set name="stackable" value="true"/>
		<set name="type" value="POTION"/>
		<set name="ex_type" value="POTION"/>
		<set name="weight" value="10"/>
		<skills>
			<skill id="2433" level="1"/>
		</skills>
		<cond msgId="1508">
			<not>
				<player olympiad="true"/>
			</not>
		</cond>
	</etcitem>
	<etcitem id="10265" name="Evasion Juice">
		<set name="reuse_delay" value="3000"/>
		<set name="class" value="CONSUMABLE"/>
		<set name="crystal_type" value="NONE"/>
		<set name="icon" value="icon.etc_fruit_juice_glass_bottle_i05"/>
		<set name="stackable" value="true"/>
		<set name="type" value="POTION"/>
		<set name="ex_type" value="POTION"/>
		<set name="weight" value="10"/>
		<skills>
			<skill id="2434" level="1"/>
		</skills>
		<cond msgId="1508">
			<not>
				<player olympiad="true"/>
			</not>
		</cond>
	</etcitem>
	<etcitem id="10266" name="Magic Power Juice">
		<set name="reuse_delay" value="3000"/>
		<set name="class" value="CONSUMABLE"/>
		<set name="crystal_type" value="NONE"/>
		<set name="icon" value="icon.etc_fruit_juice_glass_bottle_i06"/>
		<set name="stackable" value="true"/>
		<set name="type" value="POTION"/>
		<set name="ex_type" value="POTION"/>
		<set name="weight" value="10"/>
		<skills>
			<skill id="2435" level="1"/>
		</skills>
		<cond msgId="1508">
			<not>
				<player olympiad="true"/>
			</not>
		</cond>
	</etcitem>
	<etcitem id="10267" name="Power Juice">
		<set name="reuse_delay" value="3000"/>
		<set name="class" value="CONSUMABLE"/>
		<set name="crystal_type" value="NONE"/>
		<set name="icon" value="icon.etc_fruit_juice_glass_bottle_i07"/>
		<set name="stackable" value="true"/>
		<set name="type" value="POTION"/>
		<set name="ex_type" value="POTION"/>
		<set name="weight" value="10"/>
		<skills>
			<skill id="2436" level="1"/>
		</skills>
		<cond msgId="1508">
			<not>
				<player olympiad="true"/>
			</not>
		</cond>
	</etcitem>
	<etcitem id="10268" name="Speed Juice">
		<set name="reuse_delay" value="3000"/>
		<set name="class" value="CONSUMABLE"/>
		<set name="crystal_type" value="NONE"/>
		<set name="icon" value="icon.etc_fruit_juice_glass_bottle_i08"/>
		<set name="stackable" value="true"/>
		<set name="type" value="POTION"/>
		<set name="ex_type" value="POTION"/>
		<set name="weight" value="10"/>
		<skills>
			<skill id="2437" level="1"/>
		</skills>
		<cond msgId="1508">
			<not>
				<player olympiad="true"/>
			</not>
		</cond>
	</etcitem>
	<etcitem id="10269" name="Defense Juice">
		<set name="reuse_delay" value="3000"/>
		<set name="class" value="CONSUMABLE"/>
		<set name="crystal_type" value="NONE"/>
		<set name="icon" value="icon.etc_fruit_juice_glass_bottle_i09"/>
		<set name="stackable" value="true"/>
		<set name="type" value="POTION"/>
		<set name="ex_type" value="POTION"/>
		<set name="weight" value="10"/>
		<skills>
			<skill id="2438" level="1"/>
		</skills>
		<cond msgId="1508">
			<not>
				<player olympiad="true"/>
			</not>
		</cond>
	</etcitem>
	<etcitem id="10270" name="MP Consumption Juice">
		<set name="reuse_delay" value="3000"/>
		<set name="class" value="CONSUMABLE"/>
		<set name="crystal_type" value="NONE"/>
		<set name="icon" value="icon.etc_fruit_juice_glass_bottle_i10"/>
		<set name="stackable" value="true"/>
		<set name="type" value="POTION"/>
		<set name="ex_type" value="POTION"/>
		<set name="weight" value="10"/>
		<skills>
			<skill id="2439" level="1"/>
		</skills>
		<cond msgId="1508">
			<not>
				<player olympiad="true"/>
			</not>
		</cond>
		<set name="capsuled" value="true"/>
	</etcitem>
	<etcitem id="10271" name="Marvelous Fruit Juice #12">
		<set name="reuse_delay" value="3000"/>
		<set name="class" value="CONSUMABLE"/>
		<set name="crystal_type" value="NONE"/>
		<set name="icon" value="icon.etc_fruit_juice_glass_bottle_i11"/>
		<set name="stackable" value="true"/>
		<set name="type" value="POTION"/>
		<set name="ex_type" value="POTION"/>
		<cond msgId="1508">
			<not>
				<player olympiad="true"/>
			</not>
		</cond>
	</etcitem>
	<etcitem id="10272" name="Treasure Sack Piece">
		<set name="class" value="PIECES"/>
		<set name="crystal_type" value="NONE"/>
		<set name="icon" value="icon.etc_treasure_sack_fragment_i00"/>
		<set name="stackable" value="true"/>
		<set name="type" value="MATERIAL"/>
	</etcitem>
	<etcitem id="10274" name="Rabbit Transformation Scroll">
		<set name="class" value="CONSUMABLE"/>
		<set name="crystal_type" value="NONE"/>
		<set name="icon" value="icon.etc_trans_4f_s_b_01"/>
		<set name="price" value="75000"/>
		<set name="stackable" value="true"/>
		<set name="type" value="SCROLL"/>
		<set name="weight" value="120"/>
		<skills>
			<skill id="2428" level="1"/>
		</skills>
	</etcitem>
	<etcitem id="10275" name="Battle Manual - Warp">
		<set name="class" value="SPELLBOOKS"/>
		<set name="crystal_type" value="NONE"/>
		<set name="icon" value="icon.etc_kamael_skill_book_i01"/>
		<set name="price" value="2050"/>
		<set name="stackable" value="true"/>
		<set name="type" value="SPELLBOOK"/>
		<set name="ex_type" value="SPELLBOOK"/>
		<set name="weight" value="120"/>
	</etcitem>
	<etcitem id="10276" name="Battle Manual - Soul Shock">
		<set name="class" value="SPELLBOOKS"/>
		<set name="crystal_type" value="NONE"/>
		<set name="icon" value="icon.etc_kamael_skill_book_i01"/>
		<set name="price" value="2600"/>
		<set name="stackable" value="true"/>
		<set name="type" value="SPELLBOOK"/>
		<set name="ex_type" value="SPELLBOOK"/>
		<set name="weight" value="120"/>
	</etcitem>
	<etcitem id="10279" name="Onyx Beast Transform Scroll">
		<set name="class" value="CONSUMABLE"/>
		<set name="crystal_type" value="NONE"/>
		<set name="icon" value="icon.etc_trans_4f_s_b_01"/>
		<set name="stackable" value="true"/>
		<set name="type" value="SCROLL"/>
		<set name="weight" value="120"/>
	</etcitem>
	<etcitem id="10280" name="Certificate - Subclass">
		<set name="class" value="SPELLBOOKS"/>
		<set name="crystal_type" value="NONE"/>
		<set name="destroyable" value="false"/>
		<set name="dropable" value="false"/>
		<set name="icon" value="icon.etc_all_subjob_skillbook_i00"/>
		<set name="stackable" value="true"/>
		<set name="tradeable" value="false"/>
		<set name="storeable" value="false"/>
		<set name="type" value="SPELLBOOK"/>
		<set name="ex_type" value="SPELLBOOK"/>
		<set name="weight" value="120"/>
	</etcitem>
	<etcitem id="10281" name="Certificate - Warrior Ability">
		<set name="class" value="SPELLBOOKS"/>
		<set name="crystal_type" value="NONE"/>
		<set name="destroyable" value="false"/>
		<set name="dropable" value="false"/>
		<set name="icon" value="icon.etc_warrior_subjob_skillbook_i00"/>
		<set name="stackable" value="true"/>
		<set name="tradeable" value="false"/>
		<set name="storeable" value="false"/>
		<set name="type" value="SPELLBOOK"/>
		<set name="ex_type" value="SPELLBOOK"/>
		<set name="weight" value="120"/>
	</etcitem>
	<etcitem id="10282" name="Certificate - Knight Ability">
		<set name="class" value="SPELLBOOKS"/>
		<set name="crystal_type" value="NONE"/>
		<set name="destroyable" value="false"/>
		<set name="dropable" value="false"/>
		<set name="icon" value="icon.etc_knight_subjob_skillbook_i00"/>
		<set name="stackable" value="true"/>
		<set name="tradeable" value="false"/>
		<set name="storeable" value="false"/>
		<set name="type" value="SPELLBOOK"/>
		<set name="ex_type" value="SPELLBOOK"/>
		<set name="weight" value="120"/>
	</etcitem>
	<etcitem id="10283" name="Certificate - Rogue Ability">
		<set name="class" value="SPELLBOOKS"/>
		<set name="crystal_type" value="NONE"/>
		<set name="destroyable" value="false"/>
		<set name="dropable" value="false"/>
		<set name="icon" value="icon.etc_archer_subjob_skillbook_i00"/>
		<set name="stackable" value="true"/>
		<set name="tradeable" value="false"/>
		<set name="storeable" value="false"/>
		<set name="type" value="SPELLBOOK"/>
		<set name="ex_type" value="SPELLBOOK"/>
		<set name="weight" value="120"/>
	</etcitem>
	<etcitem id="10284" name="Certificate - Wizard Ability">
		<set name="class" value="SPELLBOOKS"/>
		<set name="crystal_type" value="NONE"/>
		<set name="destroyable" value="false"/>
		<set name="dropable" value="false"/>
		<set name="icon" value="icon.etc_wizard_subjob_skillbook_i00"/>
		<set name="stackable" value="true"/>
		<set name="tradeable" value="false"/>
		<set name="storeable" value="false"/>
		<set name="type" value="SPELLBOOK"/>
		<set name="ex_type" value="SPELLBOOK"/>
		<set name="weight" value="120"/>
	</etcitem>
	<etcitem id="10285" name="Certificate - Healer Ability">
		<set name="class" value="SPELLBOOKS"/>
		<set name="crystal_type" value="NONE"/>
		<set name="destroyable" value="false"/>
		<set name="dropable" value="false"/>
		<set name="icon" value="icon.etc_healer_subjob_skillbook_i00"/>
		<set name="stackable" value="true"/>
		<set name="tradeable" value="false"/>
		<set name="storeable" value="false"/>
		<set name="type" value="SPELLBOOK"/>
		<set name="ex_type" value="SPELLBOOK"/>
		<set name="weight" value="120"/>
	</etcitem>
	<etcitem id="10286" name="Certificate - Summoner Ability">
		<set name="class" value="SPELLBOOKS"/>
		<set name="crystal_type" value="NONE"/>
		<set name="destroyable" value="false"/>
		<set name="dropable" value="false"/>
		<set name="icon" value="icon.etc_summon_subjob_skillbook_i00"/>
		<set name="stackable" value="true"/>
		<set name="tradeable" value="false"/>
		<set name="storeable" value="false"/>
		<set name="type" value="SPELLBOOK"/>
		<set name="ex_type" value="SPELLBOOK"/>
		<set name="weight" value="120"/>
	</etcitem>
	<etcitem id="10287" name="Certificate - Enchanter Ability">
		<set name="class" value="SPELLBOOKS"/>
		<set name="crystal_type" value="NONE"/>
		<set name="destroyable" value="false"/>
		<set name="dropable" value="false"/>
		<set name="icon" value="icon.etc_enchanter_subjob_skillbook_i00"/>
		<set name="stackable" value="true"/>
		<set name="tradeable" value="false"/>
		<set name="storeable" value="false"/>
		<set name="type" value="SPELLBOOK"/>
		<set name="ex_type" value="SPELLBOOK"/>
		<set name="weight" value="120"/>
	</etcitem>
	<etcitem id="10288" name="Transform Sealbook - Divine Knight">
		<set name="class" value="OTHER"/>
		<set name="ex_type" value="OTHER_ITEMS"/>
		<set name="crystal_type" value="NONE"/>
		<set name="destroyable" value="false"/>
		<set name="dropable" value="false"/>
		<set name="durability" value="100"/>
		<set name="icon" value="icon.etc_trans_4f_s_b_01"/>
		<set name="stackable" value="true"/>
		<set name="tradeable" value="false"/>
		<set name="storeable" value="false"/>
		<set name="type" value="SPELLBOOK"/>
		<set name="ex_type" value="SPELLBOOK"/>
		<set name="weight" value="120"/>
	</etcitem>
	<etcitem id="10289" name="Transform Sealbook - Divine Warrior">
		<set name="class" value="OTHER"/>
		<set name="ex_type" value="OTHER_ITEMS"/>
		<set name="crystal_type" value="NONE"/>
		<set name="destroyable" value="false"/>
		<set name="dropable" value="false"/>
		<set name="durability" value="100"/>
		<set name="icon" value="icon.etc_trans_4f_s_b_01"/>
		<set name="stackable" value="true"/>
		<set name="tradeable" value="false"/>
		<set name="storeable" value="false"/>
		<set name="type" value="SPELLBOOK"/>
		<set name="ex_type" value="SPELLBOOK"/>
		<set name="weight" value="120"/>
	</etcitem>
	<etcitem id="10290" name="Transform Sealbook - Divine Rogue">
		<set name="class" value="OTHER"/>
		<set name="ex_type" value="OTHER_ITEMS"/>
		<set name="crystal_type" value="NONE"/>
		<set name="destroyable" value="false"/>
		<set name="dropable" value="false"/>
		<set name="durability" value="100"/>
		<set name="icon" value="icon.etc_trans_4f_s_b_01"/>
		<set name="stackable" value="true"/>
		<set name="tradeable" value="false"/>
		<set name="storeable" value="false"/>
		<set name="type" value="SPELLBOOK"/>
		<set name="ex_type" value="SPELLBOOK"/>
		<set name="weight" value="120"/>
	</etcitem>
	<etcitem id="10291" name="Transform Sealbook - Divine Healer">
		<set name="class" value="OTHER"/>
		<set name="ex_type" value="OTHER_ITEMS"/>
		<set name="crystal_type" value="NONE"/>
		<set name="destroyable" value="false"/>
		<set name="dropable" value="false"/>
		<set name="durability" value="100"/>
		<set name="icon" value="icon.etc_trans_4f_s_b_01"/>
		<set name="stackable" value="true"/>
		<set name="tradeable" value="false"/>
		<set name="storeable" value="false"/>
		<set name="type" value="SPELLBOOK"/>
		<set name="ex_type" value="SPELLBOOK"/>
		<set name="weight" value="120"/>
	</etcitem>
	<etcitem id="10292" name="Transform Sealbook - Divine Wizard">
		<set name="class" value="OTHER"/>
		<set name="ex_type" value="OTHER_ITEMS"/>
		<set name="crystal_type" value="NONE"/>
		<set name="destroyable" value="false"/>
		<set name="dropable" value="false"/>
		<set name="durability" value="100"/>
		<set name="icon" value="icon.etc_trans_4f_s_b_01"/>
		<set name="stackable" value="true"/>
		<set name="tradeable" value="false"/>
		<set name="storeable" value="false"/>
		<set name="type" value="SPELLBOOK"/>
		<set name="ex_type" value="SPELLBOOK"/>
		<set name="weight" value="120"/>
	</etcitem>
	<etcitem id="10293" name="Transform Sealbook - Divine Enchanter">
		<set name="class" value="OTHER"/>
		<set name="ex_type" value="OTHER_ITEMS"/>
		<set name="crystal_type" value="NONE"/>
		<set name="destroyable" value="false"/>
		<set name="dropable" value="false"/>
		<set name="durability" value="100"/>
		<set name="icon" value="icon.etc_trans_4f_s_b_01"/>
		<set name="stackable" value="true"/>
		<set name="tradeable" value="false"/>
		<set name="storeable" value="false"/>
		<set name="type" value="SPELLBOOK"/>
		<set name="ex_type" value="SPELLBOOK"/>
		<set name="weight" value="120"/>
	</etcitem>
	<etcitem id="10294" name="Transform Sealbook - Divine Summoner">
		<set name="class" value="OTHER"/>
		<set name="ex_type" value="OTHER_ITEMS"/>
		<set name="crystal_type" value="NONE"/>
		<set name="destroyable" value="false"/>
		<set name="dropable" value="false"/>
		<set name="durability" value="100"/>
		<set name="icon" value="icon.etc_trans_4f_s_b_01"/>
		<set name="stackable" value="true"/>
		<set name="tradeable" value="false"/>
		<set name="storeable" value="false"/>
		<set name="type" value="SPELLBOOK"/>
		<set name="ex_type" value="SPELLBOOK"/>
		<set name="weight" value="120"/>
	</etcitem>
	<etcitem id="10295" name="Transform Sealbook - Zaken">
		<set name="class" value="OTHER"/>
		<set name="ex_type" value="OTHER_ITEMS"/>
		<set name="crystal_type" value="NONE"/>
		<set name="durability" value="100"/>
		<set name="icon" value="icon.etc_trans_4f_s_b_01"/>
		<set name="price" value="67000"/>
		<set name="stackable" value="true"/>
		<set name="type" value="SPELLBOOK"/>
		<set name="ex_type" value="SPELLBOOK"/>
		<set name="weight" value="120"/>
	</etcitem>
	<etcitem id="10296" name="Transform Sealbook - Anakim">
		<set name="class" value="OTHER"/>
		<set name="ex_type" value="OTHER_ITEMS"/>
		<set name="crystal_type" value="NONE"/>
		<set name="durability" value="100"/>
		<set name="icon" value="icon.etc_trans_4f_s_b_01"/>
		<set name="price" value="30000000"/>
		<set name="stackable" value="true"/>
		<set name="type" value="SPELLBOOK"/>
		<set name="ex_type" value="SPELLBOOK"/>
		<set name="weight" value="120"/>
	</etcitem>
	<etcitem id="10297" name="Transform Sealbook - Venom">
		<set name="class" value="OTHER"/>
		<set name="ex_type" value="OTHER_ITEMS"/>
		<set name="crystal_type" value="NONE"/>
		<set name="durability" value="100"/>
		<set name="icon" value="icon.etc_trans_4f_s_b_01"/>
		<set name="price" value="67000"/>
		<set name="stackable" value="true"/>
		<set name="type" value="SPELLBOOK"/>
		<set name="ex_type" value="SPELLBOOK"/>
		<set name="weight" value="120"/>
	</etcitem>
	<etcitem id="10298" name="Transform Sealbook - Gordon">
		<set name="class" value="OTHER"/>
		<set name="ex_type" value="OTHER_ITEMS"/>
		<set name="crystal_type" value="NONE"/>
		<set name="durability" value="100"/>
		<set name="icon" value="icon.etc_trans_4f_s_b_01"/>
		<set name="price" value="2500000"/>
		<set name="stackable" value="true"/>
		<set name="type" value="SPELLBOOK"/>
		<set name="ex_type" value="SPELLBOOK"/>
		<set name="weight" value="120"/>
	</etcitem>
	<etcitem id="10299" name="Transform Sealbook - Ranku">
		<set name="class" value="OTHER"/>
		<set name="ex_type" value="OTHER_ITEMS"/>
		<set name="crystal_type" value="NONE"/>
		<set name="durability" value="100"/>
		<set name="icon" value="icon.etc_trans_4f_s_b_01"/>
		<set name="price" value="67000"/>
		<set name="stackable" value="true"/>
		<set name="type" value="SPELLBOOK"/>
		<set name="ex_type" value="SPELLBOOK"/>
		<set name="weight" value="120"/>
	</etcitem>
</list>
