<?xml version="1.0" encoding="UTF-8"?>
<!DOCTYPE list SYSTEM "item.dtd">
<list>
	<etcitem id="10515" name="Beast Soulshot Compressed Pack">
		<set name="class" value="OTHER"/>
		<set name="ex_type" value="OTHER_ITEMS"/>
		<set name="crystal_type" value="NONE"/>
		<set name="icon" value="icon.etc_pouch_yellow_i00"/>
		<set name="price" value="10000"/>
		<set name="stackable" value="true"/>
		<set name="type" value="OTHER"/>
		<set name="weight" value="100"/>
		<skills>
			<skill id="2500" level="1"/>
		</skills>
		<set name="capsuled" value="true"/>
	</etcitem>
	<etcitem id="10516" name="Beast Spiritshot Compressed Pack">
		<set name="class" value="OTHER"/>
		<set name="ex_type" value="OTHER_ITEMS"/>
		<set name="crystal_type" value="NONE"/>
		<set name="icon" value="icon.etc_pouch_yellow_i00"/>
		<set name="price" value="20000"/>
		<set name="stackable" value="true"/>
		<set name="type" value="OTHER"/>
		<set name="weight" value="100"/>
		<skills>
			<skill id="2501" level="1"/>
		</skills>
		<set name="capsuled" value="true"/>
	</etcitem>
	<etcitem id="10517" name="Blessed Beast Spiritshot Compressed Pack">
		<set name="class" value="OTHER"/>
		<set name="ex_type" value="OTHER_ITEMS"/>
		<set name="crystal_type" value="NONE"/>
		<set name="icon" value="icon.etc_pouch_yellow_i00"/>
		<set name="price" value="50000"/>
		<set name="stackable" value="true"/>
		<set name="type" value="OTHER"/>
		<set name="weight" value="100"/>
		<skills>
			<skill id="2502" level="1"/>
		</skills>
		<set name="capsuled" value="true"/>
	</etcitem>
	<etcitem id="10520" name="Echo Crystal - Kuraki Mai">
		<set name="reuse_delay" value="20000"/>
		<set name="class" value="OTHER"/>
		<set name="ex_type" value="OTHER_ITEMS"/>
		<set name="crystal_type" value="NONE"/>
		<set name="icon" value="icon.etc_echo_crystal_i04"/>
		<set name="stackable" value="true"/>
		<set name="type" value="OTHER"/>
		<set name="weight" value="10"/>
	</etcitem>
	<etcitem id="10521" name="Rough Ore of Fire">
		<set name="class" value="OTHER"/>
		<set name="ex_type" value="OTHER_ITEMS"/>
		<set name="crystal_type" value="NONE"/>
		<set name="dropable" value="false"/>
		<set name="icon" value="icon.etc_fire_stone_i00"/>
		<set name="price" value="25000"/>
		<set name="stackable" value="true"/>
		<set name="tradeable" value="false"/>
		<set name="type" value="OTHER"/>
		<set name="weight" value="120"/>
	</etcitem>
	<etcitem id="10522" name="Rough Ore of Water">
		<set name="class" value="OTHER"/>
		<set name="ex_type" value="OTHER_ITEMS"/>
		<set name="crystal_type" value="NONE"/>
		<set name="dropable" value="false"/>
		<set name="icon" value="icon.etc_water_stone_i00"/>
		<set name="price" value="25000"/>
		<set name="stackable" value="true"/>
		<set name="tradeable" value="false"/>
		<set name="type" value="OTHER"/>
		<set name="weight" value="120"/>
	</etcitem>
	<etcitem id="10523" name="Rough Ore of the Earth">
		<set name="class" value="OTHER"/>
		<set name="ex_type" value="OTHER_ITEMS"/>
		<set name="crystal_type" value="NONE"/>
		<set name="dropable" value="false"/>
		<set name="icon" value="icon.etc_earth_stone_i00"/>
		<set name="price" value="25000"/>
		<set name="stackable" value="true"/>
		<set name="tradeable" value="false"/>
		<set name="type" value="OTHER"/>
		<set name="weight" value="120"/>
	</etcitem>
	<etcitem id="10524" name="Rough Ore of Wind">
		<set name="class" value="OTHER"/>
		<set name="ex_type" value="OTHER_ITEMS"/>
		<set name="crystal_type" value="NONE"/>
		<set name="dropable" value="false"/>
		<set name="icon" value="icon.etc_wind_stone_i00"/>
		<set name="price" value="25000"/>
		<set name="stackable" value="true"/>
		<set name="tradeable" value="false"/>
		<set name="type" value="OTHER"/>
		<set name="weight" value="120"/>
	</etcitem>
	<etcitem id="10525" name="Rough Ore of Darkness">
		<set name="class" value="OTHER"/>
		<set name="ex_type" value="OTHER_ITEMS"/>
		<set name="crystal_type" value="NONE"/>
		<set name="dropable" value="false"/>
		<set name="icon" value="icon.etc_unholy_stone_i00"/>
		<set name="price" value="25000"/>
		<set name="stackable" value="true"/>
		<set name="tradeable" value="false"/>
		<set name="type" value="OTHER"/>
		<set name="weight" value="120"/>
	</etcitem>
	<etcitem id="10526" name="Rough Ore of Divinity">
		<set name="class" value="OTHER"/>
		<set name="ex_type" value="OTHER_ITEMS"/>
		<set name="crystal_type" value="NONE"/>
		<set name="dropable" value="false"/>
		<set name="icon" value="icon.etc_holy_stone_i00"/>
		<set name="price" value="25000"/>
		<set name="stackable" value="true"/>
		<set name="tradeable" value="false"/>
		<set name="type" value="OTHER"/>
		<set name="weight" value="120"/>
	</etcitem>
	<etcitem id="10544" name="Recipe - Dynasty Staff(60%)">
		<set name="class" value="RECIPIES"/>
		<set name="crystal_type" value="NONE"/>
		<set name="icon" value="icon.etc_recipe_black_i00"/>
		<set name="price" value="1493000"/>
		<set name="stackable" value="true"/>
		<set name="type" value="RECIPE"/>
		<set name="ex_type" value="RECIPE"/>
		<set name="weight" value="30"/>
	</etcitem>
	<etcitem id="10545" name="Recipe - Dynasty Crusher(60%)">
		<set name="class" value="RECIPIES"/>
		<set name="crystal_type" value="NONE"/>
		<set name="icon" value="icon.etc_recipe_black_i00"/>
		<set name="price" value="1493000"/>
		<set name="stackable" value="true"/>
		<set name="type" value="RECIPE"/>
		<set name="ex_type" value="RECIPE"/>
		<set name="weight" value="30"/>
	</etcitem>
	<etcitem id="10546" name="Dynasty Staff Fragment">
		<set name="class" value="PIECES"/>
		<set name="crystal_type" value="NONE"/>
		<set name="icon" value="icon.etc_sword_body_i00"/>
		<set name="price" value="239000"/>
		<set name="stackable" value="true"/>
		<set name="type" value="MATERIAL"/>
		<set name="weight" value="60"/>
	</etcitem>
	<etcitem id="10547" name="Dynasty Crusher Fragment">
		<set name="class" value="PIECES"/>
		<set name="crystal_type" value="NONE"/>
		<set name="icon" value="icon.etc_sword_body_i00"/>
		<set name="price" value="239000"/>
		<set name="stackable" value="true"/>
		<set name="type" value="MATERIAL"/>
		<set name="weight" value="60"/>
	</etcitem>
	<etcitem id="10549" name="Forgotten Scroll - Protection of Rune">
		<set name="class" value="SPELLBOOKS"/>
		<set name="crystal_type" value="NONE"/>
		<set name="icon" value="icon.etc_spell_books_element_i00"/>
		<set name="price" value="120000"/>
		<set name="stackable" value="true"/>
		<set name="type" value="SPELLBOOK"/>
		<set name="ex_type" value="SPELLBOOK"/>
		<set name="weight" value="120"/>
	</etcitem>
	<etcitem id="10550" name="Forgotten Scroll - Protection of Elemental">
		<set name="class" value="SPELLBOOKS"/>
		<set name="crystal_type" value="NONE"/>
		<set name="icon" value="icon.etc_spell_books_element_i00"/>
		<set name="price" value="120000"/>
		<set name="stackable" value="true"/>
		<set name="type" value="SPELLBOOK"/>
		<set name="ex_type" value="SPELLBOOK"/>
		<set name="weight" value="120"/>
	</etcitem>
	<etcitem id="10551" name="Forgotten Scroll - Protection of Alignment">
		<set name="class" value="SPELLBOOKS"/>
		<set name="crystal_type" value="NONE"/>
		<set name="icon" value="icon.etc_spell_books_element_i00"/>
		<set name="price" value="120000"/>
		<set name="stackable" value="true"/>
		<set name="type" value="SPELLBOOK"/>
		<set name="ex_type" value="SPELLBOOK"/>
		<set name="weight" value="120"/>
	</etcitem>
	<etcitem id="10552" name="Forgotten Scroll - Fighter's Will">
		<set name="class" value="SPELLBOOKS"/>
		<set name="crystal_type" value="NONE"/>
		<set name="icon" value="icon.etc_spell_books_element_i00"/>
		<set name="price" value="120000"/>
		<set name="stackable" value="true"/>
		<set name="type" value="SPELLBOOK"/>
		<set name="ex_type" value="SPELLBOOK"/>
		<set name="weight" value="120"/>
	</etcitem>
	<etcitem id="10553" name="Forgotten Scroll - Archer's Will">
		<set name="class" value="SPELLBOOKS"/>
		<set name="crystal_type" value="NONE"/>
		<set name="icon" value="icon.etc_spell_books_element_i00"/>
		<set name="price" value="120000"/>
		<set name="stackable" value="true"/>
		<set name="type" value="SPELLBOOK"/>
		<set name="ex_type" value="SPELLBOOK"/>
		<set name="weight" value="120"/>
	</etcitem>
	<etcitem id="10554" name="Forgotten Scroll - Anti-Magic Armor">
		<set name="class" value="SPELLBOOKS"/>
		<set name="crystal_type" value="NONE"/>
		<set name="icon" value="icon.etc_spell_books_element_i00"/>
		<set name="price" value="120000"/>
		<set name="stackable" value="true"/>
		<set name="type" value="SPELLBOOK"/>
		<set name="ex_type" value="SPELLBOOK"/>
		<set name="weight" value="120"/>
	</etcitem>
	<etcitem id="10555" name="Forgotten Scroll - Seed of Revenge">
		<set name="class" value="SPELLBOOKS"/>
		<set name="crystal_type" value="NONE"/>
		<set name="icon" value="icon.etc_spell_books_element_i00"/>
		<set name="price" value="120000"/>
		<set name="stackable" value="true"/>
		<set name="type" value="SPELLBOOK"/>
		<set name="ex_type" value="SPELLBOOK"/>
		<set name="weight" value="120"/>
	</etcitem>
	<etcitem id="10556" name="Forgotten Scroll - Hell Scream">
		<set name="class" value="SPELLBOOKS"/>
		<set name="crystal_type" value="NONE"/>
		<set name="icon" value="icon.etc_spell_books_element_i00"/>
		<set name="price" value="120000"/>
		<set name="stackable" value="true"/>
		<set name="type" value="SPELLBOOK"/>
		<set name="ex_type" value="SPELLBOOK"/>
		<set name="weight" value="120"/>
	</etcitem>
	<etcitem id="10557" name="Forgotten Scroll - Song of Windstorm">
		<set name="class" value="SPELLBOOKS"/>
		<set name="crystal_type" value="NONE"/>
		<set name="icon" value="icon.etc_spell_books_element_i00"/>
		<set name="price" value="11600"/>
		<set name="stackable" value="true"/>
		<set name="type" value="SPELLBOOK"/>
		<set name="ex_type" value="SPELLBOOK"/>
		<set name="weight" value="120"/>
	</etcitem>
	<etcitem id="10558" name="Forgotten Scroll - Dance of Blade Storm">
		<set name="class" value="SPELLBOOKS"/>
		<set name="crystal_type" value="NONE"/>
		<set name="icon" value="icon.etc_spell_books_element_i00"/>
		<set name="price" value="11600"/>
		<set name="stackable" value="true"/>
		<set name="type" value="SPELLBOOK"/>
		<set name="ex_type" value="SPELLBOOK"/>
		<set name="weight" value="120"/>
	</etcitem>
	<etcitem id="10559" name="Forgotten Scroll - Sixth Sense">
		<set name="class" value="SPELLBOOKS"/>
		<set name="crystal_type" value="NONE"/>
		<set name="icon" value="icon.etc_spell_books_element_i00"/>
		<set name="price" value="120000"/>
		<set name="stackable" value="true"/>
		<set name="type" value="SPELLBOOK"/>
		<set name="ex_type" value="SPELLBOOK"/>
		<set name="weight" value="120"/>
	</etcitem>
	<etcitem id="10560" name="Forgotten Scroll - Expose Weak Point">
		<set name="class" value="SPELLBOOKS"/>
		<set name="crystal_type" value="NONE"/>
		<set name="icon" value="icon.etc_spell_books_element_i00"/>
		<set name="price" value="120000"/>
		<set name="stackable" value="true"/>
		<set name="type" value="SPELLBOOK"/>
		<set name="ex_type" value="SPELLBOOK"/>
		<set name="weight" value="120"/>
	</etcitem>
	<etcitem id="10561" name="Forgotten Scroll - Exciting Adventure">
		<set name="class" value="SPELLBOOKS"/>
		<set name="crystal_type" value="NONE"/>
		<set name="icon" value="icon.etc_spell_books_element_i00"/>
		<set name="price" value="120000"/>
		<set name="stackable" value="true"/>
		<set name="type" value="SPELLBOOK"/>
		<set name="ex_type" value="SPELLBOOK"/>
		<set name="weight" value="120"/>
	</etcitem>
	<etcitem id="10562" name="Forgotten Scroll - Wind Riding">
		<set name="class" value="SPELLBOOKS"/>
		<set name="crystal_type" value="NONE"/>
		<set name="icon" value="icon.etc_spell_books_element_i00"/>
		<set name="price" value="120000"/>
		<set name="stackable" value="true"/>
		<set name="type" value="SPELLBOOK"/>
		<set name="ex_type" value="SPELLBOOK"/>
		<set name="weight" value="120"/>
	</etcitem>
	<etcitem id="10563" name="Forgotten Scroll - Ghost Walking">
		<set name="class" value="SPELLBOOKS"/>
		<set name="crystal_type" value="NONE"/>
		<set name="icon" value="icon.etc_spell_books_element_i00"/>
		<set name="price" value="120000"/>
		<set name="stackable" value="true"/>
		<set name="type" value="SPELLBOOK"/>
		<set name="ex_type" value="SPELLBOOK"/>
		<set name="weight" value="120"/>
	</etcitem>
	<etcitem id="10564" name="Forgotten Scroll - Flame Hawk">
		<set name="class" value="SPELLBOOKS"/>
		<set name="crystal_type" value="NONE"/>
		<set name="icon" value="icon.etc_spell_books_element_i00"/>
		<set name="price" value="120000"/>
		<set name="stackable" value="true"/>
		<set name="type" value="SPELLBOOK"/>
		<set name="ex_type" value="SPELLBOOK"/>
		<set name="weight" value="120"/>
	</etcitem>
	<etcitem id="10565" name="Forgotten Scroll - Arrow Rain">
		<set name="class" value="SPELLBOOKS"/>
		<set name="crystal_type" value="NONE"/>
		<set name="icon" value="icon.etc_spell_books_element_i00"/>
		<set name="price" value="120000"/>
		<set name="stackable" value="true"/>
		<set name="type" value="SPELLBOOK"/>
		<set name="ex_type" value="SPELLBOOK"/>
		<set name="weight" value="120"/>
	</etcitem>
	<etcitem id="10566" name="Forgotten Scroll - Ghost Piercing">
		<set name="class" value="SPELLBOOKS"/>
		<set name="crystal_type" value="NONE"/>
		<set name="icon" value="icon.etc_spell_books_element_i00"/>
		<set name="price" value="120000"/>
		<set name="stackable" value="true"/>
		<set name="type" value="SPELLBOOK"/>
		<set name="ex_type" value="SPELLBOOK"/>
		<set name="weight" value="120"/>
	</etcitem>
	<etcitem id="10567" name="Forgotten Scroll - Dread Pool">
		<set name="class" value="SPELLBOOKS"/>
		<set name="crystal_type" value="NONE"/>
		<set name="icon" value="icon.etc_spell_books_element_i00"/>
		<set name="price" value="120000"/>
		<set name="stackable" value="true"/>
		<set name="type" value="SPELLBOOK"/>
		<set name="ex_type" value="SPELLBOOK"/>
		<set name="weight" value="120"/>
	</etcitem>
	<etcitem id="10568" name="Forgotten Scroll - Weapon Blockade">
		<set name="class" value="SPELLBOOKS"/>
		<set name="crystal_type" value="NONE"/>
		<set name="icon" value="icon.etc_spell_books_element_i00"/>
		<set name="price" value="120000"/>
		<set name="stackable" value="true"/>
		<set name="type" value="SPELLBOOK"/>
		<set name="ex_type" value="SPELLBOOK"/>
		<set name="weight" value="120"/>
	</etcitem>
	<etcitem id="10569" name="Forgotten Scroll - Force of Destruction">
		<set name="class" value="SPELLBOOKS"/>
		<set name="crystal_type" value="NONE"/>
		<set name="icon" value="icon.etc_spell_books_element_i00"/>
		<set name="price" value="120000"/>
		<set name="stackable" value="true"/>
		<set name="type" value="SPELLBOOK"/>
		<set name="ex_type" value="SPELLBOOK"/>
		<set name="weight" value="120"/>
	</etcitem>
	<etcitem id="10570" name="Forgotten Scroll - Demolition Impact">
		<set name="class" value="SPELLBOOKS"/>
		<set name="crystal_type" value="NONE"/>
		<set name="icon" value="icon.etc_spell_books_element_i00"/>
		<set name="price" value="120000"/>
		<set name="stackable" value="true"/>
		<set name="type" value="SPELLBOOK"/>
		<set name="ex_type" value="SPELLBOOK"/>
		<set name="weight" value="120"/>
	</etcitem>
	<etcitem id="10571" name="Forgotten Scroll - Golem Armor">
		<set name="class" value="SPELLBOOKS"/>
		<set name="crystal_type" value="NONE"/>
		<set name="icon" value="icon.etc_spell_books_element_i00"/>
		<set name="price" value="120000"/>
		<set name="stackable" value="true"/>
		<set name="type" value="SPELLBOOK"/>
		<set name="ex_type" value="SPELLBOOK"/>
		<set name="weight" value="120"/>
	</etcitem>
	<etcitem id="10572" name="Forgotten Scroll - Flame Armor">
		<set name="class" value="SPELLBOOKS"/>
		<set name="crystal_type" value="NONE"/>
		<set name="icon" value="icon.etc_spell_books_element_i00"/>
		<set name="price" value="120000"/>
		<set name="stackable" value="true"/>
		<set name="type" value="SPELLBOOK"/>
		<set name="ex_type" value="SPELLBOOK"/>
		<set name="weight" value="120"/>
	</etcitem>
	<etcitem id="10573" name="Forgotten Scroll - Frost Armor">
		<set name="class" value="SPELLBOOKS"/>
		<set name="crystal_type" value="NONE"/>
		<set name="icon" value="icon.etc_spell_books_element_i00"/>
		<set name="price" value="120000"/>
		<set name="stackable" value="true"/>
		<set name="type" value="SPELLBOOK"/>
		<set name="ex_type" value="SPELLBOOK"/>
		<set name="weight" value="120"/>
	</etcitem>
	<etcitem id="10574" name="Forgotten Scroll - Hurricane Armor">
		<set name="class" value="SPELLBOOKS"/>
		<set name="crystal_type" value="NONE"/>
		<set name="icon" value="icon.etc_spell_books_element_i00"/>
		<set name="price" value="120000"/>
		<set name="stackable" value="true"/>
		<set name="type" value="SPELLBOOK"/>
		<set name="ex_type" value="SPELLBOOK"/>
		<set name="weight" value="120"/>
	</etcitem>
	<etcitem id="10575" name="Forgotten Scroll - Vampiric Mist">
		<set name="class" value="SPELLBOOKS"/>
		<set name="crystal_type" value="NONE"/>
		<set name="icon" value="icon.etc_spell_books_element_i00"/>
		<set name="price" value="120000"/>
		<set name="stackable" value="true"/>
		<set name="type" value="SPELLBOOK"/>
		<set name="ex_type" value="SPELLBOOK"/>
		<set name="weight" value="120"/>
	</etcitem>
	<etcitem id="10576" name="Forgotten Scroll - Servitor Barrier">
		<set name="class" value="SPELLBOOKS"/>
		<set name="crystal_type" value="NONE"/>
		<set name="icon" value="icon.etc_spell_books_element_i00"/>
		<set name="price" value="120000"/>
		<set name="stackable" value="true"/>
		<set name="type" value="SPELLBOOK"/>
		<set name="ex_type" value="SPELLBOOK"/>
		<set name="weight" value="120"/>
	</etcitem>
	<etcitem id="10577" name="Forgotten Scroll - Excessive Loyalty">
		<set name="class" value="SPELLBOOKS"/>
		<set name="crystal_type" value="NONE"/>
		<set name="icon" value="icon.etc_spell_books_element_i00"/>
		<set name="price" value="120000"/>
		<set name="stackable" value="true"/>
		<set name="type" value="SPELLBOOK"/>
		<set name="ex_type" value="SPELLBOOK"/>
		<set name="weight" value="120"/>
	</etcitem>
	<etcitem id="10578" name="Forgotten Scroll - Mutual Response">
		<set name="class" value="SPELLBOOKS"/>
		<set name="crystal_type" value="NONE"/>
		<set name="icon" value="icon.etc_spell_books_element_i00"/>
		<set name="price" value="120000"/>
		<set name="stackable" value="true"/>
		<set name="type" value="SPELLBOOK"/>
		<set name="ex_type" value="SPELLBOOK"/>
		<set name="weight" value="120"/>
	</etcitem>
	<etcitem id="10579" name="Forgotten Scroll - Improve Combat">
		<set name="class" value="SPELLBOOKS"/>
		<set name="crystal_type" value="NONE"/>
		<set name="icon" value="icon.etc_spell_books_element_i00"/>
		<set name="price" value="9300"/>
		<set name="stackable" value="true"/>
		<set name="type" value="SPELLBOOK"/>
		<set name="ex_type" value="SPELLBOOK"/>
		<set name="weight" value="120"/>
	</etcitem>
	<etcitem id="10580" name="Forgotten Scroll - Improve Magic">
		<set name="class" value="SPELLBOOKS"/>
		<set name="crystal_type" value="NONE"/>
		<set name="icon" value="icon.etc_spell_books_element_i00"/>
		<set name="price" value="10000"/>
		<set name="stackable" value="true"/>
		<set name="type" value="SPELLBOOK"/>
		<set name="ex_type" value="SPELLBOOK"/>
		<set name="weight" value="120"/>
	</etcitem>
	<etcitem id="10581" name="Forgotten Scroll - Improve Condition">
		<set name="class" value="SPELLBOOKS"/>
		<set name="crystal_type" value="NONE"/>
		<set name="icon" value="icon.etc_spell_books_element_i00"/>
		<set name="price" value="9650"/>
		<set name="stackable" value="true"/>
		<set name="type" value="SPELLBOOK"/>
		<set name="ex_type" value="SPELLBOOK"/>
		<set name="weight" value="120"/>
	</etcitem>
	<etcitem id="10582" name="Forgotten Scroll - Improve Critical Attack">
		<set name="class" value="SPELLBOOKS"/>
		<set name="crystal_type" value="NONE"/>
		<set name="icon" value="icon.etc_spell_books_element_i00"/>
		<set name="price" value="10000"/>
		<set name="stackable" value="true"/>
		<set name="type" value="SPELLBOOK"/>
		<set name="ex_type" value="SPELLBOOK"/>
		<set name="weight" value="120"/>
	</etcitem>
	<etcitem id="10583" name="Forgotten Scroll - Improve Shield Defense">
		<set name="class" value="SPELLBOOKS"/>
		<set name="crystal_type" value="NONE"/>
		<set name="icon" value="icon.etc_spell_books_element_i00"/>
		<set name="price" value="9300"/>
		<set name="stackable" value="true"/>
		<set name="type" value="SPELLBOOK"/>
		<set name="ex_type" value="SPELLBOOK"/>
		<set name="weight" value="120"/>
	</etcitem>
	<etcitem id="10584" name="Forgotten Scroll - Improve Movement">
		<set name="class" value="SPELLBOOKS"/>
		<set name="crystal_type" value="NONE"/>
		<set name="icon" value="icon.etc_spell_books_element_i00"/>
		<set name="price" value="9650"/>
		<set name="stackable" value="true"/>
		<set name="type" value="SPELLBOOK"/>
		<set name="ex_type" value="SPELLBOOK"/>
		<set name="weight" value="120"/>
	</etcitem>
	<etcitem id="10585" name="Forgotten Scroll - Sublime Self Sacrifice">
		<set name="class" value="SPELLBOOKS"/>
		<set name="crystal_type" value="NONE"/>
		<set name="icon" value="icon.etc_spell_books_element_i00"/>
		<set name="price" value="120000"/>
		<set name="stackable" value="true"/>
		<set name="type" value="SPELLBOOK"/>
		<set name="ex_type" value="SPELLBOOK"/>
		<set name="weight" value="120"/>
	</etcitem>
	<etcitem id="10586" name="Forgotten Scroll - Blessing of Eva">
		<set name="class" value="SPELLBOOKS"/>
		<set name="crystal_type" value="NONE"/>
		<set name="icon" value="icon.etc_spell_books_element_i00"/>
		<set name="price" value="120000"/>
		<set name="stackable" value="true"/>
		<set name="type" value="SPELLBOOK"/>
		<set name="ex_type" value="SPELLBOOK"/>
		<set name="weight" value="120"/>
	</etcitem>
	<etcitem id="10587" name="Forgotten Scroll - Lord of Vampire">
		<set name="class" value="SPELLBOOKS"/>
		<set name="crystal_type" value="NONE"/>
		<set name="icon" value="icon.etc_spell_books_element_i00"/>
		<set name="price" value="120000"/>
		<set name="stackable" value="true"/>
		<set name="type" value="SPELLBOOK"/>
		<set name="ex_type" value="SPELLBOOK"/>
		<set name="weight" value="120"/>
	</etcitem>
	<etcitem id="10588" name="Forgotten Scroll - Throne Root">
		<set name="class" value="SPELLBOOKS"/>
		<set name="crystal_type" value="NONE"/>
		<set name="icon" value="icon.etc_spell_books_element_i00"/>
		<set name="price" value="120000"/>
		<set name="stackable" value="true"/>
		<set name="type" value="SPELLBOOK"/>
		<set name="ex_type" value="SPELLBOOK"/>
		<set name="weight" value="120"/>
	</etcitem>
	<etcitem id="10589" name="Forgotten Scroll - Seal of Limit">
		<set name="class" value="SPELLBOOKS"/>
		<set name="crystal_type" value="NONE"/>
		<set name="icon" value="icon.etc_spell_books_element_i00"/>
		<set name="price" value="120000"/>
		<set name="stackable" value="true"/>
		<set name="type" value="SPELLBOOK"/>
		<set name="ex_type" value="SPELLBOOK"/>
		<set name="weight" value="120"/>
	</etcitem>
	<etcitem id="10590" name="Spellbook - Summon Smart Cubic">
		<set name="class" value="SPELLBOOKS"/>
		<set name="crystal_type" value="NONE"/>
		<set name="icon" value="icon.etc_spell_books_element_i00"/>
		<set name="price" value="40000"/>
		<set name="stackable" value="true"/>
		<set name="type" value="SPELLBOOK"/>
		<set name="ex_type" value="SPELLBOOK"/>
		<set name="weight" value="120"/>
	</etcitem>
	<etcitem id="10591" name="Forgotten Scroll - Spirit of Phoenix/Flame Icon">
		<set name="class" value="SPELLBOOKS"/>
		<set name="crystal_type" value="NONE"/>
		<set name="icon" value="icon.etc_spell_books_element_i00"/>
		<set name="price" value="120000"/>
		<set name="stackable" value="true"/>
		<set name="type" value="SPELLBOOK"/>
		<set name="ex_type" value="SPELLBOOK"/>
		<set name="weight" value="120"/>
	</etcitem>
	<etcitem id="10592" name="Forgotten Scroll - Eva's Will">
		<set name="class" value="SPELLBOOKS"/>
		<set name="crystal_type" value="NONE"/>
		<set name="icon" value="icon.etc_spell_books_element_i00"/>
		<set name="price" value="120000"/>
		<set name="stackable" value="true"/>
		<set name="type" value="SPELLBOOK"/>
		<set name="ex_type" value="SPELLBOOK"/>
		<set name="weight" value="120"/>
	</etcitem>
	<etcitem id="10593" name="Forgotten Scroll - Pain of Shilen / Spirit of Shilen">
		<set name="class" value="SPELLBOOKS"/>
		<set name="crystal_type" value="NONE"/>
		<set name="icon" value="icon.etc_spell_books_element_i00"/>
		<set name="price" value="120000"/>
		<set name="stackable" value="true"/>
		<set name="type" value="SPELLBOOK"/>
		<set name="ex_type" value="SPELLBOOK"/>
		<set name="weight" value="120"/>
	</etcitem>
	<etcitem id="10594" name="Forgotten Scroll - Wild Shot">
		<set name="class" value="SPELLBOOKS"/>
		<set name="crystal_type" value="NONE"/>
		<set name="icon" value="icon.etc_spell_books_element_i00"/>
		<set name="price" value="120000"/>
		<set name="stackable" value="true"/>
		<set name="type" value="SPELLBOOK"/>
		<set name="ex_type" value="SPELLBOOK"/>
		<set name="weight" value="120"/>
	</etcitem>
	<etcitem id="10595" name="Forgotten Scroll - Lightning Shock">
		<set name="class" value="SPELLBOOKS"/>
		<set name="crystal_type" value="NONE"/>
		<set name="icon" value="icon.etc_spell_books_element_i00"/>
		<set name="price" value="120000"/>
		<set name="stackable" value="true"/>
		<set name="type" value="SPELLBOOK"/>
		<set name="ex_type" value="SPELLBOOK"/>
		<set name="weight" value="120"/>
	</etcitem>
	<etcitem id="10596" name="Battle Manual - Soul Cleanse">
		<set name="class" value="SPELLBOOKS"/>
		<set name="crystal_type" value="NONE"/>
		<set name="icon" value="icon.etc_kamael_skill_book_i02"/>
		<set name="price" value="8700"/>
		<set name="stackable" value="true"/>
		<set name="type" value="SPELLBOOK"/>
		<set name="ex_type" value="SPELLBOOK"/>
		<set name="weight" value="120"/>
	</etcitem>
	<etcitem id="10597" name="Battle Manual - Curse of Life Flow">
		<set name="class" value="SPELLBOOKS"/>
		<set name="crystal_type" value="NONE"/>
		<set name="icon" value="icon.etc_kamael_skill_book_i02"/>
		<set name="price" value="7200"/>
		<set name="stackable" value="true"/>
		<set name="type" value="SPELLBOOK"/>
		<set name="ex_type" value="SPELLBOOK"/>
		<set name="weight" value="120"/>
	</etcitem>
	<etcitem id="10598" name="Battle Manual - Soul Vortex">
		<set name="class" value="SPELLBOOKS"/>
		<set name="crystal_type" value="NONE"/>
		<set name="icon" value="icon.etc_kamael_skill_book_i03"/>
		<set name="price" value="11600"/>
		<set name="stackable" value="true"/>
		<set name="type" value="SPELLBOOK"/>
		<set name="ex_type" value="SPELLBOOK"/>
		<set name="weight" value="120"/>
	</etcitem>
	<etcitem id="10599" name="Battle Manual - Soul Vortex Extinction">
		<set name="class" value="SPELLBOOKS"/>
		<set name="crystal_type" value="NONE"/>
		<set name="icon" value="icon.etc_kamael_skill_book_i03"/>
		<set name="price" value="30000"/>
		<set name="stackable" value="true"/>
		<set name="type" value="SPELLBOOK"/>
		<set name="ex_type" value="SPELLBOOK"/>
		<set name="weight" value="120"/>
	</etcitem>
</list>
