<?xml version="1.0" encoding="UTF-8"?>
<!DOCTYPE list SYSTEM "item.dtd">
<list>
	<etcitem id="12362" name="Weapon-Type Enhance Backup Stone (D-Grade)">
		<set name="freightable" value="true"/>
		<set name="class" value="OTHER"/>
		<set name="ex_type" value="OTHER_ITEMS"/>
		<set name="crystal_type" value="NONE"/>
		<set name="destroyable" value="false"/>
		<set name="dropable" value="false"/>
		<set name="icon" value="icon.ench_wp_stone_i00"/>
		<set name="stackable" value="true"/>
		<set name="tradeable" value="false"/>
		<set name="type" value="OTHER"/>
		<set name="weight" value="120"/>
	</etcitem>
	<etcitem id="12363" name="Weapon-Type Enhance Backup Stone (C-Grade)">
		<set name="freightable" value="true"/>
		<set name="class" value="OTHER"/>
		<set name="ex_type" value="OTHER_ITEMS"/>
		<set name="crystal_type" value="NONE"/>
		<set name="destroyable" value="false"/>
		<set name="dropable" value="false"/>
		<set name="icon" value="icon.ench_wp_stone_i01"/>
		<set name="stackable" value="true"/>
		<set name="tradeable" value="false"/>
		<set name="type" value="OTHER"/>
		<set name="weight" value="120"/>
	</etcitem>
	<etcitem id="12364" name="Weapon-Type Enhance Backup Stone (B-Grade)">
		<set name="freightable" value="true"/>
		<set name="class" value="OTHER"/>
		<set name="ex_type" value="OTHER_ITEMS"/>
		<set name="crystal_type" value="NONE"/>
		<set name="destroyable" value="false"/>
		<set name="dropable" value="false"/>
		<set name="icon" value="icon.ench_wp_stone_i02"/>
		<set name="stackable" value="true"/>
		<set name="tradeable" value="false"/>
		<set name="type" value="OTHER"/>
		<set name="weight" value="120"/>
	</etcitem>
	<etcitem id="12365" name="Weapon-Type Enhance Backup Stone (A-Grade)">
		<set name="freightable" value="true"/>
		<set name="class" value="OTHER"/>
		<set name="ex_type" value="OTHER_ITEMS"/>
		<set name="crystal_type" value="NONE"/>
		<set name="destroyable" value="false"/>
		<set name="dropable" value="false"/>
		<set name="icon" value="icon.ench_wp_stone_i03"/>
		<set name="stackable" value="true"/>
		<set name="tradeable" value="false"/>
		<set name="type" value="OTHER"/>
		<set name="weight" value="120"/>
	</etcitem>
	<etcitem id="12366" name="Weapon-Type Enhance Backup Stone (S-Grade)">
		<set name="freightable" value="true"/>
		<set name="class" value="OTHER"/>
		<set name="ex_type" value="OTHER_ITEMS"/>
		<set name="crystal_type" value="NONE"/>
		<set name="destroyable" value="false"/>
		<set name="dropable" value="false"/>
		<set name="icon" value="icon.ench_wp_stone_i04"/>
		<set name="stackable" value="true"/>
		<set name="tradeable" value="false"/>
		<set name="type" value="OTHER"/>
		<set name="weight" value="120"/>
	</etcitem>
	<etcitem id="12367" name="Armor-Type Enhance Backup Stone (D-Grade)">
		<set name="freightable" value="true"/>
		<set name="class" value="OTHER"/>
		<set name="ex_type" value="OTHER_ITEMS"/>
		<set name="crystal_type" value="NONE"/>
		<set name="destroyable" value="false"/>
		<set name="dropable" value="false"/>
		<set name="icon" value="icon.ench_am_stone_i00"/>
		<set name="stackable" value="true"/>
		<set name="tradeable" value="false"/>
		<set name="type" value="OTHER"/>
		<set name="weight" value="120"/>
	</etcitem>
	<etcitem id="12368" name="Armor-Type Enhance Backup Stone (C-Grade)">
		<set name="freightable" value="true"/>
		<set name="class" value="OTHER"/>
		<set name="ex_type" value="OTHER_ITEMS"/>
		<set name="crystal_type" value="NONE"/>
		<set name="destroyable" value="false"/>
		<set name="dropable" value="false"/>
		<set name="icon" value="icon.ench_am_stone_i01"/>
		<set name="stackable" value="true"/>
		<set name="tradeable" value="false"/>
		<set name="type" value="OTHER"/>
		<set name="weight" value="120"/>
	</etcitem>
	<etcitem id="12369" name="Armor-Type Enhance Backup Stone (B-Grade)">
		<set name="freightable" value="true"/>
		<set name="class" value="OTHER"/>
		<set name="ex_type" value="OTHER_ITEMS"/>
		<set name="crystal_type" value="NONE"/>
		<set name="destroyable" value="false"/>
		<set name="dropable" value="false"/>
		<set name="icon" value="icon.ench_am_stone_i02"/>
		<set name="stackable" value="true"/>
		<set name="tradeable" value="false"/>
		<set name="type" value="OTHER"/>
		<set name="weight" value="120"/>
	</etcitem>
	<etcitem id="12370" name="Armor-Type Enhance Backup Stone (A-Grade)">
		<set name="freightable" value="true"/>
		<set name="class" value="OTHER"/>
		<set name="ex_type" value="OTHER_ITEMS"/>
		<set name="crystal_type" value="NONE"/>
		<set name="destroyable" value="false"/>
		<set name="dropable" value="false"/>
		<set name="icon" value="icon.ench_am_stone_i03"/>
		<set name="stackable" value="true"/>
		<set name="tradeable" value="false"/>
		<set name="type" value="OTHER"/>
		<set name="weight" value="120"/>
	</etcitem>
	<etcitem id="12371" name="Armor-Type Enhance Backup Stone (S-Grade)">
		<set name="freightable" value="true"/>
		<set name="class" value="OTHER"/>
		<set name="ex_type" value="OTHER_ITEMS"/>
		<set name="crystal_type" value="NONE"/>
		<set name="destroyable" value="false"/>
		<set name="dropable" value="false"/>
		<set name="icon" value="icon.ench_am_stone_i04"/>
		<set name="stackable" value="true"/>
		<set name="tradeable" value="false"/>
		<set name="type" value="OTHER"/>
		<set name="weight" value="120"/>
	</etcitem>
	<etcitem id="12374" name="Mammon's Varnish Enhancer">
		<set name="class" value="OTHER"/>
		<set name="ex_type" value="OTHER_ITEMS"/>
		<set name="crystal_type" value="NONE"/>
		<set name="icon" value="icon.etc_mammon_varnish_i00"/>
		<set name="price" value="10000"/>
		<set name="stackable" value="true"/>
		<set name="type" value="OTHER"/>
		<set name="weight" value="2"/>
	</etcitem>
	<etcitem id="12375" name="Foundation Great Sword">
		<set name="class" value="WEAPON"/>
		<set name="crystal_type" value="B"/>
		<set name="crystallizable" value="true"/>
		<set name="icon" value="icon.weapon_great_sword_i00"/>
		<set name="price" value="6680500"/>
		<set name="type" value="OTHER"/>
		<set name="weight" value="1930"/>
	</etcitem>
	<etcitem id="12376" name="Foundation Great Axe">
		<set name="class" value="WEAPON"/>
		<set name="crystal_type" value="B"/>
		<set name="crystallizable" value="true"/>
		<set name="icon" value="icon.weapon_great_axe_i00"/>
		<set name="price" value="6680500"/>
		<set name="type" value="OTHER"/>
		<set name="weight" value="1940"/>
	</etcitem>
	<etcitem id="12377" name="Foundation Innominate Victory">
		<set name="class" value="WEAPON"/>
		<set name="crystal_type" value="B"/>
		<set name="crystallizable" value="true"/>
		<set name="icon" value="icon.weapon_nameless_victory_i00"/>
		<set name="price" value="6680500"/>
		<set name="type" value="OTHER"/>
		<set name="weight" value="1930"/>
	</etcitem>
	<etcitem id="12378" name="Foundation Dark Elven Long Bow">
		<set name="class" value="WEAPON"/>
		<set name="crystal_type" value="B"/>
		<set name="crystallizable" value="true"/>
		<set name="icon" value="icon.weapon_dark_elven_long_bow_i00"/>
		<set name="price" value="6680500"/>
		<set name="type" value="OTHER"/>
		<set name="weight" value="1720"/>
	</etcitem>
	<etcitem id="12379" name="Foundation Sword of Valhalla">
		<set name="class" value="WEAPON"/>
		<set name="crystal_type" value="B"/>
		<set name="crystallizable" value="true"/>
		<set name="icon" value="icon.weapon_sword_of_valhalla_i00"/>
		<set name="price" value="6680500"/>
		<set name="type" value="OTHER"/>
		<set name="weight" value="900"/>
	</etcitem>
	<etcitem id="12380" name="Foundation Spell Breaker">
		<set name="class" value="WEAPON"/>
		<set name="crystal_type" value="B"/>
		<set name="crystallizable" value="true"/>
		<set name="icon" value="icon.weapon_spell_breaker_i00"/>
		<set name="price" value="6680500"/>
		<set name="type" value="OTHER"/>
		<set name="weight" value="1620"/>
	</etcitem>
	<etcitem id="12381" name="Foundation Arthro Nail">
		<set name="class" value="WEAPON"/>
		<set name="crystal_type" value="B"/>
		<set name="crystallizable" value="true"/>
		<set name="icon" value="icon.weapon_arthro_nail_i00"/>
		<set name="price" value="6680500"/>
		<set name="type" value="OTHER"/>
		<set name="weight" value="1420"/>
	</etcitem>
	<etcitem id="12382" name="Foundation Ice Storm Hammer">
		<set name="class" value="WEAPON"/>
		<set name="crystal_type" value="B"/>
		<set name="crystallizable" value="true"/>
		<set name="icon" value="icon.weapon_ice_storm_hammer_i00"/>
		<set name="price" value="6680500"/>
		<set name="type" value="OTHER"/>
		<set name="weight" value="1950"/>
	</etcitem>
	<etcitem id="12383" name="Foundation Military Fleuret">
		<set name="class" value="WEAPON"/>
		<set name="crystal_type" value="B"/>
		<set name="crystallizable" value="true"/>
		<set name="icon" value="icon.weapon_assult_fleuret_i00"/>
		<set name="price" value="6680500"/>
		<set name="type" value="OTHER"/>
		<set name="weight" value="1370"/>
	</etcitem>
	<etcitem id="12384" name="Foundation Sprite's Staff">
		<set name="class" value="WEAPON"/>
		<set name="crystal_type" value="B"/>
		<set name="crystallizable" value="true"/>
		<set name="icon" value="icon.weapon_sprites_staff_i00"/>
		<set name="price" value="6680500"/>
		<set name="type" value="OTHER"/>
		<set name="weight" value="960"/>
	</etcitem>
	<etcitem id="12385" name="Foundation Kris">
		<set name="class" value="WEAPON"/>
		<set name="crystal_type" value="B"/>
		<set name="crystallizable" value="true"/>
		<set name="icon" value="icon.weapon_kris_i00"/>
		<set name="price" value="6680500"/>
		<set name="type" value="OTHER"/>
		<set name="weight" value="980"/>
	</etcitem>
	<etcitem id="12386" name="Foundation Keshanberk">
		<set name="class" value="WEAPON"/>
		<set name="crystal_type" value="B"/>
		<set name="crystallizable" value="true"/>
		<set name="icon" value="icon.weapon_kshanberk_i00"/>
		<set name="price" value="6680500"/>
		<set name="type" value="OTHER"/>
		<set name="weight" value="1370"/>
	</etcitem>
	<etcitem id="12387" name="Foundation Peacemaker">
		<set name="class" value="WEAPON"/>
		<set name="crystal_type" value="B"/>
		<set name="crystallizable" value="true"/>
		<set name="icon" value="icon.weapon_peace_maker_i00"/>
		<set name="price" value="6680500"/>
		<set name="type" value="OTHER"/>
		<set name="weight" value="1720"/>
	</etcitem>
	<etcitem id="12388" name="Foundation Heavy War Axe">
		<set name="class" value="WEAPON"/>
		<set name="crystal_type" value="B"/>
		<set name="crystallizable" value="true"/>
		<set name="icon" value="icon.weapon_heavy_war_axe_i00"/>
		<set name="price" value="6680500"/>
		<set name="type" value="OTHER"/>
		<set name="weight" value="1620"/>
	</etcitem>
	<etcitem id="12389" name="Foundation Hell Knife">
		<set name="class" value="WEAPON"/>
		<set name="crystal_type" value="B"/>
		<set name="crystallizable" value="true"/>
		<set name="icon" value="icon.weapon_hell_knife_i00"/>
		<set name="price" value="6680500"/>
		<set name="type" value="OTHER"/>
		<set name="weight" value="740"/>
	</etcitem>
	<etcitem id="12390" name="Foundation Guardian Sword">
		<set name="class" value="WEAPON"/>
		<set name="crystal_type" value="B"/>
		<set name="crystallizable" value="true"/>
		<set name="icon" value="icon.weapon_guardians_sword_i00"/>
		<set name="price" value="10091400"/>
		<set name="type" value="OTHER"/>
		<set name="weight" value="1930"/>
	</etcitem>
	<etcitem id="12391" name="Foundation Sword of Damascus">
		<set name="class" value="WEAPON"/>
		<set name="crystal_type" value="B"/>
		<set name="crystallizable" value="true"/>
		<set name="icon" value="icon.weapon_sword_of_damascus_i00"/>
		<set name="price" value="10091400"/>
		<set name="type" value="OTHER"/>
		<set name="weight" value="1350"/>
	</etcitem>
	<etcitem id="12392" name="Foundation Dismantler">
		<set name="class" value="WEAPON"/>
		<set name="crystal_type" value="B"/>
		<set name="crystallizable" value="true"/>
		<set name="icon" value="icon.weapon_dismantler_i00"/>
		<set name="price" value="10091400"/>
		<set name="type" value="OTHER"/>
		<set name="weight" value="1930"/>
	</etcitem>
	<etcitem id="12393" name="Foundation Lance">
		<set name="class" value="WEAPON"/>
		<set name="crystal_type" value="B"/>
		<set name="crystallizable" value="true"/>
		<set name="icon" value="icon.weapon_lancia_i00"/>
		<set name="price" value="10091400"/>
		<set name="type" value="OTHER"/>
		<set name="weight" value="1920"/>
	</etcitem>
	<etcitem id="12394" name="Foundation Bellion Cestus">
		<set name="class" value="WEAPON"/>
		<set name="crystal_type" value="B"/>
		<set name="crystallizable" value="true"/>
		<set name="icon" value="icon.weapon_bellion_cestus_i00"/>
		<set name="price" value="10091400"/>
		<set name="type" value="OTHER"/>
		<set name="weight" value="1390"/>
	</etcitem>
	<etcitem id="12395" name="Foundation Staff of Evil Spirits">
		<set name="class" value="WEAPON"/>
		<set name="crystal_type" value="B"/>
		<set name="crystallizable" value="true"/>
		<set name="icon" value="icon.weapon_staff_of_evil_sprit_i00"/>
		<set name="price" value="10091400"/>
		<set name="type" value="OTHER"/>
		<set name="weight" value="930"/>
	</etcitem>
	<etcitem id="12396" name="Foundation Deadman's Glory">
		<set name="class" value="WEAPON"/>
		<set name="crystal_type" value="B"/>
		<set name="crystallizable" value="true"/>
		<set name="icon" value="icon.weapon_deadmans_glory_i00"/>
		<set name="price" value="10091400"/>
		<set name="type" value="OTHER"/>
		<set name="weight" value="1600"/>
	</etcitem>
	<etcitem id="12397" name="Foundation Star Buster">
		<set name="class" value="WEAPON"/>
		<set name="crystal_type" value="B"/>
		<set name="crystallizable" value="true"/>
		<set name="icon" value="icon.weapon_star_buster_i00"/>
		<set name="price" value="10091400"/>
		<set name="type" value="OTHER"/>
		<set name="weight" value="1930"/>
	</etcitem>
	<etcitem id="12398" name="Foundation Art of Battle Axe">
		<set name="class" value="WEAPON"/>
		<set name="crystal_type" value="B"/>
		<set name="crystallizable" value="true"/>
		<set name="icon" value="icon.weapon_art_of_battle_axe_i00"/>
		<set name="price" value="10091400"/>
		<set name="type" value="OTHER"/>
		<set name="weight" value="1570"/>
	</etcitem>
	<etcitem id="12399" name="Foundation Demon Dagger">
		<set name="class" value="WEAPON"/>
		<set name="crystal_type" value="B"/>
		<set name="crystallizable" value="true"/>
		<set name="icon" value="icon.weapon_demons_sword_i00"/>
		<set name="price" value="10091400"/>
		<set name="type" value="OTHER"/>
		<set name="weight" value="970"/>
	</etcitem>
</list>
