<?xml version="1.0" encoding="UTF-8"?>
<!DOCTYPE list SYSTEM "item.dtd">
<list>
	<etcitem id="12500" name="Foundation Zubei's Helmet">
		<set name="class" value="ARMOR"/>
		<set name="crystal_type" value="B"/>
		<set name="crystallizable" value="true"/>
		<set name="icon" value="icon.armor_helmet_i00"/>
		<set name="price" value="598600"/>
		<set name="type" value="OTHER"/>
		<set name="weight" value="590"/>
	</etcitem>
	<etcitem id="12501" name="Foundation Zubei's Breastplate">
		<set name="class" value="ARMOR"/>
		<set name="crystal_type" value="B"/>
		<set name="crystallizable" value="true"/>
		<set name="icon" value="icon.armor_t64_u_i00"/>
		<set name="price" value="1596000"/>
		<set name="type" value="OTHER"/>
		<set name="weight" value="7970"/>
	</etcitem>
	<etcitem id="12502" name="Foundation Avadon Gloves">
		<set name="class" value="OTHER"/>
		<set name="ex_type" value="OTHER_ITEMS"/>
		<set name="crystal_type" value="B"/>
		<set name="crystallizable" value="true"/>
		<set name="icon" value="icon.armor_t66_g_i00"/>
		<set name="price" value="399100"/>
		<set name="type" value="OTHER"/>
		<set name="weight" value="590"/>
	</etcitem>
	<etcitem id="12503" name="Foundation Avadon Gloves">
		<set name="class" value="OTHER"/>
		<set name="ex_type" value="OTHER_ITEMS"/>
		<set name="crystal_type" value="B"/>
		<set name="crystallizable" value="true"/>
		<set name="icon" value="icon.armor_t67_g_i00"/>
		<set name="price" value="399100"/>
		<set name="type" value="OTHER"/>
		<set name="weight" value="590"/>
	</etcitem>
	<etcitem id="12504" name="Foundation Avadon Gloves">
		<set name="class" value="OTHER"/>
		<set name="ex_type" value="OTHER_ITEMS"/>
		<set name="crystal_type" value="B"/>
		<set name="crystallizable" value="true"/>
		<set name="icon" value="icon.armor_t59_g_i00"/>
		<set name="price" value="399100"/>
		<set name="type" value="OTHER"/>
		<set name="weight" value="590"/>
	</etcitem>
	<etcitem id="12505" name="Foundation Avadon Leather Armor">
		<set name="class" value="ARMOR"/>
		<set name="crystal_type" value="B"/>
		<set name="crystallizable" value="true"/>
		<set name="icon" value="icon.armor_t67_ul_i00"/>
		<set name="price" value="1946000"/>
		<set name="type" value="OTHER"/>
		<set name="weight" value="5600"/>
	</etcitem>
	<etcitem id="12506" name="Foundation Avadon Robe">
		<set name="class" value="ARMOR"/>
		<set name="crystal_type" value="B"/>
		<set name="crystallizable" value="true"/>
		<set name="icon" value="icon.armor_t59_ul_i00"/>
		<set name="price" value="1197000"/>
		<set name="type" value="OTHER"/>
		<set name="weight" value="2540"/>
	</etcitem>
	<etcitem id="12507" name="Foundation Avadon Boots">
		<set name="class" value="OTHER"/>
		<set name="ex_type" value="OTHER_ITEMS"/>
		<set name="crystal_type" value="B"/>
		<set name="crystallizable" value="true"/>
		<set name="icon" value="icon.armor_t66_b_i00"/>
		<set name="price" value="399100"/>
		<set name="type" value="OTHER"/>
		<set name="weight" value="1180"/>
	</etcitem>
	<etcitem id="12508" name="Foundation Avadon Boots">
		<set name="class" value="OTHER"/>
		<set name="ex_type" value="OTHER_ITEMS"/>
		<set name="crystal_type" value="B"/>
		<set name="crystallizable" value="true"/>
		<set name="icon" value="icon.armor_t67_b_i00"/>
		<set name="price" value="399100"/>
		<set name="type" value="OTHER"/>
		<set name="weight" value="1180"/>
	</etcitem>
	<etcitem id="12509" name="Foundation Avadon Boots">
		<set name="class" value="OTHER"/>
		<set name="ex_type" value="OTHER_ITEMS"/>
		<set name="crystal_type" value="B"/>
		<set name="crystallizable" value="true"/>
		<set name="icon" value="icon.armor_t59_b_i00"/>
		<set name="price" value="399100"/>
		<set name="type" value="OTHER"/>
		<set name="weight" value="1180"/>
	</etcitem>
	<etcitem id="12510" name="Foundation Avadon Circlet">
		<set name="class" value="ARMOR"/>
		<set name="crystal_type" value="B"/>
		<set name="crystallizable" value="true"/>
		<set name="icon" value="icon.armor_leather_helmet_i00"/>
		<set name="price" value="598600"/>
		<set name="type" value="OTHER"/>
		<set name="weight" value="590"/>
	</etcitem>
	<etcitem id="12511" name="Foundation Avadon Shield">
		<set name="class" value="ARMOR"/>
		<set name="crystal_type" value="B"/>
		<set name="crystallizable" value="true"/>
		<set name="icon" value="icon.shield_avadon_shield_i00"/>
		<set name="price" value="419000"/>
		<set name="type" value="OTHER"/>
		<set name="weight" value="1210"/>
	</etcitem>
	<etcitem id="12512" name="Foundation Avadon Gaiters">
		<set name="class" value="ARMOR"/>
		<set name="crystal_type" value="B"/>
		<set name="crystallizable" value="true"/>
		<set name="icon" value="icon.armor_t66_l_i00"/>
		<set name="price" value="997700"/>
		<set name="type" value="OTHER"/>
		<set name="weight" value="3520"/>
	</etcitem>
	<etcitem id="12513" name="Foundation Avadon Breastplate">
		<set name="class" value="ARMOR"/>
		<set name="crystal_type" value="B"/>
		<set name="crystallizable" value="true"/>
		<set name="icon" value="icon.armor_t66_u_i00"/>
		<set name="price" value="1596000"/>
		<set name="type" value="OTHER"/>
		<set name="weight" value="7920"/>
	</etcitem>
	<etcitem id="12514" name="Foundation Tunic of Zubei">
		<set name="class" value="ARMOR"/>
		<set name="crystal_type" value="B"/>
		<set name="crystallizable" value="true"/>
		<set name="icon" value="icon.armor_t56_u_i00"/>
		<set name="price" value="1197000"/>
		<set name="type" value="OTHER"/>
		<set name="weight" value="1960"/>
	</etcitem>
	<etcitem id="12515" name="Foundation Stockings of Zubei">
		<set name="class" value="ARMOR"/>
		<set name="crystal_type" value="B"/>
		<set name="crystallizable" value="true"/>
		<set name="icon" value="icon.armor_t56_l_i00"/>
		<set name="price" value="748300"/>
		<set name="type" value="OTHER"/>
		<set name="weight" value="940"/>
	</etcitem>
	<etcitem id="12516" name="Foundation Doom Gloves">
		<set name="class" value="OTHER"/>
		<set name="ex_type" value="OTHER_ITEMS"/>
		<set name="crystal_type" value="B"/>
		<set name="crystallizable" value="true"/>
		<set name="icon" value="icon.armor_t71_g_i00"/>
		<set name="price" value="618800"/>
		<set name="type" value="OTHER"/>
		<set name="weight" value="580"/>
	</etcitem>
	<etcitem id="12517" name="Foundation Doom Gloves">
		<set name="class" value="OTHER"/>
		<set name="ex_type" value="OTHER_ITEMS"/>
		<set name="crystal_type" value="B"/>
		<set name="crystallizable" value="true"/>
		<set name="icon" value="icon.armor_t72_g_i00"/>
		<set name="price" value="618800"/>
		<set name="type" value="OTHER"/>
		<set name="weight" value="580"/>
	</etcitem>
	<etcitem id="12518" name="Foundation Doom Gloves">
		<set name="class" value="OTHER"/>
		<set name="ex_type" value="OTHER_ITEMS"/>
		<set name="crystal_type" value="B"/>
		<set name="crystallizable" value="true"/>
		<set name="icon" value="icon.armor_t73_g_i00"/>
		<set name="price" value="618800"/>
		<set name="type" value="OTHER"/>
		<set name="weight" value="580"/>
	</etcitem>
	<etcitem id="12519" name="Foundation Doom Boots">
		<set name="class" value="OTHER"/>
		<set name="ex_type" value="OTHER_ITEMS"/>
		<set name="crystal_type" value="B"/>
		<set name="crystallizable" value="true"/>
		<set name="icon" value="icon.armor_t71_b_i00"/>
		<set name="price" value="618800"/>
		<set name="type" value="OTHER"/>
		<set name="weight" value="1130"/>
	</etcitem>
	<etcitem id="12520" name="Foundation Doom Boots">
		<set name="class" value="OTHER"/>
		<set name="ex_type" value="OTHER_ITEMS"/>
		<set name="crystal_type" value="B"/>
		<set name="crystallizable" value="true"/>
		<set name="icon" value="icon.armor_t72_b_i00"/>
		<set name="price" value="618800"/>
		<set name="type" value="OTHER"/>
		<set name="weight" value="1130"/>
	</etcitem>
	<etcitem id="12521" name="Foundation Doom Boots">
		<set name="class" value="OTHER"/>
		<set name="ex_type" value="OTHER_ITEMS"/>
		<set name="crystal_type" value="B"/>
		<set name="crystallizable" value="true"/>
		<set name="icon" value="icon.armor_t73_b_i00"/>
		<set name="price" value="618800"/>
		<set name="type" value="OTHER"/>
		<set name="weight" value="1130"/>
	</etcitem>
	<etcitem id="12522" name="Foundation Doom Shield">
		<set name="class" value="ARMOR"/>
		<set name="crystal_type" value="B"/>
		<set name="crystallizable" value="true"/>
		<set name="icon" value="icon.shield_doom_shield_i00"/>
		<set name="price" value="649800"/>
		<set name="type" value="OTHER"/>
		<set name="weight" value="1200"/>
	</etcitem>
	<etcitem id="12523" name="Foundation Doom Plate Armor">
		<set name="class" value="ARMOR"/>
		<set name="crystal_type" value="B"/>
		<set name="crystallizable" value="true"/>
		<set name="icon" value="icon.armor_t71_ul_i00"/>
		<set name="price" value="4022000"/>
		<set name="type" value="OTHER"/>
		<set name="weight" value="9980"/>
	</etcitem>
	<etcitem id="12524" name="Foundation Doom Helmet">
		<set name="class" value="ARMOR"/>
		<set name="crystal_type" value="B"/>
		<set name="crystallizable" value="true"/>
		<set name="icon" value="icon.armor_leather_helmet_i00"/>
		<set name="price" value="928300"/>
		<set name="type" value="OTHER"/>
		<set name="weight" value="580"/>
	</etcitem>
	<etcitem id="12525" name="Foundation Leather Armor of Doom">
		<set name="class" value="ARMOR"/>
		<set name="crystal_type" value="B"/>
		<set name="crystallizable" value="true"/>
		<set name="icon" value="icon.armor_t72_ul_i00"/>
		<set name="price" value="3017000"/>
		<set name="type" value="OTHER"/>
		<set name="weight" value="5500"/>
	</etcitem>
	<etcitem id="12526" name="Foundation Sealed Doom Gloves">
		<set name="class" value="ARMOR"/>
		<set name="crystal_type" value="B"/>
		<set name="crystallizable" value="true"/>
		<set name="icon" value="icon.armor_t71_g_i02"/>
		<set name="price" value="618800"/>
		<set name="type" value="OTHER"/>
		<set name="weight" value="580"/>
	</etcitem>
	<etcitem id="12527" name="Foundation Sealed Boots of Doom">
		<set name="class" value="ARMOR"/>
		<set name="crystal_type" value="B"/>
		<set name="crystallizable" value="true"/>
		<set name="icon" value="icon.armor_t71_b_i02"/>
		<set name="price" value="618800"/>
		<set name="type" value="OTHER"/>
		<set name="weight" value="1130"/>
	</etcitem>
	<etcitem id="12528" name="Foundation Sealed Blue Wolf Boots">
		<set name="class" value="ARMOR"/>
		<set name="crystal_type" value="B"/>
		<set name="crystallizable" value="true"/>
		<set name="icon" value="icon.armor_t68_b_i02"/>
		<set name="price" value="618800"/>
		<set name="type" value="OTHER"/>
		<set name="weight" value="1130"/>
	</etcitem>
	<etcitem id="12529" name="Foundation Sealed Blue Wolf Gloves">
		<set name="class" value="ARMOR"/>
		<set name="crystal_type" value="B"/>
		<set name="crystallizable" value="true"/>
		<set name="icon" value="icon.armor_t68_g_i02"/>
		<set name="price" value="618800"/>
		<set name="type" value="OTHER"/>
		<set name="weight" value="590"/>
	</etcitem>
	<etcitem id="12530" name="Foundation Tunic of Doom">
		<set name="class" value="ARMOR"/>
		<set name="crystal_type" value="B"/>
		<set name="crystallizable" value="true"/>
		<set name="icon" value="icon.armor_t73_u_i00"/>
		<set name="price" value="1857000"/>
		<set name="type" value="OTHER"/>
		<set name="weight" value="1900"/>
	</etcitem>
	<etcitem id="12531" name="Foundation Blue Wolf Gaiters">
		<set name="class" value="ARMOR"/>
		<set name="crystal_type" value="B"/>
		<set name="crystallizable" value="true"/>
		<set name="icon" value="icon.armor_t68_l_i00"/>
		<set name="price" value="1547100"/>
		<set name="type" value="OTHER"/>
		<set name="weight" value="3370"/>
	</etcitem>
	<etcitem id="12532" name="Foundation Blue Wolf Leather Armor">
		<set name="class" value="ARMOR"/>
		<set name="crystal_type" value="B"/>
		<set name="crystallizable" value="true"/>
		<set name="icon" value="icon.armor_t69_ul_i00"/>
		<set name="price" value="3017000"/>
		<set name="type" value="OTHER"/>
		<set name="weight" value="5500"/>
	</etcitem>
	<etcitem id="12533" name="Foundation Blue Wolf Boots">
		<set name="class" value="OTHER"/>
		<set name="ex_type" value="OTHER_ITEMS"/>
		<set name="crystal_type" value="B"/>
		<set name="crystallizable" value="true"/>
		<set name="icon" value="icon.armor_t68_b_i00"/>
		<set name="price" value="618800"/>
		<set name="type" value="OTHER"/>
		<set name="weight" value="1130"/>
	</etcitem>
	<etcitem id="12534" name="Foundation Blue Wolf Boots">
		<set name="class" value="OTHER"/>
		<set name="ex_type" value="OTHER_ITEMS"/>
		<set name="crystal_type" value="B"/>
		<set name="crystallizable" value="true"/>
		<set name="icon" value="icon.armor_t69_b_i00"/>
		<set name="price" value="618800"/>
		<set name="type" value="OTHER"/>
		<set name="weight" value="1130"/>
	</etcitem>
	<etcitem id="12535" name="Foundation Blue Wolf Boots">
		<set name="class" value="OTHER"/>
		<set name="ex_type" value="OTHER_ITEMS"/>
		<set name="crystal_type" value="B"/>
		<set name="crystallizable" value="true"/>
		<set name="icon" value="icon.armor_t70_b_i00"/>
		<set name="price" value="618800"/>
		<set name="type" value="OTHER"/>
		<set name="weight" value="1130"/>
	</etcitem>
	<etcitem id="12536" name="Foundation Blue Wolf Gloves">
		<set name="class" value="OTHER"/>
		<set name="ex_type" value="OTHER_ITEMS"/>
		<set name="crystal_type" value="B"/>
		<set name="crystallizable" value="true"/>
		<set name="icon" value="icon.armor_t68_g_i00"/>
		<set name="price" value="618800"/>
		<set name="type" value="OTHER"/>
		<set name="weight" value="590"/>
	</etcitem>
	<etcitem id="12537" name="Foundation Blue Wolf Gloves">
		<set name="class" value="OTHER"/>
		<set name="ex_type" value="OTHER_ITEMS"/>
		<set name="crystal_type" value="B"/>
		<set name="crystallizable" value="true"/>
		<set name="icon" value="icon.armor_t69_g_i00"/>
		<set name="price" value="618800"/>
		<set name="type" value="OTHER"/>
		<set name="weight" value="590"/>
	</etcitem>
	<etcitem id="12538" name="Foundation Blue Wolf Gloves">
		<set name="class" value="OTHER"/>
		<set name="ex_type" value="OTHER_ITEMS"/>
		<set name="crystal_type" value="B"/>
		<set name="crystallizable" value="true"/>
		<set name="icon" value="icon.armor_t70_g_i00"/>
		<set name="price" value="618800"/>
		<set name="type" value="OTHER"/>
		<set name="weight" value="590"/>
	</etcitem>
	<etcitem id="12539" name="Foundation Blue Wolf Tunic">
		<set name="class" value="ARMOR"/>
		<set name="crystal_type" value="B"/>
		<set name="crystallizable" value="true"/>
		<set name="icon" value="icon.armor_t70_u_i00"/>
		<set name="price" value="1857000"/>
		<set name="type" value="OTHER"/>
		<set name="weight" value="1920"/>
	</etcitem>
	<etcitem id="12540" name="Foundation Blue Wolf Helmet">
		<set name="class" value="ARMOR"/>
		<set name="crystal_type" value="B"/>
		<set name="crystallizable" value="true"/>
		<set name="icon" value="icon.armor_leather_helmet_i00"/>
		<set name="price" value="928300"/>
		<set name="type" value="OTHER"/>
		<set name="weight" value="580"/>
	</etcitem>
	<etcitem id="12541" name="Foundation Blue Wolf Stockings">
		<set name="class" value="ARMOR"/>
		<set name="crystal_type" value="B"/>
		<set name="crystallizable" value="true"/>
		<set name="icon" value="icon.armor_t70_l_i00"/>
		<set name="price" value="1160300"/>
		<set name="type" value="OTHER"/>
		<set name="weight" value="920"/>
	</etcitem>
	<etcitem id="12542" name="Foundation Blue Wolf Breastplate">
		<set name="class" value="ARMOR"/>
		<set name="crystal_type" value="B"/>
		<set name="crystallizable" value="true"/>
		<set name="icon" value="icon.armor_t68_u_i00"/>
		<set name="price" value="2475000"/>
		<set name="type" value="OTHER"/>
		<set name="weight" value="7820"/>
	</etcitem>
	<etcitem id="12543" name="Foundation Stockings of Doom">
		<set name="class" value="ARMOR"/>
		<set name="crystal_type" value="B"/>
		<set name="crystallizable" value="true"/>
		<set name="icon" value="icon.armor_t73_l_i00"/>
		<set name="price" value="1160300"/>
		<set name="type" value="OTHER"/>
		<set name="weight" value="910"/>
	</etcitem>
	<etcitem id="12544" name="Foundation Dark Crystal Gaiters">
		<set name="class" value="OTHER"/>
		<set name="ex_type" value="OTHER_ITEMS"/>
		<set name="crystal_type" value="A"/>
		<set name="crystallizable" value="true"/>
		<set name="icon" value="icon.armor_t74_l_i00"/>
		<set name="price" value="3562000"/>
		<set name="type" value="OTHER"/>
		<set name="weight" value="3320"/>
	</etcitem>
	<etcitem id="12545" name="Foundation Dark Crystal Gloves">
		<set name="class" value="OTHER"/>
		<set name="ex_type" value="OTHER_ITEMS"/>
		<set name="crystal_type" value="A"/>
		<set name="crystallizable" value="true"/>
		<set name="icon" value="icon.armor_t74_g_i00"/>
		<set name="price" value="890000"/>
		<set name="type" value="OTHER"/>
		<set name="weight" value="580"/>
	</etcitem>
	<etcitem id="12546" name="Foundation Dark Crystal Gloves">
		<set name="class" value="OTHER"/>
		<set name="ex_type" value="OTHER_ITEMS"/>
		<set name="crystal_type" value="A"/>
		<set name="crystallizable" value="true"/>
		<set name="icon" value="icon.armor_t75_g_i00"/>
		<set name="price" value="890000"/>
		<set name="type" value="OTHER"/>
		<set name="weight" value="580"/>
	</etcitem>
	<etcitem id="12547" name="Foundation Dark Crystal Gloves">
		<set name="class" value="OTHER"/>
		<set name="ex_type" value="OTHER_ITEMS"/>
		<set name="crystal_type" value="A"/>
		<set name="crystallizable" value="true"/>
		<set name="icon" value="icon.armor_t76_g_i00"/>
		<set name="price" value="890000"/>
		<set name="type" value="OTHER"/>
		<set name="weight" value="580"/>
	</etcitem>
	<etcitem id="12548" name="Foundation Dark Crystal Leather Armor">
		<set name="class" value="OTHER"/>
		<set name="ex_type" value="OTHER_ITEMS"/>
		<set name="crystal_type" value="A"/>
		<set name="crystallizable" value="true"/>
		<set name="icon" value="icon.armor_t75_u_i00"/>
		<set name="price" value="2671000"/>
		<set name="type" value="OTHER"/>
		<set name="weight" value="4300"/>
	</etcitem>
	<etcitem id="12549" name="Foundation Dark Crystal Robe">
		<set name="class" value="OTHER"/>
		<set name="ex_type" value="OTHER_ITEMS"/>
		<set name="crystal_type" value="A"/>
		<set name="crystallizable" value="true"/>
		<set name="icon" value="icon.armor_t76_ul_i00"/>
		<set name="price" value="4341000"/>
		<set name="type" value="OTHER"/>
		<set name="weight" value="2450"/>
	</etcitem>
	<etcitem id="12550" name="Foundation Dark Crystal Boots">
		<set name="class" value="OTHER"/>
		<set name="ex_type" value="OTHER_ITEMS"/>
		<set name="crystal_type" value="A"/>
		<set name="crystallizable" value="true"/>
		<set name="icon" value="icon.armor_t74_b_i00"/>
		<set name="price" value="890000"/>
		<set name="type" value="OTHER"/>
		<set name="weight" value="1110"/>
	</etcitem>
	<etcitem id="12551" name="Foundation Dark Crystal Boots">
		<set name="class" value="OTHER"/>
		<set name="ex_type" value="OTHER_ITEMS"/>
		<set name="crystal_type" value="A"/>
		<set name="crystallizable" value="true"/>
		<set name="icon" value="icon.armor_t75_b_i00"/>
		<set name="price" value="890000"/>
		<set name="type" value="OTHER"/>
		<set name="weight" value="1110"/>
	</etcitem>
	<etcitem id="12552" name="Foundation Dark Crystal Boots">
		<set name="class" value="OTHER"/>
		<set name="ex_type" value="OTHER_ITEMS"/>
		<set name="crystal_type" value="A"/>
		<set name="crystallizable" value="true"/>
		<set name="icon" value="icon.armor_t76_b_i00"/>
		<set name="price" value="890000"/>
		<set name="type" value="OTHER"/>
		<set name="weight" value="1110"/>
	</etcitem>
	<etcitem id="12553" name="Foundation Dark Crystal Shield">
		<set name="class" value="ARMOR"/>
		<set name="crystal_type" value="A"/>
		<set name="crystallizable" value="true"/>
		<set name="icon" value="icon.shield_dark_crystal_shield_i00"/>
		<set name="price" value="1336000"/>
		<set name="type" value="OTHER"/>
		<set name="weight" value="1190"/>
	</etcitem>
	<etcitem id="12554" name="Foundation Dark Crystal Helmet">
		<set name="class" value="OTHER"/>
		<set name="ex_type" value="OTHER_ITEMS"/>
		<set name="crystal_type" value="A"/>
		<set name="crystallizable" value="true"/>
		<set name="icon" value="icon.armor_helmet_i00"/>
		<set name="price" value="1336000"/>
		<set name="type" value="OTHER"/>
		<set name="weight" value="570"/>
	</etcitem>
	<etcitem id="12555" name="Foundation Dark Crystal Breastplate">
		<set name="class" value="OTHER"/>
		<set name="ex_type" value="OTHER_ITEMS"/>
		<set name="crystal_type" value="A"/>
		<set name="crystallizable" value="true"/>
		<set name="icon" value="icon.armor_t74_u_i00"/>
		<set name="price" value="3562000"/>
		<set name="type" value="OTHER"/>
		<set name="weight" value="7700"/>
	</etcitem>
	<etcitem id="12556" name="Foundation Dark Crystal Leggings">
		<set name="class" value="OTHER"/>
		<set name="ex_type" value="OTHER_ITEMS"/>
		<set name="crystal_type" value="A"/>
		<set name="crystallizable" value="true"/>
		<set name="icon" value="icon.armor_t75_l_i00"/>
		<set name="price" value="1670000"/>
		<set name="type" value="OTHER"/>
		<set name="weight" value="1480"/>
	</etcitem>
	<etcitem id="12557" name="Foundation Sealed Dark Crystal Gaiters">
		<set name="class" value="ARMOR"/>
		<set name="crystal_type" value="A"/>
		<set name="crystallizable" value="true"/>
		<set name="icon" value="icon.armor_t74_l_i02"/>
		<set name="price" value="2226000"/>
		<set name="type" value="OTHER"/>
		<set name="weight" value="3320"/>
	</etcitem>
	<etcitem id="12558" name="Foundation Sealed Dark Crystal Gloves">
		<set name="class" value="ARMOR"/>
		<set name="crystal_type" value="A"/>
		<set name="crystallizable" value="true"/>
		<set name="icon" value="icon.armor_t74_g_i02"/>
		<set name="price" value="890000"/>
		<set name="type" value="OTHER"/>
		<set name="weight" value="580"/>
	</etcitem>
	<etcitem id="12559" name="Foundation Sealed Dark Crystal Leather Armor">
		<set name="class" value="ARMOR"/>
		<set name="crystal_type" value="A"/>
		<set name="crystallizable" value="true"/>
		<set name="icon" value="icon.armor_t75_u_i02"/>
		<set name="price" value="2671000"/>
		<set name="type" value="OTHER"/>
		<set name="weight" value="4300"/>
	</etcitem>
	<etcitem id="12560" name="Foundation Dark Crystal Robe">
		<set name="class" value="ARMOR"/>
		<set name="crystal_type" value="A"/>
		<set name="crystallizable" value="true"/>
		<set name="icon" value="icon.armor_t76_ul_i02"/>
		<set name="price" value="4341000"/>
		<set name="type" value="OTHER"/>
		<set name="weight" value="2450"/>
	</etcitem>
	<etcitem id="12561" name="Foundation Sealed Dark Crystal Boots">
		<set name="class" value="ARMOR"/>
		<set name="crystal_type" value="A"/>
		<set name="crystallizable" value="true"/>
		<set name="icon" value="icon.armor_t74_b_i02"/>
		<set name="price" value="890000"/>
		<set name="type" value="OTHER"/>
		<set name="weight" value="1110"/>
	</etcitem>
	<etcitem id="12562" name="Foundation Sealed Dark Crystal Shield">
		<set name="class" value="ARMOR"/>
		<set name="crystal_type" value="A"/>
		<set name="crystallizable" value="true"/>
		<set name="icon" value="icon.shield_dark_crystal_shield_i02"/>
		<set name="price" value="935000"/>
		<set name="type" value="OTHER"/>
		<set name="weight" value="1190"/>
	</etcitem>
	<etcitem id="12563" name="Foundation Sealed Dark Crystal Helmet">
		<set name="class" value="ARMOR"/>
		<set name="crystal_type" value="A"/>
		<set name="crystallizable" value="true"/>
		<set name="icon" value="icon.armor_helmet_i02"/>
		<set name="price" value="1336000"/>
		<set name="type" value="OTHER"/>
		<set name="weight" value="570"/>
	</etcitem>
	<etcitem id="12564" name="Foundation Sealed Dark Crystal Breastplate">
		<set name="class" value="ARMOR"/>
		<set name="crystal_type" value="A"/>
		<set name="crystallizable" value="true"/>
		<set name="icon" value="icon.armor_t74_u_i02"/>
		<set name="price" value="3562000"/>
		<set name="type" value="OTHER"/>
		<set name="weight" value="7700"/>
	</etcitem>
	<etcitem id="12565" name="Foundation Sealed Dark Crystal Leggings">
		<set name="class" value="ARMOR"/>
		<set name="crystal_type" value="A"/>
		<set name="crystallizable" value="true"/>
		<set name="icon" value="icon.armor_t75_l_i02"/>
		<set name="price" value="2671000"/>
		<set name="type" value="OTHER"/>
		<set name="weight" value="1480"/>
	</etcitem>
	<etcitem id="12566" name="Foundation Sealed Tallum Gloves">
		<set name="class" value="ARMOR"/>
		<set name="crystal_type" value="A"/>
		<set name="crystallizable" value="true"/>
		<set name="icon" value="icon.armor_t77_g_i02"/>
		<set name="price" value="890000"/>
		<set name="type" value="OTHER"/>
		<set name="weight" value="580"/>
	</etcitem>
	<etcitem id="12567" name="Foundation Sealed Tallum Leather Armor">
		<set name="class" value="ARMOR"/>
		<set name="crystal_type" value="A"/>
		<set name="crystallizable" value="true"/>
		<set name="icon" value="icon.armor_t78_ul_i02"/>
		<set name="price" value="4341000"/>
		<set name="type" value="OTHER"/>
		<set name="weight" value="5400"/>
	</etcitem>
	<etcitem id="12568" name="Foundation Sealed Tallum Boots">
		<set name="class" value="ARMOR"/>
		<set name="crystal_type" value="A"/>
		<set name="crystallizable" value="true"/>
		<set name="icon" value="icon.armor_t77_b_i02"/>
		<set name="price" value="890000"/>
		<set name="type" value="OTHER"/>
		<set name="weight" value="1130"/>
	</etcitem>
	<etcitem id="12569" name="Foundation Sealed Tallum Tunic">
		<set name="class" value="ARMOR"/>
		<set name="crystal_type" value="A"/>
		<set name="crystallizable" value="true"/>
		<set name="icon" value="icon.armor_t79_u_i02"/>
		<set name="price" value="2671000"/>
		<set name="type" value="OTHER"/>
		<set name="weight" value="1860"/>
	</etcitem>
	<etcitem id="12570" name="Foundation Sealed Tallum Plate Armor">
		<set name="class" value="ARMOR"/>
		<set name="crystal_type" value="A"/>
		<set name="crystallizable" value="true"/>
		<set name="icon" value="icon.armor_t77_ul_i02"/>
		<set name="price" value="5788000"/>
		<set name="type" value="OTHER"/>
		<set name="weight" value="9780"/>
	</etcitem>
	<etcitem id="12571" name="Foundation Sealed Tallum Helmet">
		<set name="class" value="ARMOR"/>
		<set name="crystal_type" value="A"/>
		<set name="crystallizable" value="true"/>
		<set name="icon" value="icon.armor_helmet_i02"/>
		<set name="price" value="1336000"/>
		<set name="type" value="OTHER"/>
		<set name="weight" value="570"/>
	</etcitem>
	<etcitem id="12572" name="Foundation Sealed Tallum Stockings">
		<set name="class" value="ARMOR"/>
		<set name="crystal_type" value="A"/>
		<set name="crystallizable" value="true"/>
		<set name="icon" value="icon.armor_t79_l_i02"/>
		<set name="price" value="1670000"/>
		<set name="type" value="OTHER"/>
		<set name="weight" value="920"/>
	</etcitem>
	<etcitem id="12573" name="(Not In Use) Chaotic Holy Spirit's Cloak">
		<set name="class" value="OTHER"/>
		<set name="ex_type" value="OTHER_ITEMS"/>
		<set name="crystal_type" value="A"/>
		<set name="crystallizable" value="true"/>
		<set name="icon" value="icon.armor_back09"/>
		<set name="price" value="1160000"/>
		<set name="type" value="OTHER"/>
		<set name="weight" value="220"/>
	</etcitem>
	<etcitem id="12574" name="Foundation Tallum Gloves">
		<set name="class" value="OTHER"/>
		<set name="ex_type" value="OTHER_ITEMS"/>
		<set name="crystal_type" value="A"/>
		<set name="crystallizable" value="true"/>
		<set name="icon" value="icon.armor_t77_g_i00"/>
		<set name="price" value="890000"/>
		<set name="type" value="OTHER"/>
		<set name="weight" value="580"/>
	</etcitem>
	<etcitem id="12575" name="Foundation Tallum Gloves">
		<set name="class" value="OTHER"/>
		<set name="ex_type" value="OTHER_ITEMS"/>
		<set name="crystal_type" value="A"/>
		<set name="crystallizable" value="true"/>
		<set name="icon" value="icon.armor_t78_g_i00"/>
		<set name="price" value="890000"/>
		<set name="type" value="OTHER"/>
		<set name="weight" value="580"/>
	</etcitem>
	<etcitem id="12576" name="Foundation Tallum Gloves">
		<set name="class" value="OTHER"/>
		<set name="ex_type" value="OTHER_ITEMS"/>
		<set name="crystal_type" value="A"/>
		<set name="crystallizable" value="true"/>
		<set name="icon" value="icon.armor_t79_g_i00"/>
		<set name="price" value="890000"/>
		<set name="type" value="OTHER"/>
		<set name="weight" value="580"/>
	</etcitem>
	<etcitem id="12577" name="Foundation Tallum Leather Armor">
		<set name="class" value="OTHER"/>
		<set name="ex_type" value="OTHER_ITEMS"/>
		<set name="crystal_type" value="A"/>
		<set name="crystallizable" value="true"/>
		<set name="icon" value="icon.armor_t78_ul_i00"/>
		<set name="price" value="4341000"/>
		<set name="type" value="OTHER"/>
		<set name="weight" value="5400"/>
	</etcitem>
	<etcitem id="12578" name="Foundation Tallum Boots">
		<set name="class" value="OTHER"/>
		<set name="ex_type" value="OTHER_ITEMS"/>
		<set name="crystal_type" value="A"/>
		<set name="crystallizable" value="true"/>
		<set name="icon" value="icon.armor_t77_b_i00"/>
		<set name="price" value="890000"/>
		<set name="type" value="OTHER"/>
		<set name="weight" value="1130"/>
	</etcitem>
	<etcitem id="12579" name="Foundation Tallum Boots">
		<set name="class" value="OTHER"/>
		<set name="ex_type" value="OTHER_ITEMS"/>
		<set name="crystal_type" value="A"/>
		<set name="crystallizable" value="true"/>
		<set name="icon" value="icon.armor_t78_b_i00"/>
		<set name="price" value="890000"/>
		<set name="type" value="OTHER"/>
		<set name="weight" value="1130"/>
	</etcitem>
	<etcitem id="12580" name="Foundation Tallum Boots">
		<set name="class" value="OTHER"/>
		<set name="ex_type" value="OTHER_ITEMS"/>
		<set name="crystal_type" value="A"/>
		<set name="crystallizable" value="true"/>
		<set name="icon" value="icon.armor_t79_b_i00"/>
		<set name="price" value="890000"/>
		<set name="type" value="OTHER"/>
		<set name="weight" value="1130"/>
	</etcitem>
	<etcitem id="12581" name="Foundation Tallum Tunic">
		<set name="class" value="OTHER"/>
		<set name="ex_type" value="OTHER_ITEMS"/>
		<set name="crystal_type" value="A"/>
		<set name="crystallizable" value="true"/>
		<set name="icon" value="icon.armor_t79_u_i00"/>
		<set name="price" value="2671000"/>
		<set name="type" value="OTHER"/>
		<set name="weight" value="1860"/>
	</etcitem>
	<etcitem id="12582" name="Foundation Tallum Plate Armor">
		<set name="class" value="OTHER"/>
		<set name="ex_type" value="OTHER_ITEMS"/>
		<set name="crystal_type" value="A"/>
		<set name="crystallizable" value="true"/>
		<set name="icon" value="icon.armor_t77_ul_i00"/>
		<set name="price" value="5788000"/>
		<set name="type" value="OTHER"/>
		<set name="weight" value="9780"/>
	</etcitem>
	<etcitem id="12583" name="Foundation Tallum Helmet">
		<set name="class" value="OTHER"/>
		<set name="ex_type" value="OTHER_ITEMS"/>
		<set name="crystal_type" value="A"/>
		<set name="crystallizable" value="true"/>
		<set name="icon" value="icon.armor_helmet_i00"/>
		<set name="price" value="1336000"/>
		<set name="type" value="OTHER"/>
		<set name="weight" value="570"/>
	</etcitem>
	<etcitem id="12584" name="Foundation Tallum Stockings">
		<set name="class" value="OTHER"/>
		<set name="ex_type" value="OTHER_ITEMS"/>
		<set name="crystal_type" value="A"/>
		<set name="crystallizable" value="true"/>
		<set name="icon" value="icon.armor_t79_l_i00"/>
		<set name="price" value="1670000"/>
		<set name="type" value="OTHER"/>
		<set name="weight" value="920"/>
	</etcitem>
	<etcitem id="12585" name="Foundation Majestic Gauntlet">
		<set name="class" value="OTHER"/>
		<set name="ex_type" value="OTHER_ITEMS"/>
		<set name="crystal_type" value="A"/>
		<set name="crystallizable" value="true"/>
		<set name="icon" value="icon.armor_t83_g_i00"/>
		<set name="price" value="1355000"/>
		<set name="type" value="OTHER"/>
		<set name="weight" value="540"/>
	</etcitem>
	<etcitem id="12586" name="Foundation Majestic Gauntlet">
		<set name="class" value="OTHER"/>
		<set name="ex_type" value="OTHER_ITEMS"/>
		<set name="crystal_type" value="A"/>
		<set name="crystallizable" value="true"/>
		<set name="icon" value="icon.armor_t84_g_i00"/>
		<set name="price" value="1355000"/>
		<set name="type" value="OTHER"/>
		<set name="weight" value="540"/>
	</etcitem>
	<etcitem id="12587" name="Foundation Majestic Gauntlet">
		<set name="class" value="OTHER"/>
		<set name="ex_type" value="OTHER_ITEMS"/>
		<set name="crystal_type" value="A"/>
		<set name="crystallizable" value="true"/>
		<set name="icon" value="icon.armor_t85_g_i00"/>
		<set name="price" value="1355000"/>
		<set name="type" value="OTHER"/>
		<set name="weight" value="540"/>
	</etcitem>
	<etcitem id="12588" name="Foundation Majestic Leather Armor">
		<set name="class" value="OTHER"/>
		<set name="ex_type" value="OTHER_ITEMS"/>
		<set name="crystal_type" value="A"/>
		<set name="crystallizable" value="true"/>
		<set name="icon" value="icon.armor_t84_ul_i00"/>
		<set name="price" value="6603000"/>
		<set name="type" value="OTHER"/>
		<set name="weight" value="5350"/>
	</etcitem>
	<etcitem id="12589" name="Foundation Majestic Robe">
		<set name="class" value="OTHER"/>
		<set name="ex_type" value="OTHER_ITEMS"/>
		<set name="crystal_type" value="A"/>
		<set name="crystallizable" value="true"/>
		<set name="icon" value="icon.armor_t85_ul_i00"/>
		<set name="price" value="6603000"/>
		<set name="type" value="OTHER"/>
		<set name="weight" value="2330"/>
	</etcitem>
	<etcitem id="12590" name="Foundation Majestic Boots">
		<set name="class" value="OTHER"/>
		<set name="ex_type" value="OTHER_ITEMS"/>
		<set name="crystal_type" value="A"/>
		<set name="crystallizable" value="true"/>
		<set name="icon" value="icon.armor_t83_b_i00"/>
		<set name="price" value="1355000"/>
		<set name="type" value="OTHER"/>
		<set name="weight" value="1110"/>
	</etcitem>
	<etcitem id="12591" name="Foundation Majestic Boots">
		<set name="class" value="OTHER"/>
		<set name="ex_type" value="OTHER_ITEMS"/>
		<set name="crystal_type" value="A"/>
		<set name="crystallizable" value="true"/>
		<set name="icon" value="icon.armor_t84_b_i00"/>
		<set name="price" value="1355000"/>
		<set name="type" value="OTHER"/>
		<set name="weight" value="1110"/>
	</etcitem>
	<etcitem id="12592" name="Foundation Majestic Boots">
		<set name="class" value="OTHER"/>
		<set name="ex_type" value="OTHER_ITEMS"/>
		<set name="crystal_type" value="A"/>
		<set name="crystallizable" value="true"/>
		<set name="icon" value="icon.armor_t85_b_i00"/>
		<set name="price" value="1355000"/>
		<set name="type" value="OTHER"/>
		<set name="weight" value="1110"/>
	</etcitem>
	<etcitem id="12593" name="Foundation Majestic Circlet">
		<set name="class" value="OTHER"/>
		<set name="ex_type" value="OTHER_ITEMS"/>
		<set name="crystal_type" value="A"/>
		<set name="crystallizable" value="true"/>
		<set name="icon" value="icon.armor_leather_helmet_i00"/>
		<set name="price" value="2032000"/>
		<set name="type" value="OTHER"/>
		<set name="weight" value="550"/>
	</etcitem>
	<etcitem id="12594" name="Foundation Majestic Plate Armor">
		<set name="class" value="OTHER"/>
		<set name="ex_type" value="OTHER_ITEMS"/>
		<set name="crystal_type" value="A"/>
		<set name="crystallizable" value="true"/>
		<set name="icon" value="icon.armor_t83_ul_i00"/>
		<set name="price" value="8804000"/>
		<set name="type" value="OTHER"/>
		<set name="weight" value="9200"/>
	</etcitem>
	<etcitem id="12595" name="Foundation Sealed Majestic Gauntlet">
		<set name="class" value="ARMOR"/>
		<set name="crystal_type" value="A"/>
		<set name="crystallizable" value="true"/>
		<set name="icon" value="icon.armor_t83_g_i02"/>
		<set name="price" value="1355000"/>
		<set name="type" value="OTHER"/>
		<set name="weight" value="540"/>
	</etcitem>
	<etcitem id="12596" name="Foundation Sealed Majestic Leather Armor">
		<set name="class" value="ARMOR"/>
		<set name="crystal_type" value="A"/>
		<set name="crystallizable" value="true"/>
		<set name="icon" value="icon.armor_t84_ul_i02"/>
		<set name="price" value="6603000"/>
		<set name="type" value="OTHER"/>
		<set name="weight" value="5350"/>
	</etcitem>
	<etcitem id="12597" name="Foundation Sealed Majestic Robe">
		<set name="class" value="ARMOR"/>
		<set name="crystal_type" value="A"/>
		<set name="crystallizable" value="true"/>
		<set name="icon" value="icon.armor_t85_ul_i02"/>
		<set name="price" value="6603000"/>
		<set name="type" value="OTHER"/>
		<set name="weight" value="2330"/>
	</etcitem>
	<etcitem id="12598" name="Foundation Sealed Majestic Boots">
		<set name="class" value="ARMOR"/>
		<set name="crystal_type" value="A"/>
		<set name="crystallizable" value="true"/>
		<set name="icon" value="icon.armor_t83_b_i02"/>
		<set name="price" value="1355000"/>
		<set name="type" value="OTHER"/>
		<set name="weight" value="1110"/>
	</etcitem>
	<etcitem id="12599" name="Foundation Sealed Majestic Circlet">
		<set name="class" value="ARMOR"/>
		<set name="crystal_type" value="A"/>
		<set name="crystallizable" value="true"/>
		<set name="icon" value="icon.armor_leather_helmet_i02"/>
		<set name="price" value="2032000"/>
		<set name="type" value="OTHER"/>
		<set name="weight" value="550"/>
	</etcitem>
</list>
