<?xml version="1.0" encoding="UTF-8"?>
<!DOCTYPE list SYSTEM "item.dtd">
<list>
	<etcitem id="12600" name="Foundation Sealed Majestic Plate Armor">
		<set name="class" value="ARMOR"/>
		<set name="crystal_type" value="A"/>
		<set name="crystallizable" value="true"/>
		<set name="icon" value="icon.armor_t83_ul_i02"/>
		<set name="price" value="8804000"/>
		<set name="type" value="OTHER"/>
		<set name="weight" value="9200"/>
	</etcitem>
	<etcitem id="12601" name="Foundation Sealed Armor of Nightmare">
		<set name="class" value="ARMOR"/>
		<set name="crystal_type" value="A"/>
		<set name="crystallizable" value="true"/>
		<set name="icon" value="icon.armor_t80_ul_i02"/>
		<set name="price" value="8804000"/>
		<set name="type" value="OTHER"/>
		<set name="weight" value="9580"/>
	</etcitem>
	<etcitem id="12602" name="Foundation Sealed Gauntlet of Nightmare">
		<set name="class" value="OTHER"/>
		<set name="ex_type" value="OTHER_ITEMS"/>
		<set name="crystal_type" value="A"/>
		<set name="crystallizable" value="true"/>
		<set name="icon" value="icon.armor_t80_g_i02"/>
		<set name="price" value="1355000"/>
		<set name="type" value="OTHER"/>
		<set name="weight" value="550"/>
	</etcitem>
	<etcitem id="12603" name="Foundation Sealed Leather Armor of Nightmare">
		<set name="class" value="ARMOR"/>
		<set name="crystal_type" value="A"/>
		<set name="crystallizable" value="true"/>
		<set name="icon" value="icon.armor_t81_ul_i02"/>
		<set name="price" value="6603000"/>
		<set name="type" value="OTHER"/>
		<set name="weight" value="5300"/>
	</etcitem>
	<etcitem id="12604" name="Foundation Sealed Nightmare Robe">
		<set name="class" value="ARMOR"/>
		<set name="crystal_type" value="A"/>
		<set name="crystallizable" value="true"/>
		<set name="icon" value="icon.armor_t82_ul_i02"/>
		<set name="price" value="6603000"/>
		<set name="type" value="OTHER"/>
		<set name="weight" value="2300"/>
	</etcitem>
	<etcitem id="12605" name="Foundation Sealed Boots of Nightmare">
		<set name="class" value="ARMOR"/>
		<set name="crystal_type" value="A"/>
		<set name="crystallizable" value="true"/>
		<set name="icon" value="icon.armor_t80_b_i02"/>
		<set name="price" value="1355000"/>
		<set name="type" value="OTHER"/>
		<set name="weight" value="1110"/>
	</etcitem>
	<etcitem id="12606" name="Foundation Sealed Shield of Nightmare">
		<set name="class" value="ARMOR"/>
		<set name="crystal_type" value="A"/>
		<set name="crystallizable" value="true"/>
		<set name="icon" value="icon.shield_shield_of_nightmare_i02"/>
		<set name="price" value="1422000"/>
		<set name="type" value="OTHER"/>
		<set name="weight" value="1180"/>
	</etcitem>
	<etcitem id="12607" name="Foundation Sealed Helm of Nightmare">
		<set name="class" value="ARMOR"/>
		<set name="crystal_type" value="A"/>
		<set name="crystallizable" value="true"/>
		<set name="icon" value="icon.armor_leather_helmet_i02"/>
		<set name="price" value="2032000"/>
		<set name="type" value="OTHER"/>
		<set name="weight" value="560"/>
	</etcitem>
	<etcitem id="12608" name="Foundation Armor of Nightmare">
		<set name="class" value="OTHER"/>
		<set name="ex_type" value="OTHER_ITEMS"/>
		<set name="crystal_type" value="A"/>
		<set name="crystallizable" value="true"/>
		<set name="icon" value="icon.armor_t80_ul_i00"/>
		<set name="price" value="8804000"/>
		<set name="type" value="OTHER"/>
		<set name="weight" value="9580"/>
	</etcitem>
	<etcitem id="12609" name="Foundation Gauntlet of Nightmare">
		<set name="class" value="ARMOR"/>
		<set name="crystal_type" value="A"/>
		<set name="crystallizable" value="true"/>
		<set name="icon" value="icon.armor_t80_g_i00"/>
		<set name="price" value="1355000"/>
		<set name="type" value="OTHER"/>
		<set name="weight" value="550"/>
	</etcitem>
	<etcitem id="12610" name="Foundation Gauntlet of Nightmare">
		<set name="class" value="OTHER"/>
		<set name="ex_type" value="OTHER_ITEMS"/>
		<set name="crystal_type" value="A"/>
		<set name="crystallizable" value="true"/>
		<set name="icon" value="icon.armor_t81_g_i00"/>
		<set name="price" value="1355000"/>
		<set name="type" value="OTHER"/>
		<set name="weight" value="550"/>
	</etcitem>
	<etcitem id="12611" name="Foundation Gauntlet of Nightmare">
		<set name="class" value="OTHER"/>
		<set name="ex_type" value="OTHER_ITEMS"/>
		<set name="crystal_type" value="A"/>
		<set name="crystallizable" value="true"/>
		<set name="icon" value="icon.armor_t82_g_i00"/>
		<set name="price" value="1355000"/>
		<set name="type" value="OTHER"/>
		<set name="weight" value="550"/>
	</etcitem>
	<etcitem id="12612" name="Foundation Nightmarish Leather Armor">
		<set name="class" value="OTHER"/>
		<set name="ex_type" value="OTHER_ITEMS"/>
		<set name="crystal_type" value="A"/>
		<set name="crystallizable" value="true"/>
		<set name="icon" value="icon.armor_t81_ul_i00"/>
		<set name="price" value="6603000"/>
		<set name="type" value="OTHER"/>
		<set name="weight" value="5300"/>
	</etcitem>
	<etcitem id="12613" name="Foundation Nightmare Robe">
		<set name="class" value="OTHER"/>
		<set name="ex_type" value="OTHER_ITEMS"/>
		<set name="crystal_type" value="A"/>
		<set name="crystallizable" value="true"/>
		<set name="icon" value="icon.armor_t82_ul_i00"/>
		<set name="price" value="6603000"/>
		<set name="type" value="OTHER"/>
		<set name="weight" value="2300"/>
	</etcitem>
	<etcitem id="12614" name="Foundation Boots of Nightmare">
		<set name="class" value="OTHER"/>
		<set name="ex_type" value="OTHER_ITEMS"/>
		<set name="crystal_type" value="A"/>
		<set name="crystallizable" value="true"/>
		<set name="icon" value="icon.armor_t80_b_i00"/>
		<set name="price" value="1355000"/>
		<set name="type" value="OTHER"/>
		<set name="weight" value="1110"/>
	</etcitem>
	<etcitem id="12615" name="Foundation Boots of Nightmare">
		<set name="class" value="OTHER"/>
		<set name="ex_type" value="OTHER_ITEMS"/>
		<set name="crystal_type" value="A"/>
		<set name="crystallizable" value="true"/>
		<set name="icon" value="icon.armor_t81_b_i00"/>
		<set name="price" value="1355000"/>
		<set name="type" value="OTHER"/>
		<set name="weight" value="1110"/>
	</etcitem>
	<etcitem id="12616" name="Foundation Boots of Nightmare">
		<set name="class" value="OTHER"/>
		<set name="ex_type" value="OTHER_ITEMS"/>
		<set name="crystal_type" value="A"/>
		<set name="crystallizable" value="true"/>
		<set name="icon" value="icon.armor_t82_b_i00"/>
		<set name="price" value="1355000"/>
		<set name="type" value="OTHER"/>
		<set name="weight" value="1110"/>
	</etcitem>
	<etcitem id="12617" name="Foundation Shield of Nightmare">
		<set name="class" value="ARMOR"/>
		<set name="crystal_type" value="A"/>
		<set name="crystallizable" value="true"/>
		<set name="icon" value="icon.shield_shield_of_nightmare_i00"/>
		<set name="price" value="1422000"/>
		<set name="type" value="OTHER"/>
		<set name="weight" value="1180"/>
	</etcitem>
	<etcitem id="12618" name="Foundation Helm of Nightmare">
		<set name="class" value="OTHER"/>
		<set name="ex_type" value="OTHER_ITEMS"/>
		<set name="crystal_type" value="A"/>
		<set name="crystallizable" value="true"/>
		<set name="icon" value="icon.armor_leather_helmet_i00"/>
		<set name="price" value="2032000"/>
		<set name="type" value="OTHER"/>
		<set name="weight" value="560"/>
	</etcitem>
	<etcitem id="12619" name="Foundation Draconic Leather Gloves">
		<set name="class" value="OTHER"/>
		<set name="ex_type" value="OTHER_ITEMS"/>
		<set name="crystal_type" value="S"/>
		<set name="crystallizable" value="true"/>
		<set name="icon" value="icon.armor_t89_g_i00"/>
		<set name="price" value="3195000"/>
		<set name="type" value="OTHER"/>
		<set name="weight" value="540"/>
	</etcitem>
	<etcitem id="12620" name="Foundation Draconic Leather Boots">
		<set name="class" value="OTHER"/>
		<set name="ex_type" value="OTHER_ITEMS"/>
		<set name="crystal_type" value="S"/>
		<set name="crystallizable" value="true"/>
		<set name="icon" value="icon.armor_t89_b_i00"/>
		<set name="price" value="3195000"/>
		<set name="type" value="OTHER"/>
		<set name="weight" value="1110"/>
	</etcitem>
	<etcitem id="12621" name="Foundation Draconic Leather Armor">
		<set name="class" value="OTHER"/>
		<set name="ex_type" value="OTHER_ITEMS"/>
		<set name="crystal_type" value="S"/>
		<set name="crystallizable" value="true"/>
		<set name="icon" value="icon.armor_t89_ul_i00"/>
		<set name="price" value="15577000"/>
		<set name="type" value="OTHER"/>
		<set name="weight" value="4950"/>
	</etcitem>
	<etcitem id="12622" name="Foundation Draconic Leather Helmet">
		<set name="class" value="OTHER"/>
		<set name="ex_type" value="OTHER_ITEMS"/>
		<set name="crystal_type" value="S"/>
		<set name="crystallizable" value="true"/>
		<set name="icon" value="icon.armor_leather_helmet_i00"/>
		<set name="price" value="4793000"/>
		<set name="type" value="OTHER"/>
		<set name="weight" value="550"/>
	</etcitem>
	<etcitem id="12623" name="Foundation Major Arcana Gloves">
		<set name="class" value="OTHER"/>
		<set name="ex_type" value="OTHER_ITEMS"/>
		<set name="crystal_type" value="S"/>
		<set name="crystallizable" value="true"/>
		<set name="icon" value="icon.armor_t90_g_i00"/>
		<set name="price" value="3195000"/>
		<set name="type" value="OTHER"/>
		<set name="weight" value="540"/>
	</etcitem>
	<etcitem id="12624" name="Foundation Major Arcana Robe">
		<set name="class" value="OTHER"/>
		<set name="ex_type" value="OTHER_ITEMS"/>
		<set name="crystal_type" value="S"/>
		<set name="crystallizable" value="true"/>
		<set name="icon" value="icon.armor_t90_ul_i00"/>
		<set name="price" value="15577000"/>
		<set name="type" value="OTHER"/>
		<set name="weight" value="2300"/>
	</etcitem>
	<etcitem id="12625" name="Foundation Major Arcana Boots">
		<set name="class" value="OTHER"/>
		<set name="ex_type" value="OTHER_ITEMS"/>
		<set name="crystal_type" value="S"/>
		<set name="crystallizable" value="true"/>
		<set name="icon" value="icon.armor_t90_b_i00"/>
		<set name="price" value="3195000"/>
		<set name="type" value="OTHER"/>
		<set name="weight" value="1110"/>
	</etcitem>
	<etcitem id="12626" name="Foundation Major Arcana Circlet">
		<set name="class" value="OTHER"/>
		<set name="ex_type" value="OTHER_ITEMS"/>
		<set name="crystal_type" value="S"/>
		<set name="crystallizable" value="true"/>
		<set name="icon" value="icon.armor_leather_helmet_i00"/>
		<set name="price" value="4793000"/>
		<set name="type" value="OTHER"/>
		<set name="weight" value="550"/>
	</etcitem>
	<etcitem id="12627" name="Foundation Sealed Draconic Leather Gloves">
		<set name="class" value="ARMOR"/>
		<set name="crystal_type" value="S"/>
		<set name="crystallizable" value="true"/>
		<set name="icon" value="icon.armor_t89_g_i02"/>
		<set name="price" value="3195000"/>
		<set name="type" value="OTHER"/>
		<set name="weight" value="540"/>
	</etcitem>
	<etcitem id="12628" name="Foundation Sealed Draconic Leather Boots">
		<set name="class" value="ARMOR"/>
		<set name="crystal_type" value="S"/>
		<set name="crystallizable" value="true"/>
		<set name="icon" value="icon.armor_t89_b_i02"/>
		<set name="price" value="3195000"/>
		<set name="type" value="OTHER"/>
		<set name="weight" value="1110"/>
	</etcitem>
	<etcitem id="12629" name="Foundation Sealed Draconic Leather Armor">
		<set name="class" value="ARMOR"/>
		<set name="crystal_type" value="S"/>
		<set name="crystallizable" value="true"/>
		<set name="icon" value="icon.armor_t89_ul_i02"/>
		<set name="price" value="15577000"/>
		<set name="type" value="OTHER"/>
		<set name="weight" value="4950"/>
	</etcitem>
	<etcitem id="12630" name="Foundation Sealed Draconic Leather Helmet">
		<set name="class" value="ARMOR"/>
		<set name="crystal_type" value="S"/>
		<set name="crystallizable" value="true"/>
		<set name="icon" value="icon.armor_leather_helmet_i02"/>
		<set name="price" value="4793000"/>
		<set name="type" value="OTHER"/>
		<set name="weight" value="550"/>
	</etcitem>
	<etcitem id="12631" name="Foundation Sealed Major Arcana Gloves">
		<set name="class" value="ARMOR"/>
		<set name="crystal_type" value="S"/>
		<set name="crystallizable" value="true"/>
		<set name="icon" value="icon.armor_t90_g_i02"/>
		<set name="price" value="3195000"/>
		<set name="type" value="OTHER"/>
		<set name="weight" value="540"/>
	</etcitem>
	<etcitem id="12632" name="Foundation Sealed Major Arcana Robe">
		<set name="class" value="ARMOR"/>
		<set name="crystal_type" value="S"/>
		<set name="crystallizable" value="true"/>
		<set name="icon" value="icon.armor_t90_ul_i02"/>
		<set name="price" value="15577000"/>
		<set name="type" value="OTHER"/>
		<set name="weight" value="2300"/>
	</etcitem>
	<etcitem id="12633" name="Foundation Sealed Major Arcana Boots">
		<set name="class" value="ARMOR"/>
		<set name="crystal_type" value="S"/>
		<set name="crystallizable" value="true"/>
		<set name="icon" value="icon.armor_t90_b_i02"/>
		<set name="price" value="3195000"/>
		<set name="type" value="OTHER"/>
		<set name="weight" value="1110"/>
	</etcitem>
	<etcitem id="12634" name="Foundation Sealed Major Arcana Circlet">
		<set name="class" value="ARMOR"/>
		<set name="crystal_type" value="S"/>
		<set name="crystallizable" value="true"/>
		<set name="icon" value="icon.armor_leather_helmet_i02"/>
		<set name="price" value="4793000"/>
		<set name="type" value="OTHER"/>
		<set name="weight" value="550"/>
	</etcitem>
	<etcitem id="12635" name="Foundation Sealed Imperial Crusader Gaiters">
		<set name="class" value="ARMOR"/>
		<set name="crystal_type" value="S"/>
		<set name="crystallizable" value="true"/>
		<set name="icon" value="icon.armor_t88_l_i02"/>
		<set name="price" value="7988000"/>
		<set name="type" value="OTHER"/>
		<set name="weight" value="3260"/>
	</etcitem>
	<etcitem id="12636" name="Foundation Sealed Imperial Crusader Gauntlet">
		<set name="class" value="ARMOR"/>
		<set name="crystal_type" value="S"/>
		<set name="crystallizable" value="true"/>
		<set name="icon" value="icon.armor_t88_g_i02"/>
		<set name="price" value="3195000"/>
		<set name="type" value="OTHER"/>
		<set name="weight" value="540"/>
	</etcitem>
	<etcitem id="12637" name="Foundation Sealed Imperial Crusader Boots">
		<set name="class" value="ARMOR"/>
		<set name="crystal_type" value="S"/>
		<set name="crystallizable" value="true"/>
		<set name="icon" value="icon.armor_t88_b_i02"/>
		<set name="price" value="3195000"/>
		<set name="type" value="OTHER"/>
		<set name="weight" value="1110"/>
	</etcitem>
	<etcitem id="12638" name="Foundation Sealed Imperial Crusader Shield">
		<set name="class" value="ARMOR"/>
		<set name="crystal_type" value="S"/>
		<set name="crystallizable" value="true"/>
		<set name="icon" value="icon.shield_imperial_crusader_shield_i02"/>
		<set name="price" value="3355000"/>
		<set name="type" value="OTHER"/>
		<set name="weight" value="1170"/>
	</etcitem>
	<etcitem id="12639" name="Foundation Sealed Imperial Crusader Helmet">
		<set name="class" value="ARMOR"/>
		<set name="crystal_type" value="S"/>
		<set name="crystallizable" value="true"/>
		<set name="icon" value="icon.armor_helmet_i02"/>
		<set name="price" value="4793000"/>
		<set name="type" value="OTHER"/>
		<set name="weight" value="550"/>
	</etcitem>
	<etcitem id="12640" name="Foundation Sealed Imperial Crusader Breastplate">
		<set name="class" value="ARMOR"/>
		<set name="crystal_type" value="S"/>
		<set name="crystallizable" value="true"/>
		<set name="icon" value="icon.armor_t88_u_i02"/>
		<set name="price" value="12781000"/>
		<set name="type" value="OTHER"/>
		<set name="weight" value="7620"/>
	</etcitem>
	<etcitem id="12641" name="Foundation Imperial Crusader Gaiters">
		<set name="class" value="OTHER"/>
		<set name="ex_type" value="OTHER_ITEMS"/>
		<set name="crystal_type" value="S"/>
		<set name="crystallizable" value="true"/>
		<set name="icon" value="icon.armor_t88_l_i00"/>
		<set name="price" value="7988000"/>
		<set name="type" value="OTHER"/>
		<set name="weight" value="3260"/>
	</etcitem>
	<etcitem id="12642" name="Foundation Imperial Crusader Gauntlet">
		<set name="class" value="OTHER"/>
		<set name="ex_type" value="OTHER_ITEMS"/>
		<set name="crystal_type" value="S"/>
		<set name="crystallizable" value="true"/>
		<set name="icon" value="icon.armor_t88_g_i00"/>
		<set name="price" value="3195000"/>
		<set name="type" value="OTHER"/>
		<set name="weight" value="540"/>
	</etcitem>
	<etcitem id="12643" name="Foundation Imperial Crusader Boots">
		<set name="class" value="OTHER"/>
		<set name="ex_type" value="OTHER_ITEMS"/>
		<set name="crystal_type" value="S"/>
		<set name="crystallizable" value="true"/>
		<set name="icon" value="icon.armor_t88_b_i00"/>
		<set name="price" value="3195000"/>
		<set name="type" value="OTHER"/>
		<set name="weight" value="1110"/>
	</etcitem>
	<etcitem id="12644" name="Foundation Imperial Crusader Shield">
		<set name="class" value="ARMOR"/>
		<set name="crystal_type" value="S"/>
		<set name="crystallizable" value="true"/>
		<set name="icon" value="icon.shield_imperial_crusader_shield_i00"/>
		<set name="price" value="3355000"/>
		<set name="type" value="OTHER"/>
		<set name="weight" value="1170"/>
	</etcitem>
	<etcitem id="12645" name="Foundation Imperial Crusader Helmet">
		<set name="class" value="OTHER"/>
		<set name="ex_type" value="OTHER_ITEMS"/>
		<set name="crystal_type" value="S"/>
		<set name="crystallizable" value="true"/>
		<set name="icon" value="icon.armor_helmet_i00"/>
		<set name="price" value="4793000"/>
		<set name="type" value="OTHER"/>
		<set name="weight" value="550"/>
	</etcitem>
	<etcitem id="12646" name="Foundation Imperial Crusader Breastplate">
		<set name="class" value="OTHER"/>
		<set name="ex_type" value="OTHER_ITEMS"/>
		<set name="crystal_type" value="S"/>
		<set name="crystallizable" value="true"/>
		<set name="icon" value="icon.armor_t88_u_i00"/>
		<set name="price" value="12781000"/>
		<set name="type" value="OTHER"/>
		<set name="weight" value="7620"/>
	</etcitem>
	<etcitem id="12647" name="Foundation Dynasty Gaiters">
		<set name="class" value="OTHER"/>
		<set name="ex_type" value="OTHER_ITEMS"/>
		<set name="crystal_type" value="S"/>
		<set name="crystallizable" value="true"/>
		<set name="icon" value="icon.armor_t91_l_i00"/>
		<set name="price" value="15248000"/>
		<set name="type" value="OTHER"/>
		<set name="weight" value="3210"/>
	</etcitem>
	<etcitem id="12648" name="Foundation Dynasty Gauntlet">
		<set name="class" value="OTHER"/>
		<set name="ex_type" value="OTHER_ITEMS"/>
		<set name="crystal_type" value="S"/>
		<set name="crystallizable" value="true"/>
		<set name="icon" value="icon.armor_t91_g_i00"/>
		<set name="price" value="6099000"/>
		<set name="type" value="OTHER"/>
		<set name="weight" value="520"/>
	</etcitem>
	<etcitem id="12649" name="Foundation Dynasty Gloves">
		<set name="class" value="OTHER"/>
		<set name="ex_type" value="OTHER_ITEMS"/>
		<set name="crystal_type" value="S"/>
		<set name="crystallizable" value="true"/>
		<set name="icon" value="icon.armor_t93_g_i00"/>
		<set name="price" value="6099000"/>
		<set name="type" value="OTHER"/>
		<set name="weight" value="520"/>
	</etcitem>
	<etcitem id="12650" name="Foundation Dynasty Leather Gloves">
		<set name="class" value="OTHER"/>
		<set name="ex_type" value="OTHER_ITEMS"/>
		<set name="crystal_type" value="S"/>
		<set name="crystallizable" value="true"/>
		<set name="icon" value="icon.armor_t92_g_i00"/>
		<set name="price" value="6099000"/>
		<set name="type" value="OTHER"/>
		<set name="weight" value="520"/>
	</etcitem>
	<etcitem id="12651" name="Foundation Dynasty Leather Leggings">
		<set name="class" value="OTHER"/>
		<set name="ex_type" value="OTHER_ITEMS"/>
		<set name="crystal_type" value="S"/>
		<set name="crystallizable" value="true"/>
		<set name="icon" value="icon.armor_t92_l_i00"/>
		<set name="price" value="11436000"/>
		<set name="type" value="OTHER"/>
		<set name="weight" value="1370"/>
	</etcitem>
	<etcitem id="12652" name="Foundation Dynasty Leather Armor">
		<set name="class" value="OTHER"/>
		<set name="ex_type" value="OTHER_ITEMS"/>
		<set name="crystal_type" value="S"/>
		<set name="crystallizable" value="true"/>
		<set name="icon" value="icon.armor_t92_u_i00"/>
		<set name="price" value="18298000"/>
		<set name="type" value="OTHER"/>
		<set name="weight" value="4180"/>
	</etcitem>
	<etcitem id="12653" name="Foundation Dynasty Leather Armor">
		<set name="class" value="OTHER"/>
		<set name="ex_type" value="OTHER_ITEMS"/>
		<set name="crystal_type" value="S"/>
		<set name="crystallizable" value="true"/>
		<set name="icon" value="icon.armor_t92_ud_i00"/>
		<set name="price" value="18298000"/>
		<set name="type" value="OTHER"/>
		<set name="weight" value="4180"/>
	</etcitem>
	<etcitem id="12654" name="Foundation Dynasty Leather Armor">
		<set name="class" value="OTHER"/>
		<set name="ex_type" value="OTHER_ITEMS"/>
		<set name="crystal_type" value="S"/>
		<set name="crystallizable" value="true"/>
		<set name="icon" value="icon.armor_t92_ub_i00"/>
		<set name="price" value="18298000"/>
		<set name="type" value="OTHER"/>
		<set name="weight" value="4180"/>
	</etcitem>
	<etcitem id="12655" name="Foundation Dynasty Leather Armor">
		<set name="class" value="OTHER"/>
		<set name="ex_type" value="OTHER_ITEMS"/>
		<set name="crystal_type" value="S"/>
		<set name="crystallizable" value="true"/>
		<set name="icon" value="icon.armor_t92_ud_i00"/>
		<set name="price" value="18298000"/>
		<set name="type" value="OTHER"/>
		<set name="weight" value="4180"/>
	</etcitem>
	<etcitem id="12656" name="Foundation Dynasty Leather Armor">
		<set name="class" value="OTHER"/>
		<set name="ex_type" value="OTHER_ITEMS"/>
		<set name="crystal_type" value="S"/>
		<set name="crystallizable" value="true"/>
		<set name="icon" value="icon.armor_t92_ub_i00"/>
		<set name="price" value="18298000"/>
		<set name="type" value="OTHER"/>
		<set name="weight" value="4180"/>
	</etcitem>
	<etcitem id="12657" name="Foundation Dynasty Leather Armor">
		<set name="class" value="OTHER"/>
		<set name="ex_type" value="OTHER_ITEMS"/>
		<set name="crystal_type" value="S"/>
		<set name="crystallizable" value="true"/>
		<set name="icon" value="icon.armor_t92_ud_i00"/>
		<set name="price" value="18298000"/>
		<set name="type" value="OTHER"/>
		<set name="weight" value="4180"/>
	</etcitem>
	<etcitem id="12658" name="Foundation Dynasty Leather Armor">
		<set name="class" value="OTHER"/>
		<set name="ex_type" value="OTHER_ITEMS"/>
		<set name="crystal_type" value="S"/>
		<set name="crystallizable" value="true"/>
		<set name="icon" value="icon.armor_t92_u_i00"/>
		<set name="price" value="18298000"/>
		<set name="type" value="OTHER"/>
		<set name="weight" value="4180"/>
	</etcitem>
	<etcitem id="12659" name="Foundation Dynasty Leather Boots">
		<set name="class" value="OTHER"/>
		<set name="ex_type" value="OTHER_ITEMS"/>
		<set name="crystal_type" value="S"/>
		<set name="crystallizable" value="true"/>
		<set name="icon" value="icon.armor_t92_b_i00"/>
		<set name="price" value="6099000"/>
		<set name="type" value="OTHER"/>
		<set name="weight" value="1090"/>
	</etcitem>
	<etcitem id="12660" name="Foundation Dynasty Leather Helmet">
		<set name="class" value="OTHER"/>
		<set name="ex_type" value="OTHER_ITEMS"/>
		<set name="crystal_type" value="S"/>
		<set name="crystallizable" value="true"/>
		<set name="icon" value="icon.armor_helmet_i00"/>
		<set name="price" value="9149000"/>
		<set name="type" value="OTHER"/>
		<set name="weight" value="530"/>
	</etcitem>
	<etcitem id="12661" name="Foundation Dynasty Boots">
		<set name="class" value="OTHER"/>
		<set name="ex_type" value="OTHER_ITEMS"/>
		<set name="crystal_type" value="S"/>
		<set name="crystallizable" value="true"/>
		<set name="icon" value="icon.armor_t91_b_i00"/>
		<set name="price" value="6099000"/>
		<set name="type" value="OTHER"/>
		<set name="weight" value="1090"/>
	</etcitem>
	<etcitem id="12662" name="Foundation Dynasty Breastplate">
		<set name="class" value="OTHER"/>
		<set name="ex_type" value="OTHER_ITEMS"/>
		<set name="crystal_type" value="S"/>
		<set name="crystallizable" value="true"/>
		<set name="icon" value="icon.armor_t91_u_i00"/>
		<set name="price" value="24398000"/>
		<set name="type" value="OTHER"/>
		<set name="weight" value="7570"/>
	</etcitem>
	<etcitem id="12663" name="Foundation Dynasty Breastplate">
		<set name="class" value="OTHER"/>
		<set name="ex_type" value="OTHER_ITEMS"/>
		<set name="crystal_type" value="S"/>
		<set name="crystallizable" value="true"/>
		<set name="icon" value="icon.armor_t91_uk_i00"/>
		<set name="price" value="24398000"/>
		<set name="type" value="OTHER"/>
		<set name="weight" value="7570"/>
	</etcitem>
	<etcitem id="12664" name="Foundation Dynasty Breastplate">
		<set name="class" value="OTHER"/>
		<set name="ex_type" value="OTHER_ITEMS"/>
		<set name="crystal_type" value="S"/>
		<set name="crystallizable" value="true"/>
		<set name="icon" value="icon.armor_t91_uw_i00"/>
		<set name="price" value="24398000"/>
		<set name="type" value="OTHER"/>
		<set name="weight" value="7570"/>
	</etcitem>
	<etcitem id="12665" name="Foundation Dynasty Breastplate">
		<set name="class" value="OTHER"/>
		<set name="ex_type" value="OTHER_ITEMS"/>
		<set name="crystal_type" value="S"/>
		<set name="crystallizable" value="true"/>
		<set name="icon" value="icon.armor_t91_uf_i00"/>
		<set name="price" value="24398000"/>
		<set name="type" value="OTHER"/>
		<set name="weight" value="7570"/>
	</etcitem>
	<etcitem id="12666" name="Foundation Dynasty Breastplate">
		<set name="class" value="OTHER"/>
		<set name="ex_type" value="OTHER_ITEMS"/>
		<set name="crystal_type" value="S"/>
		<set name="crystallizable" value="true"/>
		<set name="icon" value="icon.armor_t91_uke_i00"/>
		<set name="price" value="24398000"/>
		<set name="type" value="OTHER"/>
		<set name="weight" value="7570"/>
	</etcitem>
	<etcitem id="12667" name="Foundation Dynasty Shield">
		<set name="class" value="ARMOR"/>
		<set name="crystal_type" value="S"/>
		<set name="crystallizable" value="true"/>
		<set name="icon" value="icon.shield_dynasty_shield_i00"/>
		<set name="price" value="6404000"/>
		<set name="type" value="OTHER"/>
		<set name="weight" value="1390"/>
	</etcitem>
	<etcitem id="12668" name="Foundation Dynasty Shoes">
		<set name="class" value="OTHER"/>
		<set name="ex_type" value="OTHER_ITEMS"/>
		<set name="crystal_type" value="S"/>
		<set name="crystallizable" value="true"/>
		<set name="icon" value="icon.armor_t93_b_i00"/>
		<set name="price" value="6099000"/>
		<set name="type" value="OTHER"/>
		<set name="weight" value="1090"/>
	</etcitem>
	<etcitem id="12669" name="Foundation Dynasty Silver Satin Tunic">
		<set name="class" value="OTHER"/>
		<set name="ex_type" value="OTHER_ITEMS"/>
		<set name="crystal_type" value="S"/>
		<set name="crystallizable" value="true"/>
		<set name="icon" value="icon.armor_t93_u_i00"/>
		<set name="price" value="25255000"/>
		<set name="type" value="OTHER"/>
		<set name="weight" value="1780"/>
	</etcitem>
	<etcitem id="12670" name="Foundation Dynasty Silver Satin Tunic">
		<set name="class" value="OTHER"/>
		<set name="ex_type" value="OTHER_ITEMS"/>
		<set name="crystal_type" value="S"/>
		<set name="crystallizable" value="true"/>
		<set name="icon" value="icon.armor_t93_uh_i00"/>
		<set name="price" value="25255000"/>
		<set name="type" value="OTHER"/>
		<set name="weight" value="1780"/>
	</etcitem>
	<etcitem id="12671" name="Foundation Dynasty Silver Satin Tunic">
		<set name="class" value="OTHER"/>
		<set name="ex_type" value="OTHER_ITEMS"/>
		<set name="crystal_type" value="S"/>
		<set name="crystallizable" value="true"/>
		<set name="icon" value="icon.armor_t93_ue_i00"/>
		<set name="price" value="25255000"/>
		<set name="type" value="OTHER"/>
		<set name="weight" value="1780"/>
	</etcitem>
	<etcitem id="12672" name="Foundation Dynasty Silver Satin Tunic">
		<set name="class" value="OTHER"/>
		<set name="ex_type" value="OTHER_ITEMS"/>
		<set name="crystal_type" value="S"/>
		<set name="crystallizable" value="true"/>
		<set name="icon" value="icon.armor_t93_us_i00"/>
		<set name="price" value="25255000"/>
		<set name="type" value="OTHER"/>
		<set name="weight" value="1780"/>
	</etcitem>
	<etcitem id="12673" name="Foundation Dynasty Silver Satin Tunic">
		<set name="class" value="OTHER"/>
		<set name="ex_type" value="OTHER_ITEMS"/>
		<set name="crystal_type" value="S"/>
		<set name="crystallizable" value="true"/>
		<set name="icon" value="icon.armor_t93_uw_i00"/>
		<set name="price" value="25255000"/>
		<set name="type" value="OTHER"/>
		<set name="weight" value="1780"/>
	</etcitem>
	<etcitem id="12674" name="Foundation Dynasty Circlet">
		<set name="class" value="OTHER"/>
		<set name="ex_type" value="OTHER_ITEMS"/>
		<set name="crystal_type" value="S"/>
		<set name="crystallizable" value="true"/>
		<set name="icon" value="icon.armor_circlet_i00"/>
		<set name="price" value="9149000"/>
		<set name="type" value="OTHER"/>
		<set name="weight" value="530"/>
	</etcitem>
	<etcitem id="12675" name="Foundation Dynasty Jewel Leather Mail">
		<set name="class" value="OTHER"/>
		<set name="ex_type" value="OTHER_ITEMS"/>
		<set name="crystal_type" value="S"/>
		<set name="crystallizable" value="true"/>
		<set name="icon" value="icon.armor_t92_u_i00"/>
		<set name="price" value="25255000"/>
		<set name="type" value="OTHER"/>
		<set name="weight" value="4180"/>
	</etcitem>
	<etcitem id="12676" name="Foundation Dynasty Jewel Leather Mail">
		<set name="class" value="OTHER"/>
		<set name="ex_type" value="OTHER_ITEMS"/>
		<set name="crystal_type" value="S"/>
		<set name="crystallizable" value="true"/>
		<set name="icon" value="icon.armor_t92_ud_i00"/>
		<set name="price" value="25255000"/>
		<set name="type" value="OTHER"/>
		<set name="weight" value="4180"/>
	</etcitem>
	<etcitem id="12677" name="Foundation Dynasty Jewel Leather Mail">
		<set name="class" value="OTHER"/>
		<set name="ex_type" value="OTHER_ITEMS"/>
		<set name="crystal_type" value="S"/>
		<set name="crystallizable" value="true"/>
		<set name="icon" value="icon.armor_t92_ub_i00"/>
		<set name="price" value="25255000"/>
		<set name="type" value="OTHER"/>
		<set name="weight" value="4180"/>
	</etcitem>
	<etcitem id="12678" name="Foundation Dynasty Jewel Leather Mail">
		<set name="class" value="OTHER"/>
		<set name="ex_type" value="OTHER_ITEMS"/>
		<set name="crystal_type" value="S"/>
		<set name="crystallizable" value="true"/>
		<set name="icon" value="icon.armor_t92_u_i00"/>
		<set name="price" value="25255000"/>
		<set name="type" value="OTHER"/>
		<set name="weight" value="4180"/>
	</etcitem>
	<etcitem id="12679" name="Foundation Dynasty Jewel Leather Mail">
		<set name="class" value="OTHER"/>
		<set name="ex_type" value="OTHER_ITEMS"/>
		<set name="crystal_type" value="S"/>
		<set name="crystallizable" value="true"/>
		<set name="icon" value="icon.armor_t92_u_i00"/>
		<set name="price" value="25255000"/>
		<set name="type" value="OTHER"/>
		<set name="weight" value="4180"/>
	</etcitem>
	<etcitem id="12680" name="Foundation Dynasty Jewel Leather Mail">
		<set name="class" value="OTHER"/>
		<set name="ex_type" value="OTHER_ITEMS"/>
		<set name="crystal_type" value="S"/>
		<set name="crystallizable" value="true"/>
		<set name="icon" value="icon.armor_t92_u_i00"/>
		<set name="price" value="25255000"/>
		<set name="type" value="OTHER"/>
		<set name="weight" value="4180"/>
	</etcitem>
	<etcitem id="12681" name="Foundation Dynasty Jewel Leather Mail">
		<set name="class" value="OTHER"/>
		<set name="ex_type" value="OTHER_ITEMS"/>
		<set name="crystal_type" value="S"/>
		<set name="crystallizable" value="true"/>
		<set name="icon" value="icon.armor_t92_u_i00"/>
		<set name="price" value="25255000"/>
		<set name="type" value="OTHER"/>
		<set name="weight" value="4180"/>
	</etcitem>
	<etcitem id="12682" name="Foundation Dynasty Tunic">
		<set name="class" value="OTHER"/>
		<set name="ex_type" value="OTHER_ITEMS"/>
		<set name="crystal_type" value="S"/>
		<set name="crystallizable" value="true"/>
		<set name="icon" value="icon.armor_t93_u_i00"/>
		<set name="price" value="18298000"/>
		<set name="type" value="OTHER"/>
		<set name="weight" value="1780"/>
	</etcitem>
	<etcitem id="12683" name="Foundation Dynasty Tunic">
		<set name="class" value="OTHER"/>
		<set name="ex_type" value="OTHER_ITEMS"/>
		<set name="crystal_type" value="S"/>
		<set name="crystallizable" value="true"/>
		<set name="icon" value="icon.armor_t93_uh_i00"/>
		<set name="price" value="18298000"/>
		<set name="type" value="OTHER"/>
		<set name="weight" value="1780"/>
	</etcitem>
	<etcitem id="12684" name="Foundation Dynasty Tunic">
		<set name="class" value="OTHER"/>
		<set name="ex_type" value="OTHER_ITEMS"/>
		<set name="crystal_type" value="S"/>
		<set name="crystallizable" value="true"/>
		<set name="icon" value="icon.armor_t93_ue_i00"/>
		<set name="price" value="18298000"/>
		<set name="type" value="OTHER"/>
		<set name="weight" value="1780"/>
	</etcitem>
	<etcitem id="12685" name="Foundation Dynasty Tunic">
		<set name="class" value="OTHER"/>
		<set name="ex_type" value="OTHER_ITEMS"/>
		<set name="crystal_type" value="S"/>
		<set name="crystallizable" value="true"/>
		<set name="icon" value="icon.armor_t93_us_i00"/>
		<set name="price" value="18298000"/>
		<set name="type" value="OTHER"/>
		<set name="weight" value="1780"/>
	</etcitem>
	<etcitem id="12686" name="Foundation Dynasty Tunic">
		<set name="class" value="OTHER"/>
		<set name="ex_type" value="OTHER_ITEMS"/>
		<set name="crystal_type" value="S"/>
		<set name="crystallizable" value="true"/>
		<set name="icon" value="icon.armor_t93_uw_i00"/>
		<set name="price" value="18298000"/>
		<set name="type" value="OTHER"/>
		<set name="weight" value="1780"/>
	</etcitem>
	<etcitem id="12687" name="Foundation Dynasty Platinum Plate">
		<set name="class" value="OTHER"/>
		<set name="ex_type" value="OTHER_ITEMS"/>
		<set name="crystal_type" value="S"/>
		<set name="crystallizable" value="true"/>
		<set name="icon" value="icon.armor_t91_u_i00"/>
		<set name="price" value="33673000"/>
		<set name="type" value="OTHER"/>
		<set name="weight" value="7570"/>
	</etcitem>
	<etcitem id="12688" name="Foundation Dynasty Platinum Plate">
		<set name="class" value="OTHER"/>
		<set name="ex_type" value="OTHER_ITEMS"/>
		<set name="crystal_type" value="S"/>
		<set name="crystallizable" value="true"/>
		<set name="icon" value="icon.armor_t91_uk_i00"/>
		<set name="price" value="33673000"/>
		<set name="type" value="OTHER"/>
		<set name="weight" value="7570"/>
	</etcitem>
	<etcitem id="12689" name="Foundation Dynasty Platinum Plate">
		<set name="class" value="OTHER"/>
		<set name="ex_type" value="OTHER_ITEMS"/>
		<set name="crystal_type" value="S"/>
		<set name="crystallizable" value="true"/>
		<set name="icon" value="icon.armor_t91_uw_i00"/>
		<set name="price" value="33673000"/>
		<set name="type" value="OTHER"/>
		<set name="weight" value="7570"/>
	</etcitem>
	<etcitem id="12690" name="Foundation Dynasty Platinum Plate">
		<set name="class" value="OTHER"/>
		<set name="ex_type" value="OTHER_ITEMS"/>
		<set name="crystal_type" value="S"/>
		<set name="crystallizable" value="true"/>
		<set name="icon" value="icon.armor_t91_uf_i00"/>
		<set name="price" value="33673000"/>
		<set name="type" value="OTHER"/>
		<set name="weight" value="7570"/>
	</etcitem>
	<etcitem id="12691" name="Foundation Dynasty Platinum Plate">
		<set name="class" value="OTHER"/>
		<set name="ex_type" value="OTHER_ITEMS"/>
		<set name="crystal_type" value="S"/>
		<set name="crystallizable" value="true"/>
		<set name="icon" value="icon.armor_t91_uke_i00"/>
		<set name="price" value="33673000"/>
		<set name="type" value="OTHER"/>
		<set name="weight" value="7570"/>
	</etcitem>
	<etcitem id="12692" name="Foundation Dynasty Helmet">
		<set name="class" value="OTHER"/>
		<set name="ex_type" value="OTHER_ITEMS"/>
		<set name="crystal_type" value="S"/>
		<set name="crystallizable" value="true"/>
		<set name="icon" value="icon.armor_helmet_i00"/>
		<set name="price" value="9149000"/>
		<set name="type" value="OTHER"/>
		<set name="weight" value="530"/>
	</etcitem>
	<etcitem id="12693" name="Foundation Dynasty Stockings">
		<set name="class" value="OTHER"/>
		<set name="ex_type" value="OTHER_ITEMS"/>
		<set name="crystal_type" value="S"/>
		<set name="crystallizable" value="true"/>
		<set name="icon" value="icon.armor_t93_l_i00"/>
		<set name="price" value="11436000"/>
		<set name="type" value="OTHER"/>
		<set name="weight" value="860"/>
	</etcitem>
	<etcitem id="12694" name="Foundation Sealed Dynasty Gaiters">
		<set name="class" value="ARMOR"/>
		<set name="crystal_type" value="S"/>
		<set name="crystallizable" value="true"/>
		<set name="icon" value="icon.armor_t91_l_i02"/>
		<set name="price" value="15248000"/>
		<set name="type" value="OTHER"/>
		<set name="weight" value="3210"/>
	</etcitem>
	<etcitem id="12695" name="Foundation Sealed Dynasty Gauntlet">
		<set name="class" value="ARMOR"/>
		<set name="crystal_type" value="S"/>
		<set name="crystallizable" value="true"/>
		<set name="icon" value="icon.armor_t91_g_i02"/>
		<set name="price" value="6099000"/>
		<set name="type" value="OTHER"/>
		<set name="weight" value="520"/>
	</etcitem>
	<etcitem id="12696" name="Foundation Sealed Dynasty Gloves">
		<set name="class" value="ARMOR"/>
		<set name="crystal_type" value="S"/>
		<set name="crystallizable" value="true"/>
		<set name="icon" value="icon.armor_t93_g_i02"/>
		<set name="price" value="6099000"/>
		<set name="type" value="OTHER"/>
		<set name="weight" value="520"/>
	</etcitem>
	<etcitem id="12697" name="Foundation Sealed Dynasty Leather Gloves">
		<set name="class" value="ARMOR"/>
		<set name="crystal_type" value="S"/>
		<set name="crystallizable" value="true"/>
		<set name="icon" value="icon.armor_t92_g_i02"/>
		<set name="price" value="6099000"/>
		<set name="type" value="OTHER"/>
		<set name="weight" value="520"/>
	</etcitem>
	<etcitem id="12698" name="Foundation Sealed Dynasty Leather Leggings">
		<set name="class" value="ARMOR"/>
		<set name="crystal_type" value="S"/>
		<set name="crystallizable" value="true"/>
		<set name="icon" value="icon.armor_t92_l_i02"/>
		<set name="price" value="11436000"/>
		<set name="type" value="OTHER"/>
		<set name="weight" value="1370"/>
	</etcitem>
	<etcitem id="12699" name="Foundation Sealed Dynasty Leather Armor">
		<set name="class" value="ARMOR"/>
		<set name="crystal_type" value="S"/>
		<set name="crystallizable" value="true"/>
		<set name="icon" value="icon.armor_t92_u_i02"/>
		<set name="price" value="18298000"/>
		<set name="type" value="OTHER"/>
		<set name="weight" value="4180"/>
	</etcitem>
</list>
