<?xml version="1.0" encoding="UTF-8"?>
<!DOCTYPE list SYSTEM "item.dtd">
<list>
	<etcitem id="12700" name="Foundation Sealed Dynasty Leather Boots">
		<set name="class" value="ARMOR"/>
		<set name="crystal_type" value="S"/>
		<set name="crystallizable" value="true"/>
		<set name="icon" value="icon.armor_t92_b_i02"/>
		<set name="price" value="6099000"/>
		<set name="type" value="OTHER"/>
		<set name="weight" value="1090"/>
	</etcitem>
	<etcitem id="12701" name="Foundation Sealed Dynasty Leather Helmet">
		<set name="class" value="ARMOR"/>
		<set name="crystal_type" value="S"/>
		<set name="crystallizable" value="true"/>
		<set name="icon" value="icon.armor_leather_helmet_i02"/>
		<set name="price" value="9149000"/>
		<set name="type" value="OTHER"/>
		<set name="weight" value="530"/>
	</etcitem>
	<etcitem id="12702" name="Foundation Sealed Dynasty Boots">
		<set name="class" value="ARMOR"/>
		<set name="crystal_type" value="S"/>
		<set name="crystallizable" value="true"/>
		<set name="icon" value="icon.armor_t91_b_i02"/>
		<set name="price" value="6099000"/>
		<set name="type" value="OTHER"/>
		<set name="weight" value="1090"/>
	</etcitem>
	<etcitem id="12703" name="Foundation Sealed Dynasty Breastplate">
		<set name="class" value="ARMOR"/>
		<set name="crystal_type" value="S"/>
		<set name="crystallizable" value="true"/>
		<set name="icon" value="icon.armor_t91_u_i02"/>
		<set name="price" value="24398000"/>
		<set name="type" value="OTHER"/>
		<set name="weight" value="7570"/>
	</etcitem>
	<etcitem id="12704" name="Foundation Sealed Dynasty Shield">
		<set name="class" value="ARMOR"/>
		<set name="crystal_type" value="S"/>
		<set name="crystallizable" value="true"/>
		<set name="icon" value="icon.shield_dynasty_shield_i01"/>
		<set name="price" value="6404000"/>
		<set name="type" value="OTHER"/>
		<set name="weight" value="1370"/>
	</etcitem>
	<etcitem id="12705" name="Foundation Sealed Dynasty Shoes">
		<set name="class" value="ARMOR"/>
		<set name="crystal_type" value="S"/>
		<set name="crystallizable" value="true"/>
		<set name="icon" value="icon.armor_t93_b_i02"/>
		<set name="price" value="6099000"/>
		<set name="type" value="OTHER"/>
		<set name="weight" value="1090"/>
	</etcitem>
	<etcitem id="12706" name="Foundation Sealed Dynasty Circlet">
		<set name="class" value="ARMOR"/>
		<set name="crystal_type" value="S"/>
		<set name="crystallizable" value="true"/>
		<set name="icon" value="icon.armor_circlet_i02"/>
		<set name="price" value="9149000"/>
		<set name="type" value="OTHER"/>
		<set name="weight" value="530"/>
	</etcitem>
	<etcitem id="12707" name="Foundation Sealed Dynasty Tunic">
		<set name="class" value="ARMOR"/>
		<set name="crystal_type" value="S"/>
		<set name="crystallizable" value="true"/>
		<set name="icon" value="icon.armor_t93_u_i02"/>
		<set name="price" value="18298000"/>
		<set name="type" value="OTHER"/>
		<set name="weight" value="1780"/>
	</etcitem>
	<etcitem id="12708" name="Foundation Sealed Dynasty Helmet">
		<set name="class" value="ARMOR"/>
		<set name="crystal_type" value="S"/>
		<set name="crystallizable" value="true"/>
		<set name="icon" value="icon.armor_helmet_i02"/>
		<set name="price" value="9149000"/>
		<set name="type" value="OTHER"/>
		<set name="weight" value="530"/>
	</etcitem>
	<etcitem id="12709" name="Foundation Sealed Dynasty Stockings">
		<set name="class" value="ARMOR"/>
		<set name="crystal_type" value="S"/>
		<set name="crystallizable" value="true"/>
		<set name="icon" value="icon.armor_t93_l_i02"/>
		<set name="price" value="11436000"/>
		<set name="type" value="OTHER"/>
		<set name="weight" value="860"/>
	</etcitem>
	<etcitem id="12710" name="Foundation Adamantite Earring">
		<set name="class" value="ACCESSORY"/>
		<set name="crystal_type" value="B"/>
		<set name="crystallizable" value="true"/>
		<set name="icon" value="icon.accessary_adamantite_earing_i00"/>
		<set name="price" value="465900"/>
		<set name="type" value="OTHER"/>
		<set name="weight" value="150"/>
	</etcitem>
	<etcitem id="12711" name="Foundation Adamantite Necklace">
		<set name="class" value="ACCESSORY"/>
		<set name="crystal_type" value="B"/>
		<set name="crystallizable" value="true"/>
		<set name="icon" value="icon.accessary_adamantite_necklace_i00"/>
		<set name="price" value="621200"/>
		<set name="type" value="OTHER"/>
		<set name="weight" value="150"/>
	</etcitem>
	<etcitem id="12712" name="Foundation Adamantite Ring">
		<set name="class" value="ACCESSORY"/>
		<set name="crystal_type" value="B"/>
		<set name="crystallizable" value="true"/>
		<set name="icon" value="icon.accessary_adamantite_ring_i00"/>
		<set name="price" value="310600"/>
		<set name="type" value="OTHER"/>
		<set name="weight" value="150"/>
	</etcitem>
	<etcitem id="12713" name="Foundation Earring of Black Ore">
		<set name="class" value="ACCESSORY"/>
		<set name="crystal_type" value="B"/>
		<set name="crystallizable" value="true"/>
		<set name="icon" value="icon.accessary_earing_of_black_ore_i00"/>
		<set name="price" value="711000"/>
		<set name="type" value="OTHER"/>
		<set name="weight" value="150"/>
	</etcitem>
	<etcitem id="12714" name="Foundation Necklace of Black Ore">
		<set name="class" value="ACCESSORY"/>
		<set name="crystal_type" value="B"/>
		<set name="crystallizable" value="true"/>
		<set name="icon" value="icon.accessary_necklace_of_black_ore_i00"/>
		<set name="price" value="948000"/>
		<set name="type" value="OTHER"/>
		<set name="weight" value="150"/>
	</etcitem>
	<etcitem id="12715" name="Foundation Ring of Black Ore">
		<set name="class" value="ACCESSORY"/>
		<set name="crystal_type" value="B"/>
		<set name="crystallizable" value="true"/>
		<set name="icon" value="icon.accessary_ring_of_black_ore_i00"/>
		<set name="price" value="474000"/>
		<set name="type" value="OTHER"/>
		<set name="weight" value="150"/>
	</etcitem>
	<etcitem id="12716" name="Foundation Sealed Phoenix Necklace">
		<set name="class" value="ACCESSORY"/>
		<set name="crystal_type" value="A"/>
		<set name="crystallizable" value="true"/>
		<set name="icon" value="icon.accessary_phoenixs_necklace_i02"/>
		<set name="price" value="1340000"/>
		<set name="type" value="OTHER"/>
		<set name="weight" value="150"/>
	</etcitem>
	<etcitem id="12717" name="Foundation Sealed Phoenix Ring">
		<set name="class" value="ACCESSORY"/>
		<set name="crystal_type" value="A"/>
		<set name="crystallizable" value="true"/>
		<set name="icon" value="icon.accessary_phoenixs_ring_i02"/>
		<set name="price" value="670000"/>
		<set name="type" value="OTHER"/>
		<set name="weight" value="150"/>
	</etcitem>
	<etcitem id="12718" name="Foundation Sealed Phoenix Earring">
		<set name="class" value="ACCESSORY"/>
		<set name="crystal_type" value="A"/>
		<set name="crystallizable" value="true"/>
		<set name="icon" value="icon.accessary_phoenixs_earing_i02"/>
		<set name="price" value="1005000"/>
		<set name="type" value="OTHER"/>
		<set name="weight" value="150"/>
	</etcitem>
	<etcitem id="12719" name="Foundation Phoenix Necklace">
		<set name="class" value="OTHER"/>
		<set name="ex_type" value="OTHER_ITEMS"/>
		<set name="crystal_type" value="A"/>
		<set name="crystallizable" value="true"/>
		<set name="icon" value="icon.accessary_phoenixs_necklace_i00"/>
		<set name="price" value="1340000"/>
		<set name="type" value="OTHER"/>
		<set name="weight" value="150"/>
	</etcitem>
	<etcitem id="12720" name="Foundation Phoenix Ring">
		<set name="class" value="OTHER"/>
		<set name="ex_type" value="OTHER_ITEMS"/>
		<set name="crystal_type" value="A"/>
		<set name="crystallizable" value="true"/>
		<set name="icon" value="icon.accessary_phoenixs_ring_i00"/>
		<set name="price" value="670000"/>
		<set name="type" value="OTHER"/>
		<set name="weight" value="150"/>
	</etcitem>
	<etcitem id="12721" name="Foundation Phoenix Earring">
		<set name="class" value="OTHER"/>
		<set name="ex_type" value="OTHER_ITEMS"/>
		<set name="crystal_type" value="A"/>
		<set name="crystallizable" value="true"/>
		<set name="icon" value="icon.accessary_phoenixs_earing_i00"/>
		<set name="price" value="1005000"/>
		<set name="type" value="OTHER"/>
		<set name="weight" value="150"/>
	</etcitem>
	<etcitem id="12722" name="Foundation Majestic Necklace">
		<set name="class" value="OTHER"/>
		<set name="ex_type" value="OTHER_ITEMS"/>
		<set name="crystal_type" value="A"/>
		<set name="crystallizable" value="true"/>
		<set name="icon" value="icon.accessary_inferno_necklace_i00"/>
		<set name="price" value="1998000"/>
		<set name="type" value="OTHER"/>
		<set name="weight" value="150"/>
	</etcitem>
	<etcitem id="12723" name="Foundation Majestic Ring">
		<set name="class" value="OTHER"/>
		<set name="ex_type" value="OTHER_ITEMS"/>
		<set name="crystal_type" value="A"/>
		<set name="crystallizable" value="true"/>
		<set name="icon" value="icon.accessary_inferno_ring_i00"/>
		<set name="price" value="999000"/>
		<set name="type" value="OTHER"/>
		<set name="weight" value="150"/>
	</etcitem>
	<etcitem id="12724" name="Foundation Majestic Earring">
		<set name="class" value="OTHER"/>
		<set name="ex_type" value="OTHER_ITEMS"/>
		<set name="crystal_type" value="A"/>
		<set name="crystallizable" value="true"/>
		<set name="icon" value="icon.accessary_inferno_earing_i00"/>
		<set name="price" value="1498000"/>
		<set name="type" value="OTHER"/>
		<set name="weight" value="150"/>
	</etcitem>
	<etcitem id="12725" name="Foundation Sealed Majestic Necklace">
		<set name="class" value="ACCESSORY"/>
		<set name="crystal_type" value="A"/>
		<set name="crystallizable" value="true"/>
		<set name="icon" value="icon.accessary_inferno_necklace_i02"/>
		<set name="price" value="1998000"/>
		<set name="type" value="OTHER"/>
		<set name="weight" value="150"/>
	</etcitem>
	<etcitem id="12726" name="Foundation Sealed Majestic Ring">
		<set name="class" value="ACCESSORY"/>
		<set name="crystal_type" value="A"/>
		<set name="crystallizable" value="true"/>
		<set name="icon" value="icon.accessary_inferno_ring_i02"/>
		<set name="price" value="999000"/>
		<set name="type" value="OTHER"/>
		<set name="weight" value="150"/>
	</etcitem>
	<etcitem id="12727" name="Foundation Sealed Majestic Earring">
		<set name="class" value="ACCESSORY"/>
		<set name="crystal_type" value="A"/>
		<set name="crystallizable" value="true"/>
		<set name="icon" value="icon.accessary_inferno_earing_i02"/>
		<set name="price" value="1498000"/>
		<set name="type" value="OTHER"/>
		<set name="weight" value="150"/>
	</etcitem>
	<etcitem id="12728" name="Foundation Sealed Tateossian Necklace">
		<set name="class" value="ACCESSORY"/>
		<set name="crystal_type" value="S"/>
		<set name="crystallizable" value="true"/>
		<set name="icon" value="icon.accessory_tateossian_necklace_i02"/>
		<set name="price" value="4361000"/>
		<set name="type" value="OTHER"/>
		<set name="weight" value="150"/>
	</etcitem>
	<etcitem id="12729" name="Foundation Sealed Tateossian Ring">
		<set name="class" value="ACCESSORY"/>
		<set name="crystal_type" value="S"/>
		<set name="crystallizable" value="true"/>
		<set name="icon" value="icon.accessory_tateossian_ring_i02"/>
		<set name="price" value="2180000"/>
		<set name="type" value="OTHER"/>
		<set name="weight" value="150"/>
	</etcitem>
	<etcitem id="12730" name="Foundation Sealed Tateossian Earring">
		<set name="class" value="ACCESSORY"/>
		<set name="crystal_type" value="S"/>
		<set name="crystallizable" value="true"/>
		<set name="icon" value="icon.accessory_tateossian_earring_i02"/>
		<set name="price" value="3270000"/>
		<set name="type" value="OTHER"/>
		<set name="weight" value="150"/>
	</etcitem>
	<etcitem id="12731" name="Foundation Tateossian Necklace">
		<set name="class" value="OTHER"/>
		<set name="ex_type" value="OTHER_ITEMS"/>
		<set name="crystal_type" value="S"/>
		<set name="crystallizable" value="true"/>
		<set name="icon" value="icon.accessory_tateossian_necklace_i00"/>
		<set name="price" value="4361000"/>
		<set name="type" value="OTHER"/>
		<set name="weight" value="150"/>
	</etcitem>
	<etcitem id="12732" name="Foundation Tateossian Ring">
		<set name="class" value="OTHER"/>
		<set name="ex_type" value="OTHER_ITEMS"/>
		<set name="crystal_type" value="S"/>
		<set name="crystallizable" value="true"/>
		<set name="icon" value="icon.accessory_tateossian_ring_i00"/>
		<set name="price" value="2180000"/>
		<set name="type" value="OTHER"/>
		<set name="weight" value="150"/>
	</etcitem>
	<etcitem id="12733" name="Foundation Tateossian Earring">
		<set name="class" value="OTHER"/>
		<set name="ex_type" value="OTHER_ITEMS"/>
		<set name="crystal_type" value="S"/>
		<set name="crystallizable" value="true"/>
		<set name="icon" value="icon.accessory_tateossian_earring_i00"/>
		<set name="price" value="3270000"/>
		<set name="type" value="OTHER"/>
		<set name="weight" value="150"/>
	</etcitem>
	<etcitem id="12734" name="Foundation Dynasty Necklace">
		<set name="class" value="OTHER"/>
		<set name="ex_type" value="OTHER_ITEMS"/>
		<set name="crystal_type" value="S"/>
		<set name="crystallizable" value="true"/>
		<set name="icon" value="icon.accessary_dynasty_necklace_i00"/>
		<set name="price" value="7942000"/>
		<set name="type" value="OTHER"/>
		<set name="weight" value="150"/>
	</etcitem>
	<etcitem id="12735" name="Foundation Dynasty Ring">
		<set name="class" value="OTHER"/>
		<set name="ex_type" value="OTHER_ITEMS"/>
		<set name="crystal_type" value="S"/>
		<set name="crystallizable" value="true"/>
		<set name="icon" value="icon.accessary_dynasty_ring_i00"/>
		<set name="price" value="3971000"/>
		<set name="type" value="OTHER"/>
		<set name="weight" value="150"/>
	</etcitem>
	<etcitem id="12736" name="Foundation Dynasty Earring">
		<set name="class" value="OTHER"/>
		<set name="ex_type" value="OTHER_ITEMS"/>
		<set name="crystal_type" value="S"/>
		<set name="crystallizable" value="true"/>
		<set name="icon" value="icon.accessary_dynasty_earing_i00"/>
		<set name="price" value="5956000"/>
		<set name="type" value="OTHER"/>
		<set name="weight" value="150"/>
	</etcitem>
	<etcitem id="12737" name="Foundation Sealed Dynasty Necklace">
		<set name="class" value="ACCESSORY"/>
		<set name="crystal_type" value="S"/>
		<set name="crystallizable" value="true"/>
		<set name="icon" value="icon.accessary_dynasty_necklace_i01"/>
		<set name="price" value="7942000"/>
		<set name="type" value="OTHER"/>
		<set name="weight" value="150"/>
	</etcitem>
	<etcitem id="12738" name="Foundation Sealed Dynasty Ring">
		<set name="class" value="ACCESSORY"/>
		<set name="crystal_type" value="S"/>
		<set name="crystallizable" value="true"/>
		<set name="icon" value="icon.accessary_dynasty_ring_i01"/>
		<set name="price" value="3971000"/>
		<set name="type" value="OTHER"/>
		<set name="weight" value="150"/>
	</etcitem>
	<etcitem id="12739" name="Foundation Sealed Dynasty Earring">
		<set name="class" value="ACCESSORY"/>
		<set name="crystal_type" value="S"/>
		<set name="crystallizable" value="true"/>
		<set name="icon" value="icon.accessary_dynasty_earing_i01"/>
		<set name="price" value="5956000"/>
		<set name="type" value="OTHER"/>
		<set name="weight" value="150"/>
	</etcitem>
	<etcitem id="12753" name="Kamael Village Teleportation Scroll">
		<set name="class" value="OTHER"/>
		<set name="ex_type" value="OTHER_ITEMS"/>
		<set name="crystal_type" value="NONE"/>
		<set name="icon" value="icon.etc_scroll_of_return_i00"/>
		<set name="stackable" value="true"/>
		<set name="type" value="OTHER"/>
		<cond msgId="1508">
			<not>
				<player olympiad="true"/>
			</not>
		</cond>
		<skills>
			<skill id="2525" level="1"/>
		</skills>
	</etcitem>
	<etcitem id="12754" name="Accessory Life Stone - level 46">
		<set name="class" value="MISC"/>
		<set name="crystal_type" value="NONE"/>
		<set name="icon" value="icon.etc_mineral_general_i00"/>
		<set name="price" value="5000"/>
		<set name="stackable" value="true"/>
		<set name="type" value="OTHER"/>
		<set name="weight" value="2"/>
	</etcitem>
	<etcitem id="12755" name="Accessory Life Stone - level 49">
		<set name="class" value="MISC"/>
		<set name="crystal_type" value="NONE"/>
		<set name="icon" value="icon.etc_mineral_general_i00"/>
		<set name="price" value="6000"/>
		<set name="stackable" value="true"/>
		<set name="type" value="OTHER"/>
		<set name="weight" value="2"/>
	</etcitem>
	<etcitem id="12756" name="Accessory Life Stone - level 52">
		<set name="class" value="MISC"/>
		<set name="crystal_type" value="NONE"/>
		<set name="icon" value="icon.etc_mineral_general_i00"/>
		<set name="price" value="7200"/>
		<set name="stackable" value="true"/>
		<set name="type" value="OTHER"/>
		<set name="weight" value="2"/>
	</etcitem>
	<etcitem id="12757" name="Accessory Life Stone - level 55">
		<set name="class" value="MISC"/>
		<set name="crystal_type" value="NONE"/>
		<set name="icon" value="icon.etc_mineral_general_i00"/>
		<set name="price" value="8640"/>
		<set name="stackable" value="true"/>
		<set name="type" value="OTHER"/>
		<set name="weight" value="2"/>
	</etcitem>
	<etcitem id="12758" name="Accessory Life Stone - level 58">
		<set name="class" value="MISC"/>
		<set name="crystal_type" value="NONE"/>
		<set name="icon" value="icon.etc_mineral_general_i01"/>
		<set name="price" value="10000"/>
		<set name="stackable" value="true"/>
		<set name="type" value="OTHER"/>
		<set name="weight" value="2"/>
	</etcitem>
	<etcitem id="12759" name="Accessory Life Stone - level 61">
		<set name="class" value="MISC"/>
		<set name="crystal_type" value="NONE"/>
		<set name="icon" value="icon.etc_mineral_general_i01"/>
		<set name="price" value="12000"/>
		<set name="stackable" value="true"/>
		<set name="type" value="OTHER"/>
		<set name="weight" value="2"/>
	</etcitem>
	<etcitem id="12760" name="Accessory Life Stone - level 64">
		<set name="class" value="MISC"/>
		<set name="crystal_type" value="NONE"/>
		<set name="icon" value="icon.etc_mineral_general_i02"/>
		<set name="price" value="15000"/>
		<set name="stackable" value="true"/>
		<set name="type" value="OTHER"/>
		<set name="weight" value="2"/>
	</etcitem>
	<etcitem id="12761" name="Accessory Life Stone - level 67">
		<set name="class" value="MISC"/>
		<set name="crystal_type" value="NONE"/>
		<set name="icon" value="icon.etc_mineral_general_i02"/>
		<set name="price" value="18000"/>
		<set name="stackable" value="true"/>
		<set name="type" value="OTHER"/>
		<set name="weight" value="2"/>
	</etcitem>
	<etcitem id="12762" name="Accessory Life Stone - level 70">
		<set name="class" value="MISC"/>
		<set name="crystal_type" value="NONE"/>
		<set name="icon" value="icon.etc_mineral_general_i02"/>
		<set name="price" value="21600"/>
		<set name="stackable" value="true"/>
		<set name="type" value="OTHER"/>
		<set name="weight" value="2"/>
	</etcitem>
	<etcitem id="12763" name="Accessory Life Stone - level 76">
		<set name="class" value="MISC"/>
		<set name="crystal_type" value="NONE"/>
		<set name="icon" value="icon.etc_mineral_general_i03"/>
		<set name="price" value="24000"/>
		<set name="stackable" value="true"/>
		<set name="type" value="OTHER"/>
		<set name="weight" value="2"/>
	</etcitem>
	<etcitem id="12764" name="Fish Chest">
		<set name="class" value="OTHER"/>
		<set name="ex_type" value="OTHER_ITEMS"/>
		<set name="crystal_type" value="NONE"/>
		<set name="icon" value="icon.etc_oil_pot_white_i00"/>
		<set name="type" value="QUEST"/>
	</etcitem>
	<etcitem id="12765" name="Seed Jar">
		<set name="class" value="OTHER"/>
		<set name="ex_type" value="OTHER_ITEMS"/>
		<set name="crystal_type" value="NONE"/>
		<set name="icon" value="icon.etc_oil_pot_white_i00"/>
		<set name="type" value="QUEST"/>
	</etcitem>
	<etcitem id="12768" name="Forgotten Scroll - Evasion Counter">
		<set name="class" value="SPELLBOOKS"/>
		<set name="crystal_type" value="NONE"/>
		<set name="icon" value="icon.etc_spell_books_element_i00"/>
		<set name="price" value="12500"/>
		<set name="stackable" value="true"/>
		<set name="type" value="SPELLBOOK"/>
		<set name="ex_type" value="SPELLBOOK"/>
		<set name="weight" value="120"/>
	</etcitem>
	<etcitem id="12769" name="Forgotten Scroll - Evasion Chance">
		<set name="class" value="SPELLBOOKS"/>
		<set name="crystal_type" value="NONE"/>
		<set name="icon" value="icon.etc_spell_books_element_i00"/>
		<set name="price" value="12500"/>
		<set name="stackable" value="true"/>
		<set name="type" value="SPELLBOOK"/>
		<set name="ex_type" value="SPELLBOOK"/>
		<set name="weight" value="120"/>
	</etcitem>
	<etcitem id="12770" name="Forgotten Scroll - Evasion Haste">
		<set name="class" value="SPELLBOOKS"/>
		<set name="crystal_type" value="NONE"/>
		<set name="icon" value="icon.etc_spell_books_element_i00"/>
		<set name="price" value="12500"/>
		<set name="stackable" value="true"/>
		<set name="type" value="SPELLBOOK"/>
		<set name="ex_type" value="SPELLBOOK"/>
		<set name="weight" value="120"/>
	</etcitem>
	<etcitem id="12771" name="Forgotten Scroll - Shadow Step">
		<set name="class" value="SPELLBOOKS"/>
		<set name="crystal_type" value="NONE"/>
		<set name="icon" value="icon.etc_spell_books_element_i00"/>
		<set name="price" value="12500"/>
		<set name="stackable" value="true"/>
		<set name="type" value="SPELLBOOK"/>
		<set name="ex_type" value="SPELLBOOK"/>
		<set name="weight" value="120"/>
	</etcitem>
	<etcitem id="12772" name="Spellbook - Inquisitor">
		<set name="class" value="SPELLBOOKS"/>
		<set name="crystal_type" value="NONE"/>
		<set name="icon" value="icon.etc_spell_books_assistance_i00"/>
		<set name="price" value="12500"/>
		<set name="stackable" value="true"/>
		<set name="type" value="OTHER"/>
		<set name="weight" value="120"/>
	</etcitem>
	<etcitem id="12773" name="Battle Manual - Body Reconstruction">
		<set name="class" value="SPELLBOOKS"/>
		<set name="crystal_type" value="NONE"/>
		<set name="icon" value="icon.etc_kamael_skill_book_i00"/>
		<set name="price" value="10000"/>
		<set name="stackable" value="true"/>
		<set name="type" value="OTHER"/>
		<set name="weight" value="120"/>
	</etcitem>
	<etcitem id="12774" name="Battle Manual - Blood Construct">
		<set name="class" value="SPELLBOOKS"/>
		<set name="crystal_type" value="NONE"/>
		<set name="icon" value="icon.etc_kamael_skill_book_i00"/>
		<set name="price" value="10000"/>
		<set name="stackable" value="true"/>
		<set name="type" value="OTHER"/>
		<set name="weight" value="120"/>
	</etcitem>
	<etcitem id="12775" name="Battle Manual - Imbue Seed of Destruction">
		<set name="class" value="SPELLBOOKS"/>
		<set name="crystal_type" value="NONE"/>
		<set name="icon" value="icon.etc_kamael_skill_book_i00"/>
		<set name="price" value="10000"/>
		<set name="stackable" value="true"/>
		<set name="type" value="OTHER"/>
		<set name="weight" value="120"/>
	</etcitem>
	<etcitem id="12776" name="Battle Manual - Oblivion Trap">
		<set name="class" value="SPELLBOOKS"/>
		<set name="crystal_type" value="NONE"/>
		<set name="icon" value="icon.etc_kamael_skill_book_i00"/>
		<set name="price" value="10000"/>
		<set name="stackable" value="true"/>
		<set name="type" value="OTHER"/>
		<set name="weight" value="120"/>
	</etcitem>
	<etcitem id="12777" name="Battle Manual - Painkiller">
		<set name="class" value="SPELLBOOKS"/>
		<set name="crystal_type" value="NONE"/>
		<set name="icon" value="icon.etc_kamael_skill_book_i00"/>
		<set name="price" value="10000"/>
		<set name="stackable" value="true"/>
		<set name="type" value="OTHER"/>
		<set name="weight" value="120"/>
	</etcitem>
	<etcitem id="12778" name="Battle Manual - Soul Web">
		<set name="class" value="SPELLBOOKS"/>
		<set name="crystal_type" value="NONE"/>
		<set name="icon" value="icon.etc_kamael_skill_book_i00"/>
		<set name="price" value="10000"/>
		<set name="stackable" value="true"/>
		<set name="type" value="OTHER"/>
		<set name="weight" value="120"/>
	</etcitem>
</list>
