<?xml version="1.0" encoding="UTF-8"?>
<!DOCTYPE list SYSTEM "item.dtd">
<list>
	<etcitem id="13400" name="Escape - Gludin Village">
		<set name="class" value="CONSUMABLE"/>
		<set name="crystal_type" value="NONE"/>
		<set name="dropable" value="false"/>
		<set name="icon" value="icon.etc_scroll_of_return_i00"/>
		<set name="stackable" value="true"/>
		<set name="tradeable" value="false"/>
		<set name="type" value="SCROLL"/>
		<set name="weight" value="30"/>
		<skills>
			<skill id="2609" level="6"/>
		</skills>
		<set name="capsuled" value="true"/>
	</etcitem>
	<etcitem id="13401" name="Escape - Town of Gludio">
		<set name="class" value="CONSUMABLE"/>
		<set name="crystal_type" value="NONE"/>
		<set name="dropable" value="false"/>
		<set name="icon" value="icon.etc_scroll_of_return_i00"/>
		<set name="stackable" value="true"/>
		<set name="tradeable" value="false"/>
		<set name="type" value="SCROLL"/>
		<set name="weight" value="30"/>
		<skills>
			<skill id="2609" level="7"/>
		</skills>
		<set name="capsuled" value="true"/>
	</etcitem>
	<etcitem id="13402" name="Escape - Town of Dion">
		<set name="class" value="CONSUMABLE"/>
		<set name="crystal_type" value="NONE"/>
		<set name="dropable" value="false"/>
		<set name="icon" value="icon.etc_scroll_of_return_i00"/>
		<set name="stackable" value="true"/>
		<set name="tradeable" value="false"/>
		<set name="type" value="SCROLL"/>
		<set name="weight" value="30"/>
		<skills>
			<skill id="2609" level="8"/>
		</skills>
		<set name="capsuled" value="true"/>
	</etcitem>
	<etcitem id="13403" name="Escape - Floran Village">
		<set name="class" value="CONSUMABLE"/>
		<set name="crystal_type" value="NONE"/>
		<set name="dropable" value="false"/>
		<set name="icon" value="icon.etc_scroll_of_return_i00"/>
		<set name="stackable" value="true"/>
		<set name="tradeable" value="false"/>
		<set name="type" value="SCROLL"/>
		<set name="weight" value="30"/>
		<skills>
			<skill id="2609" level="9"/>
		</skills>
		<set name="capsuled" value="true"/>
	</etcitem>
	<etcitem id="13404" name="Escape - Giran Castle Town">
		<set name="class" value="CONSUMABLE"/>
		<set name="crystal_type" value="NONE"/>
		<set name="dropable" value="false"/>
		<set name="icon" value="icon.etc_scroll_of_return_i00"/>
		<set name="stackable" value="true"/>
		<set name="tradeable" value="false"/>
		<set name="type" value="SCROLL"/>
		<set name="weight" value="30"/>
		<skills>
			<skill id="2609" level="10"/>
		</skills>
		<set name="capsuled" value="true"/>
	</etcitem>
	<etcitem id="13405" name="Escape - Hardin's Academy">
		<set name="class" value="CONSUMABLE"/>
		<set name="crystal_type" value="NONE"/>
		<set name="dropable" value="false"/>
		<set name="icon" value="icon.etc_scroll_of_return_i00"/>
		<set name="stackable" value="true"/>
		<set name="tradeable" value="false"/>
		<set name="type" value="SCROLL"/>
		<set name="weight" value="30"/>
		<skills>
			<skill id="2609" level="11"/>
		</skills>
		<set name="capsuled" value="true"/>
	</etcitem>
	<etcitem id="13406" name="Escape - Heine">
		<set name="class" value="CONSUMABLE"/>
		<set name="crystal_type" value="NONE"/>
		<set name="dropable" value="false"/>
		<set name="icon" value="icon.etc_scroll_of_return_i00"/>
		<set name="stackable" value="true"/>
		<set name="tradeable" value="false"/>
		<set name="type" value="SCROLL"/>
		<set name="weight" value="30"/>
		<skills>
			<skill id="2609" level="12"/>
		</skills>
		<set name="capsuled" value="true"/>
	</etcitem>
	<etcitem id="13407" name="Escape - Town of Oren">
		<set name="class" value="CONSUMABLE"/>
		<set name="crystal_type" value="NONE"/>
		<set name="dropable" value="false"/>
		<set name="icon" value="icon.etc_scroll_of_return_i00"/>
		<set name="stackable" value="true"/>
		<set name="tradeable" value="false"/>
		<set name="type" value="SCROLL"/>
		<set name="weight" value="30"/>
		<skills>
			<skill id="2609" level="13"/>
		</skills>
		<set name="capsuled" value="true"/>
	</etcitem>
	<etcitem id="13408" name="Escape - Ivory Tower">
		<set name="class" value="CONSUMABLE"/>
		<set name="crystal_type" value="NONE"/>
		<set name="dropable" value="false"/>
		<set name="icon" value="icon.etc_scroll_of_return_i00"/>
		<set name="stackable" value="true"/>
		<set name="tradeable" value="false"/>
		<set name="type" value="SCROLL"/>
		<set name="weight" value="30"/>
		<skills>
			<skill id="2609" level="14"/>
		</skills>
		<set name="capsuled" value="true"/>
	</etcitem>
	<etcitem id="13409" name="Escape - Hunters Village">
		<set name="class" value="CONSUMABLE"/>
		<set name="crystal_type" value="NONE"/>
		<set name="dropable" value="false"/>
		<set name="icon" value="icon.etc_scroll_of_return_i00"/>
		<set name="stackable" value="true"/>
		<set name="tradeable" value="false"/>
		<set name="type" value="SCROLL"/>
		<set name="weight" value="30"/>
		<skills>
			<skill id="2609" level="15"/>
		</skills>
		<set name="capsuled" value="true"/>
	</etcitem>
	<etcitem id="13410" name="Escape - Town of Aden">
		<set name="class" value="CONSUMABLE"/>
		<set name="crystal_type" value="NONE"/>
		<set name="dropable" value="false"/>
		<set name="icon" value="icon.etc_scroll_of_return_i00"/>
		<set name="stackable" value="true"/>
		<set name="tradeable" value="false"/>
		<set name="type" value="SCROLL"/>
		<set name="weight" value="30"/>
		<skills>
			<skill id="2609" level="16"/>
		</skills>
		<set name="capsuled" value="true"/>
	</etcitem>
	<etcitem id="13411" name="Escape - Town of Goddard">
		<set name="class" value="CONSUMABLE"/>
		<set name="crystal_type" value="NONE"/>
		<set name="dropable" value="false"/>
		<set name="icon" value="icon.etc_scroll_of_return_i00"/>
		<set name="stackable" value="true"/>
		<set name="tradeable" value="false"/>
		<set name="type" value="SCROLL"/>
		<set name="weight" value="30"/>
		<skills>
			<skill id="2609" level="17"/>
		</skills>
		<set name="capsuled" value="true"/>
	</etcitem>
	<etcitem id="13412" name="Escape - Rune Township">
		<set name="class" value="CONSUMABLE"/>
		<set name="crystal_type" value="NONE"/>
		<set name="dropable" value="false"/>
		<set name="icon" value="icon.etc_scroll_of_return_i00"/>
		<set name="stackable" value="true"/>
		<set name="tradeable" value="false"/>
		<set name="type" value="SCROLL"/>
		<set name="weight" value="30"/>
		<skills>
			<skill id="2609" level="18"/>
		</skills>
		<set name="capsuled" value="true"/>
	</etcitem>
	<etcitem id="13413" name="Escape - Town of Schuttgart">
		<set name="class" value="CONSUMABLE"/>
		<set name="crystal_type" value="NONE"/>
		<set name="dropable" value="false"/>
		<set name="icon" value="icon.etc_scroll_of_return_i00"/>
		<set name="stackable" value="true"/>
		<set name="tradeable" value="false"/>
		<set name="type" value="SCROLL"/>
		<set name="weight" value="30"/>
		<skills>
			<skill id="2609" level="19"/>
		</skills>
		<set name="capsuled" value="true"/>
	</etcitem>
	<etcitem id="13414" name="Escape - Kamael Village">
		<set name="class" value="CONSUMABLE"/>
		<set name="crystal_type" value="NONE"/>
		<set name="dropable" value="false"/>
		<set name="icon" value="icon.etc_scroll_of_return_i00"/>
		<set name="stackable" value="true"/>
		<set name="tradeable" value="false"/>
		<set name="type" value="SCROLL"/>
		<set name="weight" value="30"/>
		<skills>
			<skill id="2609" level="20"/>
		</skills>
		<set name="capsuled" value="true"/>
	</etcitem>
	<etcitem id="13417" name="L2day - Letter Y">
		<set name="class" value="OTHER"/>
		<set name="ex_type" value="OTHER_ITEMS"/>
		<set name="crystal_type" value="NONE"/>
		<set name="icon" value="icon.etc_alphabet_y_i00"/>
		<set name="stackable" value="true"/>
		<set name="type" value="OTHER"/>
	</etcitem>
	<etcitem id="13418" name="L2day - Letter 5">
		<set name="class" value="OTHER"/>
		<set name="ex_type" value="OTHER_ITEMS"/>
		<set name="crystal_type" value="NONE"/>
		<set name="icon" value="icon.etc_alphabet_5_i00"/>
		<set name="stackable" value="true"/>
		<set name="type" value="OTHER"/>
	</etcitem>
	<etcitem id="13419" name="Lineage II Commemorative Mark">
		<set name="class" value="CONSUMABLE"/>
		<set name="crystal_type" value="NONE"/>
		<set name="dropable" value="false"/>
		<set name="icon" value="icon.etc_scroll_of_memory_i00"/>
		<set name="stackable" value="true"/>
		<set name="tradeable" value="false"/>
		<set name="type" value="SCROLL"/>
		<set name="weight" value="20"/>
	</etcitem>
	<etcitem id="13420" name="Multi-colored Honey Rice Cake">
		<set name="reuse_delay" value="3000"/>
		<set name="class" value="CONSUMABLE"/>
		<set name="crystal_type" value="NONE"/>
		<set name="icon" value="icon.etc_five_color_honey_cake_i00"/>
		<set name="stackable" value="true"/>
		<set name="type" value="POTION"/>
		<set name="ex_type" value="POTION"/>
		<set name="weight" value="5"/>
	</etcitem>
	<etcitem id="13421" name="Honey Wheat Cake">
		<set name="reuse_delay" value="3000"/>
		<set name="class" value="CONSUMABLE"/>
		<set name="crystal_type" value="NONE"/>
		<set name="dropable" value="false"/>
		<set name="icon" value="icon.etc_cake_of_wheatlfour_i00"/>
		<set name="stackable" value="true"/>
		<set name="tradeable" value="false"/>
		<set name="type" value="POTION"/>
		<set name="ex_type" value="POTION"/>
		<set name="weight" value="5"/>
	</etcitem>
	<etcitem id="13422" name="Medium Parchment Box">
		<set name="class" value="OTHER"/>
		<set name="ex_type" value="OTHER_ITEMS"/>
		<set name="crystal_type" value="NONE"/>
		<set name="dropable" value="false"/>
		<set name="icon" value="icon.etc_exchange_box_i00"/>
		<set name="stackable" value="true"/>
		<set name="tradeable" value="false"/>
		<set name="type" value="OTHER"/>
		<set name="weight" value="100"/>
		<skills>
			<skill id="2644" level="1"/>
		</skills>
		<set name="capsuled" value="true"/>
	</etcitem>
	<etcitem id="13423" name="Medium Mineral Box">
		<set name="class" value="OTHER"/>
		<set name="ex_type" value="OTHER_ITEMS"/>
		<set name="crystal_type" value="NONE"/>
		<set name="dropable" value="false"/>
		<set name="icon" value="icon.etc_exchange_box_i00"/>
		<set name="stackable" value="true"/>
		<set name="tradeable" value="false"/>
		<set name="type" value="OTHER"/>
		<set name="weight" value="100"/>
		<skills>
			<skill id="2639" level="1"/>
		</skills>
		<set name="capsuled" value="true"/>
	</etcitem>
	<etcitem id="13424" name="Large Libation Box">
		<set name="class" value="OTHER"/>
		<set name="ex_type" value="OTHER_ITEMS"/>
		<set name="crystal_type" value="NONE"/>
		<set name="dropable" value="false"/>
		<set name="icon" value="icon.etc_exchange_box_i00"/>
		<set name="stackable" value="true"/>
		<set name="tradeable" value="false"/>
		<set name="type" value="OTHER"/>
		<set name="weight" value="100"/>
		<skills>
			<skill id="2642" level="1"/>
		</skills>
		<set name="capsuled" value="true"/>
	</etcitem>
	<etcitem id="13425" name="Small Parchment Box">
		<set name="class" value="OTHER"/>
		<set name="ex_type" value="OTHER_ITEMS"/>
		<set name="crystal_type" value="NONE"/>
		<set name="dropable" value="false"/>
		<set name="icon" value="icon.etc_exchange_box_i00"/>
		<set name="stackable" value="true"/>
		<set name="tradeable" value="false"/>
		<set name="type" value="OTHER"/>
		<set name="weight" value="100"/>
		<skills>
			<skill id="2643" level="1"/>
		</skills>
		<set name="capsuled" value="true"/>
	</etcitem>
	<etcitem id="13426" name="Small Mineral Box">
		<set name="class" value="OTHER"/>
		<set name="ex_type" value="OTHER_ITEMS"/>
		<set name="crystal_type" value="NONE"/>
		<set name="dropable" value="false"/>
		<set name="icon" value="icon.etc_exchange_box_i00"/>
		<set name="stackable" value="true"/>
		<set name="tradeable" value="false"/>
		<set name="type" value="OTHER"/>
		<set name="weight" value="100"/>
		<skills>
			<skill id="2638" level="1"/>
		</skills>
		<set name="capsuled" value="true"/>
	</etcitem>
	<etcitem id="13427" name="Medium Libation Box">
		<set name="class" value="OTHER"/>
		<set name="ex_type" value="OTHER_ITEMS"/>
		<set name="crystal_type" value="NONE"/>
		<set name="dropable" value="false"/>
		<set name="icon" value="icon.etc_exchange_box_i00"/>
		<set name="stackable" value="true"/>
		<set name="tradeable" value="false"/>
		<set name="type" value="OTHER"/>
		<set name="weight" value="100"/>
		<skills>
			<skill id="2641" level="1"/>
		</skills>
		<set name="capsuled" value="true"/>
	</etcitem>
	<etcitem id="13428" name="Small Libation Box">
		<set name="class" value="OTHER"/>
		<set name="ex_type" value="OTHER_ITEMS"/>
		<set name="crystal_type" value="NONE"/>
		<set name="dropable" value="false"/>
		<set name="icon" value="icon.etc_exchange_box_i00"/>
		<set name="stackable" value="true"/>
		<set name="tradeable" value="false"/>
		<set name="type" value="OTHER"/>
		<set name="weight" value="100"/>
		<skills>
			<skill id="2640" level="1"/>
		</skills>
		<set name="capsuled" value="true"/>
	</etcitem>
</list>
