<?xml version="1.0" encoding="UTF-8"?>
<!DOCTYPE list SYSTEM "item.dtd">
<list>
	<etcitem id="13700" name="Innadril Supply Box - Magic Pin" add_name="Grade B, C">
		<set name="class" value="OTHER"/>
		<set name="ex_type" value="OTHER_ITEMS"/>
		<set name="crystal_type" value="NONE"/>
		<set name="dropable" value="false"/>
		<set name="icon" value="icon.etc_box_of_adventure_1_i00"/>
		<set name="stackable" value="true"/>
		<set name="tradeable" value="false"/>
		<set name="type" value="OTHER"/>
		<set name="weight" value="100"/>
		<skills>
			<skill id="2926" level="1"/>
		</skills>
		<set name="capsuled" value="true"/>
	</etcitem>
	<etcitem id="13701" name="Goddard Supply Box - Magic Pin" add_name="Grade B, C">
		<set name="class" value="OTHER"/>
		<set name="ex_type" value="OTHER_ITEMS"/>
		<set name="crystal_type" value="NONE"/>
		<set name="dropable" value="false"/>
		<set name="icon" value="icon.etc_box_of_adventure_1_i00"/>
		<set name="stackable" value="true"/>
		<set name="tradeable" value="false"/>
		<set name="type" value="OTHER"/>
		<set name="weight" value="100"/>
		<skills>
			<skill id="2927" level="1"/>
		</skills>
		<set name="capsuled" value="true"/>
	</etcitem>
	<etcitem id="13702" name="Rune Supply Box - Magic Pin" add_name="Grade B, C">
		<set name="class" value="OTHER"/>
		<set name="ex_type" value="OTHER_ITEMS"/>
		<set name="crystal_type" value="NONE"/>
		<set name="dropable" value="false"/>
		<set name="icon" value="icon.etc_box_of_adventure_1_i00"/>
		<set name="stackable" value="true"/>
		<set name="tradeable" value="false"/>
		<set name="type" value="OTHER"/>
		<set name="weight" value="100"/>
		<skills>
			<skill id="2928" level="1"/>
		</skills>
		<set name="capsuled" value="true"/>
	</etcitem>
	<etcitem id="13703" name="Schuttgart Supply Box - Magic Pin" add_name="Grade B, C">
		<set name="class" value="OTHER"/>
		<set name="ex_type" value="OTHER_ITEMS"/>
		<set name="crystal_type" value="NONE"/>
		<set name="dropable" value="false"/>
		<set name="icon" value="icon.etc_box_of_adventure_1_i00"/>
		<set name="stackable" value="true"/>
		<set name="tradeable" value="false"/>
		<set name="type" value="OTHER"/>
		<set name="weight" value="100"/>
		<skills>
			<skill id="2929" level="1"/>
		</skills>
		<set name="capsuled" value="true"/>
	</etcitem>
	<etcitem id="13704" name="Gludio Supply Box - Magic Pouch" add_name="Grade B, C">
		<set name="class" value="OTHER"/>
		<set name="ex_type" value="OTHER_ITEMS"/>
		<set name="crystal_type" value="NONE"/>
		<set name="dropable" value="false"/>
		<set name="icon" value="icon.etc_box_of_adventure_2_i00"/>
		<set name="stackable" value="true"/>
		<set name="tradeable" value="false"/>
		<set name="type" value="OTHER"/>
		<set name="weight" value="100"/>
		<skills>
			<skill id="2930" level="1"/>
		</skills>
		<set name="capsuled" value="true"/>
	</etcitem>
	<etcitem id="13705" name="Dion Supply Box - Magic Pouch" add_name="Grade B, C">
		<set name="class" value="OTHER"/>
		<set name="ex_type" value="OTHER_ITEMS"/>
		<set name="crystal_type" value="NONE"/>
		<set name="dropable" value="false"/>
		<set name="icon" value="icon.etc_box_of_adventure_2_i00"/>
		<set name="stackable" value="true"/>
		<set name="tradeable" value="false"/>
		<set name="type" value="OTHER"/>
		<set name="weight" value="100"/>
		<skills>
			<skill id="2931" level="1"/>
		</skills>
		<set name="capsuled" value="true"/>
	</etcitem>
	<etcitem id="13706" name="Giran Supply Box - Magic Pouch" add_name="Grade B, C">
		<set name="class" value="OTHER"/>
		<set name="ex_type" value="OTHER_ITEMS"/>
		<set name="crystal_type" value="NONE"/>
		<set name="dropable" value="false"/>
		<set name="icon" value="icon.etc_box_of_adventure_2_i00"/>
		<set name="stackable" value="true"/>
		<set name="tradeable" value="false"/>
		<set name="type" value="OTHER"/>
		<set name="weight" value="100"/>
		<skills>
			<skill id="2932" level="1"/>
		</skills>
		<set name="capsuled" value="true"/>
	</etcitem>
	<etcitem id="13707" name="Oren Supply Box - Magic Pouch" add_name="Grade B, C">
		<set name="class" value="OTHER"/>
		<set name="ex_type" value="OTHER_ITEMS"/>
		<set name="crystal_type" value="NONE"/>
		<set name="dropable" value="false"/>
		<set name="icon" value="icon.etc_box_of_adventure_2_i00"/>
		<set name="stackable" value="true"/>
		<set name="tradeable" value="false"/>
		<set name="type" value="OTHER"/>
		<set name="weight" value="100"/>
		<skills>
			<skill id="2933" level="1"/>
		</skills>
		<set name="capsuled" value="true"/>
	</etcitem>
	<etcitem id="13708" name="Aden Supply Box - Magic Pouch" add_name="Grade B, C">
		<set name="class" value="OTHER"/>
		<set name="ex_type" value="OTHER_ITEMS"/>
		<set name="crystal_type" value="NONE"/>
		<set name="dropable" value="false"/>
		<set name="icon" value="icon.etc_box_of_adventure_2_i00"/>
		<set name="stackable" value="true"/>
		<set name="tradeable" value="false"/>
		<set name="type" value="OTHER"/>
		<set name="weight" value="100"/>
		<skills>
			<skill id="2934" level="1"/>
		</skills>
		<set name="capsuled" value="true"/>
	</etcitem>
	<etcitem id="13709" name="Innadril Supply Box - Magic Pouch" add_name="Grade B, C">
		<set name="class" value="OTHER"/>
		<set name="ex_type" value="OTHER_ITEMS"/>
		<set name="crystal_type" value="NONE"/>
		<set name="dropable" value="false"/>
		<set name="icon" value="icon.etc_box_of_adventure_2_i00"/>
		<set name="stackable" value="true"/>
		<set name="tradeable" value="false"/>
		<set name="type" value="OTHER"/>
		<set name="weight" value="100"/>
		<skills>
			<skill id="2935" level="1"/>
		</skills>
		<set name="capsuled" value="true"/>
	</etcitem>
	<etcitem id="13710" name="Goddard Supply Box - Magic Pouch" add_name="Grade B, C">
		<set name="class" value="OTHER"/>
		<set name="ex_type" value="OTHER_ITEMS"/>
		<set name="crystal_type" value="NONE"/>
		<set name="dropable" value="false"/>
		<set name="icon" value="icon.etc_box_of_adventure_2_i00"/>
		<set name="stackable" value="true"/>
		<set name="tradeable" value="false"/>
		<set name="type" value="OTHER"/>
		<set name="weight" value="100"/>
		<skills>
			<skill id="2936" level="1"/>
		</skills>
		<set name="capsuled" value="true"/>
	</etcitem>
	<etcitem id="13711" name="Rune Supply Box - Magic Pouch" add_name="Grade B, C">
		<set name="class" value="OTHER"/>
		<set name="ex_type" value="OTHER_ITEMS"/>
		<set name="crystal_type" value="NONE"/>
		<set name="dropable" value="false"/>
		<set name="icon" value="icon.etc_box_of_adventure_2_i00"/>
		<set name="stackable" value="true"/>
		<set name="tradeable" value="false"/>
		<set name="type" value="OTHER"/>
		<set name="weight" value="100"/>
		<skills>
			<skill id="2937" level="1"/>
		</skills>
		<set name="capsuled" value="true"/>
	</etcitem>
	<etcitem id="13712" name="Schuttgart Supply Box - Magic Pouch" add_name="Grade B, C">
		<set name="class" value="OTHER"/>
		<set name="ex_type" value="OTHER_ITEMS"/>
		<set name="crystal_type" value="NONE"/>
		<set name="dropable" value="false"/>
		<set name="icon" value="icon.etc_box_of_adventure_2_i00"/>
		<set name="stackable" value="true"/>
		<set name="tradeable" value="false"/>
		<set name="type" value="OTHER"/>
		<set name="weight" value="100"/>
		<skills>
			<skill id="2938" level="1"/>
		</skills>
		<set name="capsuled" value="true"/>
	</etcitem>
	<etcitem id="13713" name="Gludio Supply Box - Belt" add_name="Grade B, C">
		<set name="class" value="OTHER"/>
		<set name="ex_type" value="OTHER_ITEMS"/>
		<set name="crystal_type" value="NONE"/>
		<set name="dropable" value="false"/>
		<set name="icon" value="icon.etc_box_of_adventure_3_i00"/>
		<set name="stackable" value="true"/>
		<set name="tradeable" value="false"/>
		<set name="type" value="OTHER"/>
		<set name="weight" value="100"/>
		<skills>
			<skill id="2939" level="1"/>
		</skills>
		<set name="capsuled" value="true"/>
	</etcitem>
	<etcitem id="13714" name="Dion Supply Box - Belt" add_name="Grade B, C">
		<set name="class" value="OTHER"/>
		<set name="ex_type" value="OTHER_ITEMS"/>
		<set name="crystal_type" value="NONE"/>
		<set name="dropable" value="false"/>
		<set name="icon" value="icon.etc_box_of_adventure_3_i00"/>
		<set name="stackable" value="true"/>
		<set name="tradeable" value="false"/>
		<set name="type" value="OTHER"/>
		<set name="weight" value="100"/>
		<skills>
			<skill id="2940" level="1"/>
		</skills>
		<set name="capsuled" value="true"/>
	</etcitem>
	<etcitem id="13715" name="Giran Supply Box - Belt" add_name="Grade B, C">
		<set name="class" value="OTHER"/>
		<set name="ex_type" value="OTHER_ITEMS"/>
		<set name="crystal_type" value="NONE"/>
		<set name="dropable" value="false"/>
		<set name="icon" value="icon.etc_box_of_adventure_3_i00"/>
		<set name="stackable" value="true"/>
		<set name="tradeable" value="false"/>
		<set name="type" value="OTHER"/>
		<set name="weight" value="100"/>
		<skills>
			<skill id="2941" level="1"/>
		</skills>
		<set name="capsuled" value="true"/>
	</etcitem>
	<etcitem id="13716" name="Oren Supply Box - Belt" add_name="Grade B, C">
		<set name="class" value="OTHER"/>
		<set name="ex_type" value="OTHER_ITEMS"/>
		<set name="crystal_type" value="NONE"/>
		<set name="dropable" value="false"/>
		<set name="icon" value="icon.etc_box_of_adventure_3_i00"/>
		<set name="stackable" value="true"/>
		<set name="tradeable" value="false"/>
		<set name="type" value="OTHER"/>
		<set name="weight" value="100"/>
		<skills>
			<skill id="2942" level="1"/>
		</skills>
		<set name="capsuled" value="true"/>
	</etcitem>
	<etcitem id="13717" name="Aden Supply Box - Belt" add_name="Grade B, C">
		<set name="class" value="OTHER"/>
		<set name="ex_type" value="OTHER_ITEMS"/>
		<set name="crystal_type" value="NONE"/>
		<set name="dropable" value="false"/>
		<set name="icon" value="icon.etc_box_of_adventure_3_i00"/>
		<set name="stackable" value="true"/>
		<set name="tradeable" value="false"/>
		<set name="type" value="OTHER"/>
		<set name="weight" value="100"/>
		<skills>
			<skill id="2943" level="1"/>
		</skills>
		<set name="capsuled" value="true"/>
	</etcitem>
	<etcitem id="13718" name="Innadril Supply Box - Belt" add_name="Grade B, C">
		<set name="class" value="OTHER"/>
		<set name="ex_type" value="OTHER_ITEMS"/>
		<set name="crystal_type" value="NONE"/>
		<set name="dropable" value="false"/>
		<set name="icon" value="icon.etc_box_of_adventure_3_i00"/>
		<set name="stackable" value="true"/>
		<set name="tradeable" value="false"/>
		<set name="type" value="OTHER"/>
		<set name="weight" value="100"/>
		<skills>
			<skill id="2944" level="1"/>
		</skills>
		<set name="capsuled" value="true"/>
	</etcitem>
	<etcitem id="13719" name="Goddard Supply Box - Belt" add_name="Grade B, C">
		<set name="class" value="OTHER"/>
		<set name="ex_type" value="OTHER_ITEMS"/>
		<set name="crystal_type" value="NONE"/>
		<set name="dropable" value="false"/>
		<set name="icon" value="icon.etc_box_of_adventure_3_i00"/>
		<set name="stackable" value="true"/>
		<set name="tradeable" value="false"/>
		<set name="type" value="OTHER"/>
		<set name="weight" value="100"/>
		<skills>
			<skill id="2945" level="1"/>
		</skills>
		<set name="capsuled" value="true"/>
	</etcitem>
	<etcitem id="13720" name="Rune Supply Box - Belt" add_name="Grade B, C">
		<set name="class" value="OTHER"/>
		<set name="ex_type" value="OTHER_ITEMS"/>
		<set name="crystal_type" value="NONE"/>
		<set name="dropable" value="false"/>
		<set name="icon" value="icon.etc_box_of_adventure_3_i00"/>
		<set name="stackable" value="true"/>
		<set name="tradeable" value="false"/>
		<set name="type" value="OTHER"/>
		<set name="weight" value="100"/>
		<skills>
			<skill id="2946" level="1"/>
		</skills>
		<set name="capsuled" value="true"/>
	</etcitem>
	<etcitem id="13721" name="Schuttgart Supply Box - Belt" add_name="Grade B, C">
		<set name="class" value="OTHER"/>
		<set name="ex_type" value="OTHER_ITEMS"/>
		<set name="crystal_type" value="NONE"/>
		<set name="dropable" value="false"/>
		<set name="icon" value="icon.etc_box_of_adventure_3_i00"/>
		<set name="stackable" value="true"/>
		<set name="tradeable" value="false"/>
		<set name="type" value="OTHER"/>
		<set name="weight" value="100"/>
		<skills>
			<skill id="2947" level="1"/>
		</skills>
		<set name="capsuled" value="true"/>
	</etcitem>
	<etcitem id="13722" name="Olympiad Token">
		<set name="class" value="OTHER"/>
		<set name="ex_type" value="OTHER_ITEMS"/>
		<set name="crystal_type" value="NONE"/>
		<set name="dropable" value="false"/>
		<set name="icon" value="icon.scroll_of_verification_i00"/>
		<set name="stackable" value="true"/>
		<set name="tradeable" value="false"/>
		<set name="type" value="QUEST"/>
	</etcitem>
	<etcitem id="13723" name="Design - High Quality MP Recovery Stone">
		<set name="class" value="RECIPIES"/>
		<set name="crystal_type" value="NONE"/>
		<set name="icon" value="icon.scroll_of_verification_i01"/>
		<set name="price" value="600"/>
		<set name="stackable" value="true"/>
		<set name="type" value="RECIPE"/>
		<set name="ex_type" value="RECIPE"/>
		<set name="weight" value="30"/>
	</etcitem>
	<etcitem id="13724" name="Design - High Quality HP MP Recovery Stone">
		<set name="class" value="RECIPIES"/>
		<set name="crystal_type" value="NONE"/>
		<set name="icon" value="icon.scroll_of_verification_i02"/>
		<set name="price" value="600"/>
		<set name="stackable" value="true"/>
		<set name="type" value="RECIPE"/>
		<set name="ex_type" value="RECIPE"/>
		<set name="weight" value="30"/>
	</etcitem>
	<etcitem id="13725" name="Design - Recovery Stone">
		<set name="class" value="RECIPIES"/>
		<set name="crystal_type" value="NONE"/>
		<set name="icon" value="icon.scroll_of_verification_i03"/>
		<set name="price" value="600"/>
		<set name="stackable" value="true"/>
		<set name="type" value="RECIPE"/>
		<set name="ex_type" value="RECIPE"/>
		<set name="weight" value="30"/>
	</etcitem>
	<etcitem id="13726" name="Design - Energy Star Stone">
		<set name="class" value="RECIPIES"/>
		<set name="crystal_type" value="NONE"/>
		<set name="icon" value="icon.scroll_of_verification_i04"/>
		<set name="price" value="600"/>
		<set name="stackable" value="true"/>
		<set name="type" value="RECIPE"/>
		<set name="ex_type" value="RECIPE"/>
		<set name="weight" value="30"/>
	</etcitem>
	<etcitem id="13727" name="Design - High Quality Energy Star Stone">
		<set name="class" value="RECIPIES"/>
		<set name="crystal_type" value="NONE"/>
		<set name="icon" value="icon.scroll_of_verification_i05"/>
		<set name="price" value="600"/>
		<set name="stackable" value="true"/>
		<set name="type" value="RECIPE"/>
		<set name="ex_type" value="RECIPE"/>
		<set name="weight" value="30"/>
	</etcitem>
	<etcitem id="13728" name="Expert Text - Star Stone Extraction Skill. Level 1">
		<set name="class" value="OTHER"/>
		<set name="ex_type" value="OTHER_ITEMS"/>
		<set name="crystal_type" value="NONE"/>
		<set name="icon" value="icon.etc_magic_book_black_i00"/>
		<set name="stackable" value="true"/>
		<set name="type" value="OTHER"/>
		<set name="weight" value="120"/>
	</etcitem>
	<etcitem id="13729" name="Expert Text - Star Stone Extraction Skill. Level 2">
		<set name="class" value="OTHER"/>
		<set name="ex_type" value="OTHER_ITEMS"/>
		<set name="crystal_type" value="NONE"/>
		<set name="icon" value="icon.etc_magic_book_blue_i00"/>
		<set name="type" value="OTHER"/>
		<set name="weight" value="20"/>
	</etcitem>
	<etcitem id="13730" name="Expert Text - Star Stone Extraction Skill. Level 3">
		<set name="class" value="OTHER"/>
		<set name="ex_type" value="OTHER_ITEMS"/>
		<set name="crystal_type" value="NONE"/>
		<set name="icon" value="icon.etc_magic_book_red_i00"/>
		<set name="type" value="OTHER"/>
		<set name="weight" value="20"/>
	</etcitem>
	<etcitem id="13731" name="Gludio Blessed Scroll of Escape">
		<set name="class" value="OTHER"/>
		<set name="ex_type" value="OTHER_ITEMS"/>
		<set name="crystal_type" value="NONE"/>
		<set name="icon" value="icon.etc_scroll_of_return_i01"/>
		<set name="stackable" value="true"/>
		<set name="type" value="OTHER"/>
		<set name="weight" value="120"/>
	</etcitem>
	<etcitem id="13732" name="Dion Blessed Scroll of Escape">
		<set name="class" value="OTHER"/>
		<set name="ex_type" value="OTHER_ITEMS"/>
		<set name="crystal_type" value="NONE"/>
		<set name="icon" value="icon.etc_scroll_of_return_i01"/>
		<set name="stackable" value="true"/>
		<set name="type" value="OTHER"/>
		<set name="weight" value="120"/>
	</etcitem>
	<etcitem id="13733" name="Giran Blessed Scroll of Escape">
		<set name="class" value="OTHER"/>
		<set name="ex_type" value="OTHER_ITEMS"/>
		<set name="crystal_type" value="NONE"/>
		<set name="icon" value="icon.etc_scroll_of_return_i01"/>
		<set name="stackable" value="true"/>
		<set name="type" value="OTHER"/>
		<set name="weight" value="120"/>
	</etcitem>
	<etcitem id="13734" name="Oren Blessed Scroll of Escape">
		<set name="class" value="OTHER"/>
		<set name="ex_type" value="OTHER_ITEMS"/>
		<set name="crystal_type" value="NONE"/>
		<set name="icon" value="icon.etc_scroll_of_return_i01"/>
		<set name="stackable" value="true"/>
		<set name="type" value="OTHER"/>
		<set name="weight" value="120"/>
	</etcitem>
	<etcitem id="13735" name="Aden Blessed Scroll of Escape">
		<set name="class" value="OTHER"/>
		<set name="ex_type" value="OTHER_ITEMS"/>
		<set name="crystal_type" value="NONE"/>
		<set name="icon" value="icon.etc_scroll_of_return_i01"/>
		<set name="stackable" value="true"/>
		<set name="type" value="OTHER"/>
		<set name="weight" value="120"/>
	</etcitem>
	<etcitem id="13736" name="Innadril Blessed Scroll of Escape">
		<set name="class" value="OTHER"/>
		<set name="ex_type" value="OTHER_ITEMS"/>
		<set name="crystal_type" value="NONE"/>
		<set name="icon" value="icon.etc_scroll_of_return_i01"/>
		<set name="stackable" value="true"/>
		<set name="type" value="OTHER"/>
		<set name="weight" value="120"/>
	</etcitem>
	<etcitem id="13737" name="Goddard Blessed Scroll of Escape">
		<set name="class" value="OTHER"/>
		<set name="ex_type" value="OTHER_ITEMS"/>
		<set name="crystal_type" value="NONE"/>
		<set name="icon" value="icon.etc_scroll_of_return_i01"/>
		<set name="stackable" value="true"/>
		<set name="type" value="OTHER"/>
		<set name="weight" value="120"/>
	</etcitem>
	<etcitem id="13738" name="Rune Blessed Scroll of Escape">
		<set name="class" value="OTHER"/>
		<set name="ex_type" value="OTHER_ITEMS"/>
		<set name="crystal_type" value="NONE"/>
		<set name="icon" value="icon.etc_scroll_of_return_i01"/>
		<set name="stackable" value="true"/>
		<set name="type" value="OTHER"/>
		<set name="weight" value="120"/>
	</etcitem>
	<etcitem id="13739" name="Schuttgart Blessed Scroll of Escape">
		<set name="class" value="OTHER"/>
		<set name="ex_type" value="OTHER_ITEMS"/>
		<set name="crystal_type" value="NONE"/>
		<set name="icon" value="icon.etc_scroll_of_return_i01"/>
		<set name="stackable" value="true"/>
		<set name="type" value="OTHER"/>
		<set name="weight" value="120"/>
	</etcitem>
	<etcitem id="13749" name="Emery Piece">
		<set name="class" value="OTHER"/>
		<set name="ex_type" value="OTHER_ITEMS"/>
		<set name="crystal_type" value="NONE"/>
		<set name="dropable" value="false"/>
		<set name="icon" value="icon.piece_of_emery_i00"/>
		<set name="stackable" value="true"/>
		<set name="tradeable" value="false"/>
		<set name="type" value="OTHER"/>
		<set name="weight" value="1"/>
	</etcitem>
	<etcitem id="13750" name="Warrior's Temporary Healing Potion">
		<set name="reuse_delay" value="500"/>
		<set name="class" value="OTHER"/>
		<set name="ex_type" value="OTHER_ITEMS"/>
		<set name="crystal_type" value="NONE"/>
		<set name="dropable" value="false"/>
		<set name="icon" value="icon.etc_potion_gold_i00"/>
		<set name="stackable" value="true"/>
		<set name="tradeable" value="false"/>
		<set name="type" value="OTHER"/>
		<set name="weight" value="180"/>
		<set name="capsuled" value="true"/>
		<cond msgId="1508">
			<not>
				<player olympiad="true"/>
			</not>
		</cond>
		<skills>
			<skill id="2592" level="1"/>
		</skills>
	</etcitem>
	<etcitem id="13757" name="Gludio Territory Badge">
		<set name="class" value="OTHER"/>
		<set name="ex_type" value="OTHER_ITEMS"/>
		<set name="crystal_type" value="NONE"/>
		<set name="icon" value="icon.etc_badge_black_i00"/>
		<set name="stackable" value="true"/>
		<set name="type" value="QUEST"/>
	</etcitem>
	<etcitem id="13758" name="Dion Territory Badge">
		<set name="class" value="OTHER"/>
		<set name="ex_type" value="OTHER_ITEMS"/>
		<set name="crystal_type" value="NONE"/>
		<set name="icon" value="icon.etc_badge_black_i00"/>
		<set name="stackable" value="true"/>
		<set name="type" value="QUEST"/>
	</etcitem>
	<etcitem id="13759" name="Giran Territory Badge">
		<set name="class" value="OTHER"/>
		<set name="ex_type" value="OTHER_ITEMS"/>
		<set name="crystal_type" value="NONE"/>
		<set name="icon" value="icon.etc_badge_black_i00"/>
		<set name="stackable" value="true"/>
		<set name="type" value="QUEST"/>
	</etcitem>
	<etcitem id="13760" name="Oren Territory Badge">
		<set name="class" value="OTHER"/>
		<set name="ex_type" value="OTHER_ITEMS"/>
		<set name="crystal_type" value="NONE"/>
		<set name="icon" value="icon.etc_badge_black_i00"/>
		<set name="stackable" value="true"/>
		<set name="type" value="QUEST"/>
	</etcitem>
	<etcitem id="13761" name="Aden Territory Badge">
		<set name="class" value="OTHER"/>
		<set name="ex_type" value="OTHER_ITEMS"/>
		<set name="crystal_type" value="NONE"/>
		<set name="icon" value="icon.etc_badge_black_i00"/>
		<set name="stackable" value="true"/>
		<set name="type" value="QUEST"/>
	</etcitem>
	<etcitem id="13762" name="Innadril Territory Badge">
		<set name="class" value="OTHER"/>
		<set name="ex_type" value="OTHER_ITEMS"/>
		<set name="crystal_type" value="NONE"/>
		<set name="icon" value="icon.etc_badge_black_i00"/>
		<set name="stackable" value="true"/>
		<set name="type" value="QUEST"/>
	</etcitem>
	<etcitem id="13763" name="Goddard Territory Badge">
		<set name="class" value="OTHER"/>
		<set name="ex_type" value="OTHER_ITEMS"/>
		<set name="crystal_type" value="NONE"/>
		<set name="icon" value="icon.etc_badge_black_i00"/>
		<set name="stackable" value="true"/>
		<set name="type" value="QUEST"/>
	</etcitem>
	<etcitem id="13764" name="Rune Territory Badge">
		<set name="class" value="OTHER"/>
		<set name="ex_type" value="OTHER_ITEMS"/>
		<set name="crystal_type" value="NONE"/>
		<set name="icon" value="icon.etc_badge_black_i00"/>
		<set name="stackable" value="true"/>
		<set name="type" value="QUEST"/>
	</etcitem>
	<etcitem id="13765" name="Schuttgart Territory Badge">
		<set name="class" value="OTHER"/>
		<set name="ex_type" value="OTHER_ITEMS"/>
		<set name="crystal_type" value="NONE"/>
		<set name="icon" value="icon.etc_badge_black_i00"/>
		<set name="stackable" value="true"/>
		<set name="type" value="QUEST"/>
	</etcitem>
	<etcitem id="13766" name="Ordinary Mercenary Certificate">
		<set name="class" value="OTHER"/>
		<set name="ex_type" value="OTHER_ITEMS"/>
		<set name="crystal_type" value="NONE"/>
		<set name="icon" value="icon.etc_scroll_of_return_i01"/>
		<set name="stackable" value="true"/>
		<set name="type" value="QUEST"/>
	</etcitem>
	<etcitem id="13767" name="Elite Mercenary Certificate">
		<set name="class" value="OTHER"/>
		<set name="ex_type" value="OTHER_ITEMS"/>
		<set name="crystal_type" value="NONE"/>
		<set name="icon" value="icon.etc_scroll_of_return_i01"/>
		<set name="stackable" value="true"/>
		<set name="type" value="QUEST"/>
	</etcitem>
	<etcitem id="13768" name="Top Elite Mercenary Certificate">
		<set name="class" value="OTHER"/>
		<set name="ex_type" value="OTHER_ITEMS"/>
		<set name="crystal_type" value="NONE"/>
		<set name="icon" value="icon.etc_scroll_of_return_i01"/>
		<set name="stackable" value="true"/>
		<set name="type" value="QUEST"/>
	</etcitem>
	<etcitem id="13769" name="Artificial Regeneration Incubator">
		<set name="reuse_delay" value="500"/>
		<set name="class" value="OTHER"/>
		<set name="ex_type" value="OTHER_ITEMS"/>
		<set name="crystal_type" value="NONE"/>
		<set name="dropable" value="false"/>
		<set name="icon" value="icon.immo_lifeseed_decoy_i00"/>
		<set name="stackable" value="true"/>
		<set name="tradeable" value="false"/>
		<set name="type" value="OTHER"/>
	</etcitem>
	<etcitem id="13771" name="Strong Alkali Type Ointment">
		<set name="reuse_delay" value="500"/>
		<set name="class" value="OTHER"/>
		<set name="ex_type" value="OTHER_ITEMS"/>
		<set name="crystal_type" value="NONE"/>
		<set name="icon" value="icon.etc_potion_of_acumen2_i00"/>
		<set name="stackable" value="true"/>
		<set name="type" value="OTHER"/>
		<set name="weight" value="20"/>
	</etcitem>
	<etcitem id="13772" name="Life Aid Bandage">
		<set name="reuse_delay" value="500"/>
		<set name="class" value="OTHER"/>
		<set name="ex_type" value="OTHER_ITEMS"/>
		<set name="crystal_type" value="NONE"/>
		<set name="icon" value="icon.etc_piece_of_cloth_white_i00"/>
		<set name="stackable" value="true"/>
		<set name="type" value="OTHER"/>
		<set name="weight" value="20"/>
	</etcitem>
	<etcitem id="13773" name="Scent of Preservation">
		<set name="reuse_delay" value="500"/>
		<set name="class" value="OTHER"/>
		<set name="ex_type" value="OTHER_ITEMS"/>
		<set name="crystal_type" value="NONE"/>
		<set name="icon" value="icon.etc_potion_red_i00"/>
		<set name="stackable" value="true"/>
		<set name="type" value="OTHER"/>
		<set name="weight" value="80"/>
	</etcitem>
	<etcitem id="13774" name="Scent of Exorcism">
		<set name="reuse_delay" value="500"/>
		<set name="class" value="OTHER"/>
		<set name="ex_type" value="OTHER_ITEMS"/>
		<set name="crystal_type" value="NONE"/>
		<set name="icon" value="icon.etc_holy_grail_i00"/>
		<set name="stackable" value="true"/>
		<set name="type" value="OTHER"/>
		<set name="weight" value="5"/>
	</etcitem>
	<etcitem id="13775" name="Miracle Cure of Resuscitation">
		<set name="reuse_delay" value="500"/>
		<set name="class" value="OTHER"/>
		<set name="ex_type" value="OTHER_ITEMS"/>
		<set name="crystal_type" value="NONE"/>
		<set name="icon" value="icon.etc_cp_potion_i01"/>
		<set name="stackable" value="true"/>
		<set name="type" value="OTHER"/>
		<set name="weight" value="100"/>
	</etcitem>
	<etcitem id="13776" name="Structure Scarab">
		<set name="reuse_delay" value="500"/>
		<set name="class" value="OTHER"/>
		<set name="ex_type" value="OTHER_ITEMS"/>
		<set name="crystal_type" value="NONE"/>
		<set name="dropable" value="false"/>
		<set name="icon" value="icon.etc_beetle_i00"/>
		<set name="stackable" value="true"/>
		<set name="tradeable" value="false"/>
		<set name="type" value="OTHER"/>
		<set name="weight" value="120"/>
	</etcitem>
	<etcitem id="13777" name="Jewel Ornamented Duel Supplies">
		<set name="class" value="OTHER"/>
		<set name="ex_type" value="OTHER_ITEMS"/>
		<set name="crystal_type" value="NONE"/>
		<set name="dropable" value="false"/>
		<set name="icon" value="icon.etc_jewel_box_i00"/>
		<set name="stackable" value="true"/>
		<set name="tradeable" value="false"/>
		<set name="type" value="OTHER"/>
		<set name="weight" value="100"/>
		<skills>
			<skill id="2842" level="1"/>
		</skills>
		<set name="capsuled" value="true"/>
	</etcitem>
	<etcitem id="13778" name="Mother-of-Pearl Ornamented Duel Supplies">
		<set name="class" value="OTHER"/>
		<set name="ex_type" value="OTHER_ITEMS"/>
		<set name="crystal_type" value="NONE"/>
		<set name="dropable" value="false"/>
		<set name="icon" value="icon.etc_jewel_box_i00"/>
		<set name="stackable" value="true"/>
		<set name="tradeable" value="false"/>
		<set name="type" value="OTHER"/>
		<set name="weight" value="100"/>
		<skills>
			<skill id="2843" level="1"/>
		</skills>
		<set name="capsuled" value="true"/>
	</etcitem>
	<etcitem id="13779" name="Gold-Ornamented Duel Supplies">
		<set name="class" value="OTHER"/>
		<set name="ex_type" value="OTHER_ITEMS"/>
		<set name="crystal_type" value="NONE"/>
		<set name="dropable" value="false"/>
		<set name="icon" value="icon.etc_jewel_box_i00"/>
		<set name="stackable" value="true"/>
		<set name="tradeable" value="false"/>
		<set name="type" value="OTHER"/>
		<set name="weight" value="100"/>
		<skills>
			<skill id="2844" level="1"/>
		</skills>
		<set name="capsuled" value="true"/>
	</etcitem>
	<etcitem id="13780" name="Silver-Ornamented Duel Supplies">
		<set name="class" value="OTHER"/>
		<set name="ex_type" value="OTHER_ITEMS"/>
		<set name="crystal_type" value="NONE"/>
		<set name="dropable" value="false"/>
		<set name="icon" value="icon.etc_jewel_box_i00"/>
		<set name="stackable" value="true"/>
		<set name="tradeable" value="false"/>
		<set name="type" value="OTHER"/>
		<set name="weight" value="100"/>
		<skills>
			<skill id="2845" level="1"/>
		</skills>
		<set name="capsuled" value="true"/>
	</etcitem>
	<etcitem id="13781" name="Bronze-Ornamented Duel Supplies">
		<set name="class" value="OTHER"/>
		<set name="ex_type" value="OTHER_ITEMS"/>
		<set name="crystal_type" value="NONE"/>
		<set name="dropable" value="false"/>
		<set name="icon" value="icon.etc_jewel_box_i00"/>
		<set name="stackable" value="true"/>
		<set name="tradeable" value="false"/>
		<set name="type" value="OTHER"/>
		<set name="weight" value="100"/>
		<skills>
			<skill id="2846" level="1"/>
		</skills>
		<set name="capsuled" value="true"/>
	</etcitem>
	<etcitem id="13782" name="Non-Ornamented Duel Supplies">
		<set name="class" value="OTHER"/>
		<set name="ex_type" value="OTHER_ITEMS"/>
		<set name="crystal_type" value="NONE"/>
		<set name="dropable" value="false"/>
		<set name="icon" value="icon.etc_jewel_box_i00"/>
		<set name="stackable" value="true"/>
		<set name="tradeable" value="false"/>
		<set name="type" value="OTHER"/>
		<set name="weight" value="100"/>
		<skills>
			<skill id="2847" level="1"/>
		</skills>
		<set name="capsuled" value="true"/>
	</etcitem>
	<etcitem id="13783" name="Weak-Looking Duel Supplies">
		<set name="class" value="OTHER"/>
		<set name="ex_type" value="OTHER_ITEMS"/>
		<set name="crystal_type" value="NONE"/>
		<set name="dropable" value="false"/>
		<set name="icon" value="icon.etc_jewel_box_i00"/>
		<set name="stackable" value="true"/>
		<set name="tradeable" value="false"/>
		<set name="type" value="OTHER"/>
		<set name="weight" value="100"/>
		<skills>
			<skill id="2848" level="1"/>
		</skills>
		<set name="capsuled" value="true"/>
	</etcitem>
	<etcitem id="13784" name="Sad-Looking Duel Supplies">
		<set name="class" value="OTHER"/>
		<set name="ex_type" value="OTHER_ITEMS"/>
		<set name="crystal_type" value="NONE"/>
		<set name="dropable" value="false"/>
		<set name="icon" value="icon.etc_jewel_box_i00"/>
		<set name="stackable" value="true"/>
		<set name="tradeable" value="false"/>
		<set name="type" value="OTHER"/>
		<set name="weight" value="100"/>
		<skills>
			<skill id="2849" level="1"/>
		</skills>
		<set name="capsuled" value="true"/>
	</etcitem>
	<etcitem id="13785" name="Poor-Looking Duel Supplies">
		<set name="class" value="OTHER"/>
		<set name="ex_type" value="OTHER_ITEMS"/>
		<set name="crystal_type" value="NONE"/>
		<set name="dropable" value="false"/>
		<set name="icon" value="icon.etc_jewel_box_i00"/>
		<set name="stackable" value="true"/>
		<set name="tradeable" value="false"/>
		<set name="type" value="OTHER"/>
		<set name="weight" value="100"/>
		<skills>
			<skill id="2850" level="1"/>
		</skills>
		<set name="capsuled" value="true"/>
	</etcitem>
	<etcitem id="13786" name="Worthless Duel Supplies">
		<set name="class" value="OTHER"/>
		<set name="ex_type" value="OTHER_ITEMS"/>
		<set name="crystal_type" value="NONE"/>
		<set name="dropable" value="false"/>
		<set name="icon" value="icon.etc_jewel_box_i00"/>
		<set name="stackable" value="true"/>
		<set name="tradeable" value="false"/>
		<set name="type" value="OTHER"/>
		<set name="weight" value="100"/>
		<skills>
			<skill id="2851" level="1"/>
		</skills>
		<set name="capsuled" value="true"/>
	</etcitem>
	<etcitem id="13787" name="Bond">
		<set name="class" value="OTHER"/>
		<set name="ex_type" value="OTHER_ITEMS"/>
		<set name="crystal_type" value="NONE"/>
		<set name="icon" value="icon.block_bond"/>
		<set name="stackable" value="true"/>
		<set name="type" value="OTHER"/>
		<set name="weight" value="180"/>
		<skills>
			<skill id="5849" level="1"/>
		</skills>
	</etcitem>
	<etcitem id="13788" name="Land Mine">
		<set name="class" value="OTHER"/>
		<set name="ex_type" value="OTHER_ITEMS"/>
		<set name="crystal_type" value="NONE"/>
		<set name="icon" value="icon.block_boom"/>
		<set name="stackable" value="true"/>
		<set name="type" value="OTHER"/>
		<set name="weight" value="180"/>
		<skills>
			<skill id="5851" level="1"/>
		</skills>
	</etcitem>
	<etcitem id="13793" name="Kratei's Cube Name Hiding Scroll">
		<set name="class" value="OTHER"/>
		<set name="ex_type" value="OTHER_ITEMS"/>
		<set name="crystal_type" value="NONE"/>
		<set name="icon" value="icon.transform_towu_scroll_i00"/>
		<set name="stackable" value="true"/>
		<set name="type" value="OTHER"/>
		<set name="weight" value="120"/>
	</etcitem>
	<etcitem id="13794" name="Transformed Object - Handy's Block Checker Transformation Scroll Blue">
		<set name="class" value="OTHER"/>
		<set name="ex_type" value="OTHER_ITEMS"/>
		<set name="crystal_type" value="NONE"/>
		<set name="icon" value="icon.block_scroll_i00"/>
		<set name="stackable" value="true"/>
		<set name="type" value="OTHER"/>
		<set name="weight" value="120"/>
	</etcitem>
	<etcitem id="13795" name="Transformed Object - Handy's Block Checker Transformation Scroll Red">
		<set name="class" value="OTHER"/>
		<set name="ex_type" value="OTHER_ITEMS"/>
		<set name="crystal_type" value="NONE"/>
		<set name="icon" value="icon.block_scroll_i00"/>
		<set name="stackable" value="true"/>
		<set name="type" value="OTHER"/>
		<set name="weight" value="120"/>
	</etcitem>
	<etcitem id="13796" name="Freed Soul">
		<set name="class" value="OTHER"/>
		<set name="ex_type" value="OTHER_ITEMS"/>
		<set name="crystal_type" value="NONE"/>
		<set name="icon" value="icon.freed_soul_essense_i00"/>
		<set name="stackable" value="true"/>
		<set name="type" value="OTHER"/>
	</etcitem>
	<etcitem id="13797" name="Tear of a Freed Soul">
		<set name="class" value="OTHER"/>
		<set name="ex_type" value="OTHER_ITEMS"/>
		<set name="crystal_type" value="NONE"/>
		<set name="icon" value="icon.etc_madicine_bottle_i00"/>
		<set name="stackable" value="true"/>
		<set name="type" value="OTHER"/>
		<set name="weight" value="60"/>
	</etcitem>
	<etcitem id="13798" name="Portion of a Soul">
		<set name="class" value="OTHER"/>
		<set name="ex_type" value="OTHER_ITEMS"/>
		<set name="crystal_type" value="NONE"/>
		<set name="icon" value="icon.soul_facet_i00"/>
		<set name="stackable" value="true"/>
		<set name="type" value="OTHER"/>
		<set name="weight" value="60"/>
	</etcitem>
	<etcitem id="13799" name="Treasure Sack of the Ancient Giants">
		<set name="class" value="OTHER"/>
		<set name="ex_type" value="OTHER_ITEMS"/>
		<set name="crystal_type" value="NONE"/>
		<set name="icon" value="icon.etc_treasure_sack_1_i00"/>
		<set name="stackable" value="true"/>
		<set name="type" value="OTHER"/>
	</etcitem>
</list>
