<?xml version="1.0" encoding="UTF-8"?>
<!DOCTYPE list SYSTEM "item.dtd">
<list>
	<etcitem id="13900" name="Sealed Magic Pin (A-Grade)">
		<set name="class" value="OTHER"/>
		<set name="ex_type" value="OTHER_ITEMS"/>
		<set name="crystal_type" value="NONE"/>
		<set name="crystallizable" value="true"/>
		<set name="icon" value="icon.pin_i00"/>
		<set name="type" value="OTHER"/>
		<set name="weight" value="20"/>
	</etcitem>
	<etcitem id="13901" name="Sealed Magic Pin (S-Grade)">
		<set name="class" value="OTHER"/>
		<set name="ex_type" value="OTHER_ITEMS"/>
		<set name="crystal_type" value="NONE"/>
		<set name="crystallizable" value="true"/>
		<set name="icon" value="icon.pin_i00"/>
		<set name="type" value="OTHER"/>
		<set name="weight" value="20"/>
	</etcitem>
	<etcitem id="13902" name="Low-Grade Magic Pin (C-Grade)">
		<set name="class" value="OTHER"/>
		<set name="ex_type" value="OTHER_ITEMS"/>
		<set name="crystal_type" value="NONE"/>
		<set name="crystallizable" value="true"/>
		<set name="icon" value="icon.pin_i01"/>
		<set name="type" value="OTHER"/>
		<set name="weight" value="20"/>
	</etcitem>
	<etcitem id="13903" name="Mid-Grade Magic Pin (C-Grade)">
		<set name="class" value="OTHER"/>
		<set name="ex_type" value="OTHER_ITEMS"/>
		<set name="crystal_type" value="NONE"/>
		<set name="crystallizable" value="true"/>
		<set name="icon" value="icon.pin_i01"/>
		<set name="type" value="OTHER"/>
		<set name="weight" value="20"/>
	</etcitem>
	<etcitem id="13904" name="High-Grade Magic Pin (C-Grade)">
		<set name="class" value="OTHER"/>
		<set name="ex_type" value="OTHER_ITEMS"/>
		<set name="crystal_type" value="NONE"/>
		<set name="crystallizable" value="true"/>
		<set name="icon" value="icon.pin_i02"/>
		<set name="type" value="OTHER"/>
		<set name="weight" value="20"/>
	</etcitem>
	<etcitem id="13905" name="Top-Grade Magic Pin (C-Grade)">
		<set name="class" value="OTHER"/>
		<set name="ex_type" value="OTHER_ITEMS"/>
		<set name="crystal_type" value="NONE"/>
		<set name="crystallizable" value="true"/>
		<set name="icon" value="icon.pin_i03"/>
		<set name="type" value="OTHER"/>
		<set name="weight" value="20"/>
	</etcitem>
	<etcitem id="13906" name="Low-Grade Magic Pin (B-Grade)">
		<set name="class" value="OTHER"/>
		<set name="ex_type" value="OTHER_ITEMS"/>
		<set name="crystal_type" value="NONE"/>
		<set name="crystallizable" value="true"/>
		<set name="icon" value="icon.pin_i01"/>
		<set name="type" value="OTHER"/>
		<set name="weight" value="20"/>
	</etcitem>
	<etcitem id="13907" name="Mid-Grade Magic Pin (B-Grade)">
		<set name="class" value="OTHER"/>
		<set name="ex_type" value="OTHER_ITEMS"/>
		<set name="crystal_type" value="NONE"/>
		<set name="crystallizable" value="true"/>
		<set name="icon" value="icon.pin_i01"/>
		<set name="type" value="OTHER"/>
		<set name="weight" value="20"/>
	</etcitem>
	<etcitem id="13908" name="High-Grade Magic Pin (B-Grade)">
		<set name="class" value="OTHER"/>
		<set name="ex_type" value="OTHER_ITEMS"/>
		<set name="crystal_type" value="NONE"/>
		<set name="crystallizable" value="true"/>
		<set name="icon" value="icon.pin_i02"/>
		<set name="type" value="OTHER"/>
		<set name="weight" value="20"/>
	</etcitem>
	<etcitem id="13909" name="Top-Grade Magic Pin (B-Grade)">
		<set name="class" value="OTHER"/>
		<set name="ex_type" value="OTHER_ITEMS"/>
		<set name="crystal_type" value="NONE"/>
		<set name="crystallizable" value="true"/>
		<set name="icon" value="icon.pin_i03"/>
		<set name="type" value="OTHER"/>
		<set name="weight" value="20"/>
	</etcitem>
	<etcitem id="13910" name="Low-Grade Magic Pin (A-Grade)">
		<set name="class" value="OTHER"/>
		<set name="ex_type" value="OTHER_ITEMS"/>
		<set name="crystal_type" value="NONE"/>
		<set name="crystallizable" value="true"/>
		<set name="icon" value="icon.pin_i01"/>
		<set name="type" value="OTHER"/>
		<set name="weight" value="20"/>
	</etcitem>
	<etcitem id="13911" name="Mid-Grade Magic Pin (A-Grade)">
		<set name="class" value="OTHER"/>
		<set name="ex_type" value="OTHER_ITEMS"/>
		<set name="crystal_type" value="NONE"/>
		<set name="crystallizable" value="true"/>
		<set name="icon" value="icon.pin_i01"/>
		<set name="type" value="OTHER"/>
		<set name="weight" value="20"/>
	</etcitem>
	<etcitem id="13912" name="High-Grade Magic Pin (A-Grade)">
		<set name="class" value="OTHER"/>
		<set name="ex_type" value="OTHER_ITEMS"/>
		<set name="crystal_type" value="NONE"/>
		<set name="crystallizable" value="true"/>
		<set name="icon" value="icon.pin_i02"/>
		<set name="type" value="OTHER"/>
		<set name="weight" value="20"/>
	</etcitem>
	<etcitem id="13913" name="Top-Grade Magic Pin (A-Grade)">
		<set name="class" value="OTHER"/>
		<set name="ex_type" value="OTHER_ITEMS"/>
		<set name="crystal_type" value="NONE"/>
		<set name="crystallizable" value="true"/>
		<set name="icon" value="icon.pin_i03"/>
		<set name="type" value="OTHER"/>
		<set name="weight" value="20"/>
	</etcitem>
	<etcitem id="13914" name="Low-Grade Magic Pin (S-Grade)">
		<set name="class" value="OTHER"/>
		<set name="ex_type" value="OTHER_ITEMS"/>
		<set name="crystal_type" value="NONE"/>
		<set name="crystallizable" value="true"/>
		<set name="icon" value="icon.pin_i01"/>
		<set name="type" value="OTHER"/>
		<set name="weight" value="20"/>
	</etcitem>
	<etcitem id="13915" name="Mid-Grade Magic Pin (S-Grade)">
		<set name="class" value="OTHER"/>
		<set name="ex_type" value="OTHER_ITEMS"/>
		<set name="crystal_type" value="NONE"/>
		<set name="crystallizable" value="true"/>
		<set name="icon" value="icon.pin_i01"/>
		<set name="type" value="OTHER"/>
		<set name="weight" value="20"/>
	</etcitem>
	<etcitem id="13916" name="High-Grade Magic Pin (S-Grade)">
		<set name="class" value="OTHER"/>
		<set name="ex_type" value="OTHER_ITEMS"/>
		<set name="crystal_type" value="NONE"/>
		<set name="crystallizable" value="true"/>
		<set name="icon" value="icon.pin_i02"/>
		<set name="type" value="OTHER"/>
		<set name="weight" value="20"/>
	</etcitem>
	<etcitem id="13917" name="Top-Grade Magic Pin (S-Grade)">
		<set name="class" value="OTHER"/>
		<set name="ex_type" value="OTHER_ITEMS"/>
		<set name="crystal_type" value="NONE"/>
		<set name="crystallizable" value="true"/>
		<set name="icon" value="icon.pin_i03"/>
		<set name="type" value="OTHER"/>
		<set name="weight" value="20"/>
	</etcitem>
	<etcitem id="13918" name="Sealed Magic Pouch (C-Grade)">
		<set name="class" value="OTHER"/>
		<set name="ex_type" value="OTHER_ITEMS"/>
		<set name="crystal_type" value="NONE"/>
		<set name="crystallizable" value="true"/>
		<set name="icon" value="icon.pouch_i00"/>
		<set name="type" value="OTHER"/>
		<set name="weight" value="20"/>
	</etcitem>
	<etcitem id="13919" name="Sealed Magic Pouch (B-Grade)">
		<set name="class" value="OTHER"/>
		<set name="ex_type" value="OTHER_ITEMS"/>
		<set name="crystal_type" value="NONE"/>
		<set name="crystallizable" value="true"/>
		<set name="icon" value="icon.pouch_i00"/>
		<set name="type" value="OTHER"/>
		<set name="weight" value="20"/>
	</etcitem>
	<etcitem id="13920" name="Sealed Magic Pouch (A-Grade)">
		<set name="class" value="OTHER"/>
		<set name="ex_type" value="OTHER_ITEMS"/>
		<set name="crystal_type" value="NONE"/>
		<set name="crystallizable" value="true"/>
		<set name="icon" value="icon.pouch_i00"/>
		<set name="type" value="OTHER"/>
		<set name="weight" value="20"/>
	</etcitem>
	<etcitem id="13921" name="Sealed Magic Pouch (S-Grade)">
		<set name="class" value="OTHER"/>
		<set name="ex_type" value="OTHER_ITEMS"/>
		<set name="crystal_type" value="NONE"/>
		<set name="crystallizable" value="true"/>
		<set name="icon" value="icon.pouch_i00"/>
		<set name="type" value="OTHER"/>
		<set name="weight" value="20"/>
	</etcitem>
	<etcitem id="13922" name="Low-Grade Magic Pouch (C-Grade)">
		<set name="class" value="OTHER"/>
		<set name="ex_type" value="OTHER_ITEMS"/>
		<set name="crystal_type" value="NONE"/>
		<set name="crystallizable" value="true"/>
		<set name="icon" value="icon.pouch_i01"/>
		<set name="type" value="OTHER"/>
		<set name="weight" value="20"/>
	</etcitem>
	<etcitem id="13923" name="Mid-Grade Magic Pouch (C-Grade)">
		<set name="class" value="OTHER"/>
		<set name="ex_type" value="OTHER_ITEMS"/>
		<set name="crystal_type" value="NONE"/>
		<set name="crystallizable" value="true"/>
		<set name="icon" value="icon.pouch_i01"/>
		<set name="type" value="OTHER"/>
		<set name="weight" value="20"/>
	</etcitem>
	<etcitem id="13924" name="High-Grade Magic Pouch (C-Grade)">
		<set name="class" value="OTHER"/>
		<set name="ex_type" value="OTHER_ITEMS"/>
		<set name="crystal_type" value="NONE"/>
		<set name="crystallizable" value="true"/>
		<set name="icon" value="icon.pouch_i02"/>
		<set name="type" value="OTHER"/>
		<set name="weight" value="20"/>
	</etcitem>
	<etcitem id="13925" name="Top-Grade Magic Pouch (C-Grade)">
		<set name="class" value="OTHER"/>
		<set name="ex_type" value="OTHER_ITEMS"/>
		<set name="crystal_type" value="NONE"/>
		<set name="crystallizable" value="true"/>
		<set name="icon" value="icon.pouch_i03"/>
		<set name="type" value="OTHER"/>
		<set name="weight" value="20"/>
	</etcitem>
	<etcitem id="13926" name="Low-Grade Magic Pouch (B-Grade)">
		<set name="class" value="OTHER"/>
		<set name="ex_type" value="OTHER_ITEMS"/>
		<set name="crystal_type" value="NONE"/>
		<set name="crystallizable" value="true"/>
		<set name="icon" value="icon.pouch_i01"/>
		<set name="type" value="OTHER"/>
		<set name="weight" value="20"/>
	</etcitem>
	<etcitem id="13927" name="Mid-Grade Magic Pouch (B-Grade)">
		<set name="class" value="OTHER"/>
		<set name="ex_type" value="OTHER_ITEMS"/>
		<set name="crystal_type" value="NONE"/>
		<set name="crystallizable" value="true"/>
		<set name="icon" value="icon.pouch_i01"/>
		<set name="type" value="OTHER"/>
		<set name="weight" value="20"/>
	</etcitem>
	<etcitem id="13928" name="High-Grade Magic Pouch (B-Grade)">
		<set name="class" value="OTHER"/>
		<set name="ex_type" value="OTHER_ITEMS"/>
		<set name="crystal_type" value="NONE"/>
		<set name="crystallizable" value="true"/>
		<set name="icon" value="icon.pouch_i02"/>
		<set name="type" value="OTHER"/>
		<set name="weight" value="20"/>
	</etcitem>
	<etcitem id="13929" name="Top-Grade Magic Pouch (B-Grade)">
		<set name="class" value="OTHER"/>
		<set name="ex_type" value="OTHER_ITEMS"/>
		<set name="crystal_type" value="NONE"/>
		<set name="crystallizable" value="true"/>
		<set name="icon" value="icon.pouch_i03"/>
		<set name="type" value="OTHER"/>
		<set name="weight" value="20"/>
	</etcitem>
	<etcitem id="13930" name="Low-Grade Magic Pouch (A-Grade)">
		<set name="class" value="OTHER"/>
		<set name="ex_type" value="OTHER_ITEMS"/>
		<set name="crystal_type" value="NONE"/>
		<set name="crystallizable" value="true"/>
		<set name="icon" value="icon.pouch_i01"/>
		<set name="type" value="OTHER"/>
		<set name="weight" value="20"/>
	</etcitem>
	<etcitem id="13931" name="Mid-Grade Magic Pouch (A-Grade)">
		<set name="class" value="OTHER"/>
		<set name="ex_type" value="OTHER_ITEMS"/>
		<set name="crystal_type" value="NONE"/>
		<set name="crystallizable" value="true"/>
		<set name="icon" value="icon.pouch_i01"/>
		<set name="type" value="OTHER"/>
		<set name="weight" value="20"/>
	</etcitem>
	<etcitem id="13932" name="High-Grade Magic Pouch (A-Grade)">
		<set name="class" value="OTHER"/>
		<set name="ex_type" value="OTHER_ITEMS"/>
		<set name="crystal_type" value="NONE"/>
		<set name="crystallizable" value="true"/>
		<set name="icon" value="icon.pouch_i02"/>
		<set name="type" value="OTHER"/>
		<set name="weight" value="20"/>
	</etcitem>
	<etcitem id="13933" name="Top-Grade Magic Pouch (A-Grade)">
		<set name="class" value="OTHER"/>
		<set name="ex_type" value="OTHER_ITEMS"/>
		<set name="crystal_type" value="NONE"/>
		<set name="crystallizable" value="true"/>
		<set name="icon" value="icon.pouch_i03"/>
		<set name="type" value="OTHER"/>
		<set name="weight" value="20"/>
	</etcitem>
	<etcitem id="13934" name="Low-Grade Magic Pouch (S-Grade)">
		<set name="class" value="OTHER"/>
		<set name="ex_type" value="OTHER_ITEMS"/>
		<set name="crystal_type" value="NONE"/>
		<set name="crystallizable" value="true"/>
		<set name="icon" value="icon.pouch_i01"/>
		<set name="type" value="OTHER"/>
		<set name="weight" value="20"/>
	</etcitem>
	<etcitem id="13935" name="Mid-Grade Magic Pouch (S-Grade)">
		<set name="class" value="OTHER"/>
		<set name="ex_type" value="OTHER_ITEMS"/>
		<set name="crystal_type" value="NONE"/>
		<set name="crystallizable" value="true"/>
		<set name="icon" value="icon.pouch_i01"/>
		<set name="type" value="OTHER"/>
		<set name="weight" value="20"/>
	</etcitem>
	<etcitem id="13936" name="High-Grade Magic Pouch (S-Grade)">
		<set name="class" value="OTHER"/>
		<set name="ex_type" value="OTHER_ITEMS"/>
		<set name="crystal_type" value="NONE"/>
		<set name="crystallizable" value="true"/>
		<set name="icon" value="icon.pouch_i02"/>
		<set name="type" value="OTHER"/>
		<set name="weight" value="20"/>
	</etcitem>
	<etcitem id="13937" name="Top-Grade Magic Pouch (S-Grade)">
		<set name="class" value="OTHER"/>
		<set name="ex_type" value="OTHER_ITEMS"/>
		<set name="crystal_type" value="NONE"/>
		<set name="crystallizable" value="true"/>
		<set name="icon" value="icon.pouch_i03"/>
		<set name="type" value="OTHER"/>
		<set name="weight" value="20"/>
	</etcitem>
	<etcitem id="13970" name="Spellbook - Star Stone Extraction Skill">
		<set name="class" value="OTHER"/>
		<set name="ex_type" value="OTHER_ITEMS"/>
		<set name="crystal_type" value="NONE"/>
		<set name="crystallizable" value="true"/>
		<set name="icon" value="icon.etc_codex_of_giant_i01"/>
		<set name="stackable" value="true"/>
		<set name="type" value="OTHER"/>
		<set name="weight" value="120"/>
	</etcitem>
	<etcitem id="13988" name="S80 Grade Weapon Chest (Event)">
		<set name="class" value="OTHER"/>
		<set name="ex_type" value="OTHER_ITEMS"/>
		<set name="crystal_type" value="NONE"/>
		<set name="crystallizable" value="true"/>
		<set name="icon" value="icon.etc_jewel_box_i00"/>
		<set name="price" value="395"/>
		<set name="stackable" value="true"/>
		<set name="type" value="OTHER"/>
		<set name="weight" value="100"/>
		<skills>
			<skill id="2832" level="1"/>
		</skills>
		<set name="capsuled" value="true"/>
	</etcitem>
	<etcitem id="13989" name="S80 Grade Armor Chest (Event)">
		<set name="class" value="OTHER"/>
		<set name="ex_type" value="OTHER_ITEMS"/>
		<set name="crystal_type" value="NONE"/>
		<set name="crystallizable" value="true"/>
		<set name="icon" value="icon.etc_jewel_box_i00"/>
		<set name="price" value="395"/>
		<set name="stackable" value="true"/>
		<set name="type" value="OTHER"/>
		<set name="weight" value="100"/>
		<skills>
			<skill id="2833" level="1"/>
		</skills>
		<set name="capsuled" value="true"/>
	</etcitem>
	<etcitem id="13990" name="Grade S Weapon Chest (Event) ">
		<set name="class" value="OTHER"/>
		<set name="ex_type" value="OTHER_ITEMS"/>
		<set name="crystal_type" value="NONE"/>
		<set name="crystallizable" value="true"/>
		<set name="icon" value="icon.etc_jewel_box_i00"/>
		<set name="price" value="395"/>
		<set name="stackable" value="true"/>
		<set name="type" value="OTHER"/>
		<set name="weight" value="100"/>
		<skills>
			<skill id="2834" level="1"/>
		</skills>
		<set name="capsuled" value="true"/>
	</etcitem>
	<etcitem id="13991" name="Grade S Armor Chest (Event)">
		<set name="class" value="OTHER"/>
		<set name="ex_type" value="OTHER_ITEMS"/>
		<set name="crystal_type" value="NONE"/>
		<set name="crystallizable" value="true"/>
		<set name="icon" value="icon.etc_jewel_box_i00"/>
		<set name="price" value="395"/>
		<set name="stackable" value="true"/>
		<set name="type" value="OTHER"/>
		<set name="weight" value="100"/>
		<skills>
			<skill id="2835" level="1"/>
		</skills>
		<set name="capsuled" value="true"/>
	</etcitem>
	<etcitem id="13992" name="Grade S Accessory Chest (Event)">
		<set name="class" value="OTHER"/>
		<set name="ex_type" value="OTHER_ITEMS"/>
		<set name="crystal_type" value="NONE"/>
		<set name="crystallizable" value="true"/>
		<set name="icon" value="icon.etc_jewel_box_i00"/>
		<set name="price" value="395"/>
		<set name="stackable" value="true"/>
		<set name="type" value="OTHER"/>
		<set name="weight" value="100"/>
		<skills>
			<skill id="2836" level="1"/>
		</skills>
		<set name="capsuled" value="true"/>
	</etcitem>
	<etcitem id="13993" name="Design - Crystal of Fire">
		<set name="class" value="RECIPIES"/>
		<set name="crystal_type" value="NONE"/>
		<set name="crystallizable" value="true"/>
		<set name="icon" value="icon.scroll_of_verification_i06"/>
		<set name="price" value="600"/>
		<set name="stackable" value="true"/>
		<set name="type" value="RECIPE"/>
		<set name="ex_type" value="RECIPE"/>
		<set name="weight" value="30"/>
	</etcitem>
	<etcitem id="13994" name="Design - Crystal of Water">
		<set name="class" value="RECIPIES"/>
		<set name="crystal_type" value="NONE"/>
		<set name="crystallizable" value="true"/>
		<set name="icon" value="icon.scroll_of_verification_i07"/>
		<set name="price" value="600"/>
		<set name="stackable" value="true"/>
		<set name="type" value="RECIPE"/>
		<set name="ex_type" value="RECIPE"/>
		<set name="weight" value="30"/>
	</etcitem>
	<etcitem id="13995" name="Design - Crystal of Wind">
		<set name="class" value="RECIPIES"/>
		<set name="crystal_type" value="NONE"/>
		<set name="crystallizable" value="true"/>
		<set name="icon" value="icon.scroll_of_verification_i08"/>
		<set name="price" value="600"/>
		<set name="stackable" value="true"/>
		<set name="type" value="RECIPE"/>
		<set name="ex_type" value="RECIPE"/>
		<set name="weight" value="30"/>
	</etcitem>
	<etcitem id="13996" name="Design - Crystal of Earth">
		<set name="class" value="RECIPIES"/>
		<set name="crystal_type" value="NONE"/>
		<set name="crystallizable" value="true"/>
		<set name="icon" value="icon.scroll_of_verification_i06"/>
		<set name="price" value="600"/>
		<set name="stackable" value="true"/>
		<set name="type" value="RECIPE"/>
		<set name="ex_type" value="RECIPE"/>
		<set name="weight" value="30"/>
	</etcitem>
	<etcitem id="13997" name="Design - Crystal of Darkness">
		<set name="class" value="RECIPIES"/>
		<set name="crystal_type" value="NONE"/>
		<set name="crystallizable" value="true"/>
		<set name="icon" value="icon.scroll_of_verification_i07"/>
		<set name="price" value="600"/>
		<set name="stackable" value="true"/>
		<set name="type" value="RECIPE"/>
		<set name="ex_type" value="RECIPE"/>
		<set name="weight" value="30"/>
	</etcitem>
	<etcitem id="13998" name="Design - Crystal of Sacred">
		<set name="class" value="RECIPIES"/>
		<set name="crystal_type" value="NONE"/>
		<set name="crystallizable" value="true"/>
		<set name="icon" value="icon.scroll_of_verification_i08"/>
		<set name="price" value="600"/>
		<set name="stackable" value="true"/>
		<set name="type" value="RECIPE"/>
		<set name="ex_type" value="RECIPE"/>
		<set name="weight" value="30"/>
	</etcitem>
	<etcitem id="13999" name="Gludio Supply Box - Hair Accessory">
		<set name="class" value="OTHER"/>
		<set name="ex_type" value="OTHER_ITEMS"/>
		<set name="crystal_type" value="NONE"/>
		<set name="crystallizable" value="true"/>
		<set name="icon" value="icon.etc_shirts_a_i04"/>
		<set name="stackable" value="true"/>
		<set name="type" value="OTHER"/>
		<set name="weight" value="100"/>
	</etcitem>
</list>
