<?xml version="1.0" encoding="UTF-8"?>
<!DOCTYPE list SYSTEM "item.dtd">
<list>
	<etcitem id="14166" name="Life Stone - level 84">
		<set name="class" value="MISC"/>
		<set name="crystal_type" value="NONE"/>
		<set name="icon" value="icon.etc_mineral_general_i03"/>
		<set name="price" value="41400"/>
		<set name="stackable" value="true"/>
		<set name="type" value="OTHER"/>
		<set name="weight" value="2"/>
	</etcitem>
	<etcitem id="14167" name="Mid-Grade Life Stone - level 84">
		<set name="class" value="MISC"/>
		<set name="crystal_type" value="NONE"/>
		<set name="icon" value="icon.etc_mineral_special_i03"/>
		<set name="price" value="165800"/>
		<set name="stackable" value="true"/>
		<set name="type" value="OTHER"/>
		<set name="weight" value="2"/>
	</etcitem>
	<etcitem id="14168" name="High-Grade Life Stone - level 84">
		<set name="class" value="MISC"/>
		<set name="crystal_type" value="NONE"/>
		<set name="icon" value="icon.etc_mineral_rare_i03"/>
		<set name="price" value="1658000"/>
		<set name="stackable" value="true"/>
		<set name="type" value="OTHER"/>
		<set name="weight" value="2"/>
	</etcitem>
	<etcitem id="14169" name="Top-Grade Life Stone - level 84">
		<set name="class" value="MISC"/>
		<set name="crystal_type" value="NONE"/>
		<set name="icon" value="icon.etc_mineral_unique_i03"/>
		<set name="price" value="8292000"/>
		<set name="stackable" value="true"/>
		<set name="type" value="OTHER"/>
		<set name="weight" value="2"/>
	</etcitem>
	<etcitem id="14170" name="Forgotten Scroll - Seed of Revenge">
		<set name="class" value="SPELLBOOKS"/>
		<set name="crystal_type" value="NONE"/>
		<set name="dropable" value="false"/>
		<set name="icon" value="icon.etc_spell_books_element_i00"/>
		<set name="price" value="120000"/>
		<set name="stackable" value="true"/>
		<set name="type" value="SPELLBOOK"/>
		<set name="ex_type" value="SPELLBOOK"/>
		<set name="weight" value="120"/>
	</etcitem>
	<etcitem id="14171" name="Forgotten Scroll - Hell Scream">
		<set name="class" value="SPELLBOOKS"/>
		<set name="crystal_type" value="NONE"/>
		<set name="dropable" value="false"/>
		<set name="icon" value="icon.etc_spell_books_element_i00"/>
		<set name="price" value="120000"/>
		<set name="stackable" value="true"/>
		<set name="type" value="SPELLBOOK"/>
		<set name="ex_type" value="SPELLBOOK"/>
		<set name="weight" value="120"/>
	</etcitem>
	<etcitem id="14172" name="Forgotten Scroll - Spirit of Phoenix">
		<set name="class" value="SPELLBOOKS"/>
		<set name="crystal_type" value="NONE"/>
		<set name="dropable" value="false"/>
		<set name="icon" value="icon.etc_spell_books_element_i00"/>
		<set name="price" value="120000"/>
		<set name="stackable" value="true"/>
		<set name="type" value="SPELLBOOK"/>
		<set name="ex_type" value="SPELLBOOK"/>
		<set name="weight" value="120"/>
	</etcitem>
	<etcitem id="14173" name="Forgotten Scroll - Eva's Will / Touch of Eva">
		<set name="class" value="SPELLBOOKS"/>
		<set name="crystal_type" value="NONE"/>
		<set name="dropable" value="false"/>
		<set name="icon" value="icon.etc_spell_books_element_i00"/>
		<set name="price" value="120000"/>
		<set name="stackable" value="true"/>
		<set name="type" value="SPELLBOOK"/>
		<set name="ex_type" value="SPELLBOOK"/>
		<set name="weight" value="120"/>
	</etcitem>
	<etcitem id="14174" name="Forgotten Scroll - Pain of Shillien">
		<set name="class" value="SPELLBOOKS"/>
		<set name="crystal_type" value="NONE"/>
		<set name="dropable" value="false"/>
		<set name="icon" value="icon.etc_spell_books_element_i00"/>
		<set name="price" value="120000"/>
		<set name="stackable" value="true"/>
		<set name="type" value="SPELLBOOK"/>
		<set name="ex_type" value="SPELLBOOK"/>
		<set name="weight" value="120"/>
	</etcitem>
	<etcitem id="14175" name="Forgotten Scroll - Exciting Adventure">
		<set name="class" value="SPELLBOOKS"/>
		<set name="crystal_type" value="NONE"/>
		<set name="dropable" value="false"/>
		<set name="icon" value="icon.etc_spell_books_element_i00"/>
		<set name="price" value="120000"/>
		<set name="stackable" value="true"/>
		<set name="type" value="SPELLBOOK"/>
		<set name="ex_type" value="SPELLBOOK"/>
		<set name="weight" value="120"/>
	</etcitem>
	<etcitem id="14176" name="Forgotten Scroll - Wind Riding">
		<set name="class" value="SPELLBOOKS"/>
		<set name="crystal_type" value="NONE"/>
		<set name="dropable" value="false"/>
		<set name="icon" value="icon.etc_spell_books_element_i00"/>
		<set name="price" value="120000"/>
		<set name="stackable" value="true"/>
		<set name="type" value="SPELLBOOK"/>
		<set name="ex_type" value="SPELLBOOK"/>
		<set name="weight" value="120"/>
	</etcitem>
	<etcitem id="14177" name="Forgotten Scroll - Ghost Walking">
		<set name="class" value="SPELLBOOKS"/>
		<set name="crystal_type" value="NONE"/>
		<set name="dropable" value="false"/>
		<set name="icon" value="icon.etc_spell_books_element_i00"/>
		<set name="price" value="120000"/>
		<set name="stackable" value="true"/>
		<set name="type" value="SPELLBOOK"/>
		<set name="ex_type" value="SPELLBOOK"/>
		<set name="weight" value="120"/>
	</etcitem>
	<etcitem id="14178" name="Forgotten Scroll - Flame Hawk">
		<set name="class" value="SPELLBOOKS"/>
		<set name="crystal_type" value="NONE"/>
		<set name="dropable" value="false"/>
		<set name="icon" value="icon.etc_spell_books_element_i00"/>
		<set name="price" value="120000"/>
		<set name="stackable" value="true"/>
		<set name="type" value="SPELLBOOK"/>
		<set name="ex_type" value="SPELLBOOK"/>
		<set name="weight" value="120"/>
	</etcitem>
	<etcitem id="14179" name="Forgotten Scroll - Arrow Rain">
		<set name="class" value="SPELLBOOKS"/>
		<set name="crystal_type" value="NONE"/>
		<set name="dropable" value="false"/>
		<set name="icon" value="icon.etc_spell_books_element_i00"/>
		<set name="price" value="120000"/>
		<set name="stackable" value="true"/>
		<set name="type" value="SPELLBOOK"/>
		<set name="ex_type" value="SPELLBOOK"/>
		<set name="weight" value="120"/>
	</etcitem>
	<etcitem id="14180" name="Forgotten Scroll - Ghost Piercing">
		<set name="class" value="SPELLBOOKS"/>
		<set name="crystal_type" value="NONE"/>
		<set name="dropable" value="false"/>
		<set name="icon" value="icon.etc_spell_books_element_i00"/>
		<set name="price" value="120000"/>
		<set name="stackable" value="true"/>
		<set name="type" value="SPELLBOOK"/>
		<set name="ex_type" value="SPELLBOOK"/>
		<set name="weight" value="120"/>
	</etcitem>
	<etcitem id="14181" name="Forgotten Scroll - Dread Pool">
		<set name="class" value="SPELLBOOKS"/>
		<set name="crystal_type" value="NONE"/>
		<set name="dropable" value="false"/>
		<set name="icon" value="icon.etc_spell_books_element_i00"/>
		<set name="price" value="120000"/>
		<set name="stackable" value="true"/>
		<set name="type" value="SPELLBOOK"/>
		<set name="ex_type" value="SPELLBOOK"/>
		<set name="weight" value="120"/>
	</etcitem>
	<etcitem id="14182" name="Forgotten Scroll - Force of Destruction">
		<set name="class" value="SPELLBOOKS"/>
		<set name="crystal_type" value="NONE"/>
		<set name="dropable" value="false"/>
		<set name="icon" value="icon.etc_spell_books_element_i00"/>
		<set name="price" value="120000"/>
		<set name="stackable" value="true"/>
		<set name="type" value="SPELLBOOK"/>
		<set name="ex_type" value="SPELLBOOK"/>
		<set name="weight" value="120"/>
	</etcitem>
	<etcitem id="14183" name="Forgotten Scroll - Demolition Impact">
		<set name="class" value="SPELLBOOKS"/>
		<set name="crystal_type" value="NONE"/>
		<set name="dropable" value="false"/>
		<set name="icon" value="icon.etc_spell_books_element_i00"/>
		<set name="price" value="120000"/>
		<set name="stackable" value="true"/>
		<set name="type" value="SPELLBOOK"/>
		<set name="ex_type" value="SPELLBOOK"/>
		<set name="weight" value="120"/>
	</etcitem>
	<etcitem id="14184" name="Forgotten Scroll - Golem Armor">
		<set name="class" value="SPELLBOOKS"/>
		<set name="crystal_type" value="NONE"/>
		<set name="dropable" value="false"/>
		<set name="icon" value="icon.etc_spell_books_element_i00"/>
		<set name="price" value="120000"/>
		<set name="stackable" value="true"/>
		<set name="type" value="SPELLBOOK"/>
		<set name="ex_type" value="SPELLBOOK"/>
		<set name="weight" value="120"/>
	</etcitem>
	<etcitem id="14185" name="Forgotten Scroll - Wild Shot">
		<set name="class" value="SPELLBOOKS"/>
		<set name="crystal_type" value="NONE"/>
		<set name="dropable" value="false"/>
		<set name="icon" value="icon.etc_spell_books_element_i00"/>
		<set name="price" value="120000"/>
		<set name="stackable" value="true"/>
		<set name="type" value="SPELLBOOK"/>
		<set name="ex_type" value="SPELLBOOK"/>
		<set name="weight" value="120"/>
	</etcitem>
	<etcitem id="14186" name="Forgotten Scroll - Lightning Shock">
		<set name="class" value="SPELLBOOKS"/>
		<set name="crystal_type" value="NONE"/>
		<set name="dropable" value="false"/>
		<set name="icon" value="icon.etc_spell_books_element_i00"/>
		<set name="price" value="120000"/>
		<set name="stackable" value="true"/>
		<set name="type" value="SPELLBOOK"/>
		<set name="ex_type" value="SPELLBOOK"/>
		<set name="weight" value="120"/>
	</etcitem>
	<etcitem id="14187" name="Forgotten Scroll - Flame Armor">
		<set name="class" value="SPELLBOOKS"/>
		<set name="crystal_type" value="NONE"/>
		<set name="dropable" value="false"/>
		<set name="icon" value="icon.etc_spell_books_element_i00"/>
		<set name="price" value="120000"/>
		<set name="stackable" value="true"/>
		<set name="type" value="SPELLBOOK"/>
		<set name="ex_type" value="SPELLBOOK"/>
		<set name="weight" value="120"/>
	</etcitem>
	<etcitem id="14188" name="Forgotten Scroll - Frost Armor">
		<set name="class" value="SPELLBOOKS"/>
		<set name="crystal_type" value="NONE"/>
		<set name="dropable" value="false"/>
		<set name="icon" value="icon.etc_spell_books_element_i00"/>
		<set name="price" value="120000"/>
		<set name="stackable" value="true"/>
		<set name="type" value="SPELLBOOK"/>
		<set name="ex_type" value="SPELLBOOK"/>
		<set name="weight" value="120"/>
	</etcitem>
	<etcitem id="14189" name="Forgotten Scroll - Hurricane Armor">
		<set name="class" value="SPELLBOOKS"/>
		<set name="crystal_type" value="NONE"/>
		<set name="dropable" value="false"/>
		<set name="icon" value="icon.etc_spell_books_element_i00"/>
		<set name="price" value="120000"/>
		<set name="stackable" value="true"/>
		<set name="type" value="SPELLBOOK"/>
		<set name="ex_type" value="SPELLBOOK"/>
		<set name="weight" value="120"/>
	</etcitem>
	<etcitem id="14190" name="Forgotten Scroll - Vampiric Mist">
		<set name="class" value="SPELLBOOKS"/>
		<set name="crystal_type" value="NONE"/>
		<set name="dropable" value="false"/>
		<set name="icon" value="icon.etc_spell_books_element_i00"/>
		<set name="price" value="120000"/>
		<set name="stackable" value="true"/>
		<set name="type" value="SPELLBOOK"/>
		<set name="ex_type" value="SPELLBOOK"/>
		<set name="weight" value="120"/>
	</etcitem>
	<etcitem id="14191" name="Forgotten Scroll - Meteor">
		<set name="class" value="SPELLBOOKS"/>
		<set name="crystal_type" value="NONE"/>
		<set name="icon" value="icon.etc_spell_books_element_i00"/>
		<set name="price" value="120000"/>
		<set name="stackable" value="true"/>
		<set name="type" value="SPELLBOOK"/>
		<set name="ex_type" value="SPELLBOOK"/>
		<set name="weight" value="120"/>
	</etcitem>
	<etcitem id="14192" name="Forgotten Scroll - Star Fall">
		<set name="class" value="SPELLBOOKS"/>
		<set name="crystal_type" value="NONE"/>
		<set name="icon" value="icon.etc_spell_books_element_i00"/>
		<set name="price" value="120000"/>
		<set name="stackable" value="true"/>
		<set name="type" value="SPELLBOOK"/>
		<set name="ex_type" value="SPELLBOOK"/>
		<set name="weight" value="120"/>
	</etcitem>
	<etcitem id="14193" name="Forgotten Scroll - Sublime Self Sacrifice">
		<set name="class" value="SPELLBOOKS"/>
		<set name="crystal_type" value="NONE"/>
		<set name="dropable" value="false"/>
		<set name="icon" value="icon.etc_spell_books_element_i00"/>
		<set name="price" value="120000"/>
		<set name="stackable" value="true"/>
		<set name="type" value="SPELLBOOK"/>
		<set name="ex_type" value="SPELLBOOK"/>
		<set name="weight" value="120"/>
	</etcitem>
	<etcitem id="14194" name="Forgotten Scroll - Blessing of Eva">
		<set name="class" value="SPELLBOOKS"/>
		<set name="crystal_type" value="NONE"/>
		<set name="dropable" value="false"/>
		<set name="icon" value="icon.etc_spell_books_element_i00"/>
		<set name="price" value="120000"/>
		<set name="stackable" value="true"/>
		<set name="type" value="SPELLBOOK"/>
		<set name="ex_type" value="SPELLBOOK"/>
		<set name="weight" value="120"/>
	</etcitem>
	<etcitem id="14195" name="Forgotten Scroll - Lord of Vampire">
		<set name="class" value="SPELLBOOKS"/>
		<set name="crystal_type" value="NONE"/>
		<set name="dropable" value="false"/>
		<set name="icon" value="icon.etc_spell_books_element_i00"/>
		<set name="price" value="120000"/>
		<set name="stackable" value="true"/>
		<set name="type" value="SPELLBOOK"/>
		<set name="ex_type" value="SPELLBOOK"/>
		<set name="weight" value="120"/>
	</etcitem>
	<etcitem id="14196" name="Forgotten Scroll - Throne Route">
		<set name="class" value="SPELLBOOKS"/>
		<set name="crystal_type" value="NONE"/>
		<set name="dropable" value="false"/>
		<set name="icon" value="icon.etc_spell_books_element_i00"/>
		<set name="price" value="120000"/>
		<set name="stackable" value="true"/>
		<set name="type" value="SPELLBOOK"/>
		<set name="ex_type" value="SPELLBOOK"/>
		<set name="weight" value="120"/>
	</etcitem>
	<etcitem id="14197" name="Forgotten Scroll - Seal of Limit">
		<set name="class" value="SPELLBOOKS"/>
		<set name="crystal_type" value="NONE"/>
		<set name="dropable" value="false"/>
		<set name="icon" value="icon.etc_spell_books_element_i00"/>
		<set name="price" value="120000"/>
		<set name="stackable" value="true"/>
		<set name="type" value="SPELLBOOK"/>
		<set name="ex_type" value="SPELLBOOK"/>
		<set name="weight" value="120"/>
	</etcitem>
	<etcitem id="14198" name="Forgotten Scroll - Song of Purification">
		<set name="class" value="SPELLBOOKS"/>
		<set name="crystal_type" value="NONE"/>
		<set name="dropable" value="false"/>
		<set name="icon" value="icon.etc_spell_books_element_i00"/>
		<set name="price" value="120000"/>
		<set name="stackable" value="true"/>
		<set name="type" value="SPELLBOOK"/>
		<set name="ex_type" value="SPELLBOOK"/>
		<set name="weight" value="120"/>
	</etcitem>
	<etcitem id="14199" name="Forgotten Scroll - Dance of Berserker">
		<set name="class" value="SPELLBOOKS"/>
		<set name="crystal_type" value="NONE"/>
		<set name="dropable" value="false"/>
		<set name="icon" value="icon.etc_spell_books_element_i00"/>
		<set name="price" value="120000"/>
		<set name="stackable" value="true"/>
		<set name="type" value="SPELLBOOK"/>
		<set name="ex_type" value="SPELLBOOK"/>
		<set name="weight" value="120"/>
	</etcitem>
</list>
