<?xml version="1.0" encoding="UTF-8"?>
<!DOCTYPE list SYSTEM "item.dtd">
<list>
	<etcitem id="14300" name="Yaksa Mace">
		<set name="crystal_count" value="1885"/>
		<set name="class" value="OTHER"/>
		<set name="ex_type" value="OTHER_ITEMS"/>
		<set name="crystal_type" value="C"/>
		<set name="crystallizable" value="true"/>
		<set name="icon" value="icon.weapon_yaksa_mace_i00"/>
		<set name="price" value="4713500"/>
		<set name="type" value="OTHER"/>
		<set name="weight" value="1640"/>
	</etcitem>
	<etcitem id="14301" name="Shamshir*Shamshir">
		<set name="crystal_count" value="1885"/>
		<set name="class" value="OTHER"/>
		<set name="ex_type" value="OTHER_ITEMS"/>
		<set name="crystal_type" value="C"/>
		<set name="crystallizable" value="true"/>
		<set name="icon" value="icon.weapon_dual_sword_i00"/>
		<set name="price" value="4713500"/>
		<set name="type" value="OTHER"/>
		<set name="weight" value="2330"/>
	</etcitem>
	<etcitem id="14302" name="Berserker Blade">
		<set name="crystal_count" value="1885"/>
		<set name="class" value="OTHER"/>
		<set name="ex_type" value="OTHER_ITEMS"/>
		<set name="crystal_type" value="C"/>
		<set name="crystallizable" value="true"/>
		<set name="icon" value="icon.weapon_berserker_blade_i00"/>
		<set name="price" value="4713500"/>
		<set name="type" value="OTHER"/>
		<set name="weight" value="1380"/>
	</etcitem>
	<etcitem id="14303" name="Crystal Dagger">
		<set name="crystal_count" value="1885"/>
		<set name="class" value="OTHER"/>
		<set name="ex_type" value="OTHER_ITEMS"/>
		<set name="crystal_type" value="C"/>
		<set name="crystallizable" value="true"/>
		<set name="icon" value="icon.weapon_crystal_dagger_i01"/>
		<set name="price" value="4713500"/>
		<set name="type" value="OTHER"/>
		<set name="weight" value="1000"/>
	</etcitem>
	<etcitem id="14304" name="Ecliptic Sword">
		<set name="is_magic_weapon" value="true"/>
		<set name="crystal_count" value="1885"/>
		<set name="class" value="OTHER"/>
		<set name="ex_type" value="OTHER_ITEMS"/>
		<set name="crystal_type" value="C"/>
		<set name="crystallizable" value="true"/>
		<set name="icon" value="icon.weapon_sword_of_eclipse_i00"/>
		<set name="price" value="4713500"/>
		<set name="type" value="OTHER"/>
		<set name="weight" value="1380"/>
	</etcitem>
	<etcitem id="14305" name="Ecliptic Axe">
		<set name="is_magic_weapon" value="true"/>
		<set name="crystal_count" value="1885"/>
		<set name="class" value="OTHER"/>
		<set name="ex_type" value="OTHER_ITEMS"/>
		<set name="crystal_type" value="C"/>
		<set name="crystallizable" value="true"/>
		<set name="icon" value="icon.weapon_eclipse_axe_i00"/>
		<set name="price" value="4713500"/>
		<set name="type" value="OTHER"/>
		<set name="weight" value="1640"/>
	</etcitem>
	<etcitem id="14306" name="Dwarven Hammer">
		<set name="crystal_count" value="1885"/>
		<set name="class" value="OTHER"/>
		<set name="ex_type" value="OTHER_ITEMS"/>
		<set name="crystal_type" value="C"/>
		<set name="crystallizable" value="true"/>
		<set name="icon" value="icon.weapon_dwarven_hammer_i00"/>
		<set name="price" value="4713500"/>
		<set name="type" value="OTHER"/>
		<set name="weight" value="2010"/>
	</etcitem>
	<etcitem id="14307" name="Admiral's Estoc">
		<set name="crystal_count" value="1885"/>
		<set name="class" value="OTHER"/>
		<set name="ex_type" value="OTHER_ITEMS"/>
		<set name="crystal_type" value="C"/>
		<set name="crystallizable" value="true"/>
		<set name="icon" value="icon.weapon_blink_slasher_i00"/>
		<set name="price" value="4713500"/>
		<set name="type" value="OTHER"/>
		<set name="weight" value="1380"/>
	</etcitem>
	<etcitem id="14308" name="Saber Tooth">
		<set name="crystal_count" value="1885"/>
		<set name="class" value="OTHER"/>
		<set name="ex_type" value="OTHER_ITEMS"/>
		<set name="crystal_type" value="C"/>
		<set name="crystallizable" value="true"/>
		<set name="icon" value="icon.weapon_invincible_blade_i00"/>
		<set name="price" value="4713500"/>
		<set name="type" value="OTHER"/>
		<set name="weight" value="1950"/>
	</etcitem>
	<etcitem id="14309" name="Sharpshooter">
		<set name="atk_reuse" value="400"/>
		<set name="reuse_delay" value="400"/>
		<set name="crystal_count" value="1885"/>
		<set name="class" value="OTHER"/>
		<set name="ex_type" value="OTHER_ITEMS"/>
		<set name="crystal_type" value="C"/>
		<set name="crystallizable" value="true"/>
		<set name="icon" value="icon.weapon_taslam_i00"/>
		<set name="price" value="4713500"/>
		<set name="type" value="OTHER"/>
		<set name="weight" value="1740"/>
	</etcitem>
	<etcitem id="14310" name="Sword of Damascus">
		<set name="crystal_count" value="1346"/>
		<set name="class" value="OTHER"/>
		<set name="ex_type" value="OTHER_ITEMS"/>
		<set name="crystal_type" value="B"/>
		<set name="crystallizable" value="true"/>
		<set name="icon" value="icon.weapon_sword_of_damascus_i00"/>
		<set name="price" value="10091400"/>
		<set name="type" value="OTHER"/>
		<set name="weight" value="1350"/>
	</etcitem>
	<etcitem id="14311" name="Lance">
		<set name="crystal_count" value="1346"/>
		<set name="class" value="OTHER"/>
		<set name="ex_type" value="OTHER_ITEMS"/>
		<set name="crystal_type" value="B"/>
		<set name="crystallizable" value="true"/>
		<set name="icon" value="icon.weapon_lancia_i00"/>
		<set name="price" value="10091400"/>
		<set name="type" value="OTHER"/>
		<set name="weight" value="1920"/>
	</etcitem>
	<etcitem id="14312" name="Deadman's Glory">
		<set name="crystal_count" value="1346"/>
		<set name="class" value="OTHER"/>
		<set name="ex_type" value="OTHER_ITEMS"/>
		<set name="crystal_type" value="B"/>
		<set name="crystallizable" value="true"/>
		<set name="icon" value="icon.weapon_deadmans_glory_i00"/>
		<set name="price" value="10091400"/>
		<set name="type" value="OTHER"/>
		<set name="weight" value="1600"/>
	</etcitem>
	<etcitem id="14313" name="Art of Battle Axe">
		<set name="crystal_count" value="1346"/>
		<set name="class" value="OTHER"/>
		<set name="ex_type" value="OTHER_ITEMS"/>
		<set name="crystal_type" value="B"/>
		<set name="crystallizable" value="true"/>
		<set name="icon" value="icon.weapon_art_of_battle_axe_i00"/>
		<set name="price" value="10091400"/>
		<set name="type" value="OTHER"/>
		<set name="weight" value="1570"/>
	</etcitem>
	<etcitem id="14314" name="Staff of Evil Spirits">
		<set name="is_magic_weapon" value="true"/>
		<set name="crystal_count" value="1346"/>
		<set name="class" value="OTHER"/>
		<set name="ex_type" value="OTHER_ITEMS"/>
		<set name="crystal_type" value="B"/>
		<set name="crystallizable" value="true"/>
		<set name="icon" value="icon.weapon_staff_of_evil_sprit_i00"/>
		<set name="price" value="10091400"/>
		<set name="type" value="OTHER"/>
		<set name="weight" value="930"/>
	</etcitem>
	<etcitem id="14315" name="Demon Dagger">
		<set name="crystal_count" value="1346"/>
		<set name="class" value="OTHER"/>
		<set name="ex_type" value="OTHER_ITEMS"/>
		<set name="crystal_type" value="B"/>
		<set name="crystallizable" value="true"/>
		<set name="icon" value="icon.weapon_demons_sword_i00"/>
		<set name="price" value="10091400"/>
		<set name="type" value="OTHER"/>
		<set name="weight" value="970"/>
	</etcitem>
	<etcitem id="14316" name="Bellion Cestus">
		<set name="crystal_count" value="1346"/>
		<set name="class" value="OTHER"/>
		<set name="ex_type" value="OTHER_ITEMS"/>
		<set name="crystal_type" value="B"/>
		<set name="crystallizable" value="true"/>
		<set name="icon" value="icon.weapon_bellion_cestus_i00"/>
		<set name="price" value="10091400"/>
		<set name="type" value="OTHER"/>
		<set name="weight" value="1390"/>
	</etcitem>
	<etcitem id="14317" name="Bow of Peril">
		<set name="atk_reuse" value="1500"/>
		<set name="crystal_count" value="1346"/>
		<set name="class" value="OTHER"/>
		<set name="ex_type" value="OTHER_ITEMS"/>
		<set name="crystal_type" value="B"/>
		<set name="crystallizable" value="true"/>
		<set name="icon" value="icon.weapon_hazard_bow_i00"/>
		<set name="price" value="10091400"/>
		<set name="type" value="OTHER"/>
		<set name="weight" value="1700"/>
	</etcitem>
	<etcitem id="14318" name="Samurai Long Sword*Samurai Long Sword">
		<set name="crystal_count" value="1346"/>
		<set name="class" value="OTHER"/>
		<set name="ex_type" value="OTHER_ITEMS"/>
		<set name="crystal_type" value="B"/>
		<set name="crystallizable" value="true"/>
		<set name="icon" value="icon.weapon_dual_sword_i00"/>
		<set name="price" value="10091400"/>
		<set name="type" value="OTHER"/>
		<set name="weight" value="2080"/>
	</etcitem>
	<etcitem id="14319" name="Demon Dagger">
		<set name="crystal_count" value="1346"/>
		<set name="class" value="OTHER"/>
		<set name="ex_type" value="OTHER_ITEMS"/>
		<set name="crystal_type" value="B"/>
		<set name="crystallizable" value="true"/>
		<set name="icon" value="icon.weapon_demons_sword_i01"/>
		<set name="price" value="10091400"/>
		<set name="type" value="OTHER"/>
		<set name="weight" value="970"/>
	</etcitem>
	<etcitem id="14320" name="Guardian Sword">
		<set name="crystal_count" value="1346"/>
		<set name="class" value="OTHER"/>
		<set name="ex_type" value="OTHER_ITEMS"/>
		<set name="crystal_type" value="B"/>
		<set name="crystallizable" value="true"/>
		<set name="icon" value="icon.weapon_guardians_sword_i00"/>
		<set name="price" value="10091400"/>
		<set name="type" value="OTHER"/>
		<set name="weight" value="1930"/>
	</etcitem>
	<etcitem id="14321" name="Wizard's Tear">
		<set name="is_magic_weapon" value="true"/>
		<set name="crystal_count" value="1346"/>
		<set name="class" value="OTHER"/>
		<set name="ex_type" value="OTHER_ITEMS"/>
		<set name="crystal_type" value="B"/>
		<set name="crystallizable" value="true"/>
		<set name="icon" value="icon.weapon_tears_of_wizard_i00"/>
		<set name="price" value="10091400"/>
		<set name="type" value="OTHER"/>
		<set name="weight" value="1350"/>
	</etcitem>
	<etcitem id="14322" name="Kaim Vanul's Bones">
		<set name="is_magic_weapon" value="true"/>
		<set name="crystal_count" value="1346"/>
		<set name="class" value="OTHER"/>
		<set name="ex_type" value="OTHER_ITEMS"/>
		<set name="crystal_type" value="B"/>
		<set name="crystallizable" value="true"/>
		<set name="icon" value="icon.weapon_bone_of_kaim_vanul_i00"/>
		<set name="price" value="10091400"/>
		<set name="type" value="OTHER"/>
		<set name="weight" value="1570"/>
	</etcitem>
	<etcitem id="14323" name="Star Buster">
		<set name="crystal_count" value="1346"/>
		<set name="class" value="OTHER"/>
		<set name="ex_type" value="OTHER_ITEMS"/>
		<set name="crystal_type" value="B"/>
		<set name="crystallizable" value="true"/>
		<set name="icon" value="icon.weapon_star_buster_i00"/>
		<set name="price" value="10091400"/>
		<set name="type" value="OTHER"/>
		<set name="weight" value="1930"/>
	</etcitem>
	<etcitem id="14324" name="Colichemarde">
		<set name="crystal_count" value="1346"/>
		<set name="class" value="OTHER"/>
		<set name="ex_type" value="OTHER_ITEMS"/>
		<set name="crystal_type" value="B"/>
		<set name="crystallizable" value="true"/>
		<set name="icon" value="icon.weapon_colichemarde_i00"/>
		<set name="price" value="10091400"/>
		<set name="type" value="OTHER"/>
		<set name="weight" value="1350"/>
	</etcitem>
	<etcitem id="14325" name="Dismantler">
		<set name="crystal_count" value="1346"/>
		<set name="class" value="OTHER"/>
		<set name="ex_type" value="OTHER_ITEMS"/>
		<set name="crystal_type" value="B"/>
		<set name="crystallizable" value="true"/>
		<set name="icon" value="icon.weapon_dismantler_i00"/>
		<set name="price" value="10091400"/>
		<set name="type" value="OTHER"/>
		<set name="weight" value="1930"/>
	</etcitem>
	<etcitem id="14326" name="Hell Hound">
		<set name="atk_reuse" value="400"/>
		<set name="reuse_delay" value="400"/>
		<set name="crystal_count" value="1346"/>
		<set name="class" value="OTHER"/>
		<set name="ex_type" value="OTHER_ITEMS"/>
		<set name="crystal_type" value="B"/>
		<set name="crystallizable" value="true"/>
		<set name="icon" value="icon.weapon_hell_hound_i00"/>
		<set name="price" value="10091400"/>
		<set name="type" value="OTHER"/>
		<set name="weight" value="1700"/>
	</etcitem>
	<etcitem id="14327" name="Sirra's Blade">
		<set name="crystal_count" value="2157"/>
		<set name="class" value="OTHER"/>
		<set name="ex_type" value="OTHER_ITEMS"/>
		<set name="crystal_type" value="A"/>
		<set name="crystallizable" value="true"/>
		<set name="icon" value="icon.weapon_sirr_blade_i00"/>
		<set name="price" value="26968400"/>
		<set name="type" value="OTHER"/>
		<set name="weight" value="1300"/>
	</etcitem>
	<etcitem id="14328" name="Sword of Ipos">
		<set name="crystal_count" value="2157"/>
		<set name="class" value="OTHER"/>
		<set name="ex_type" value="OTHER_ITEMS"/>
		<set name="crystal_type" value="A"/>
		<set name="crystallizable" value="true"/>
		<set name="icon" value="icon.weapon_sword_of_ipos_i00"/>
		<set name="price" value="26968400"/>
		<set name="type" value="OTHER"/>
		<set name="weight" value="1820"/>
	</etcitem>
	<etcitem id="14329" name="Barakiel's Axe">
		<set name="crystal_count" value="2157"/>
		<set name="class" value="OTHER"/>
		<set name="ex_type" value="OTHER_ITEMS"/>
		<set name="crystal_type" value="A"/>
		<set name="crystallizable" value="true"/>
		<set name="icon" value="icon.weapon_barakiel_axe_i00"/>
		<set name="price" value="26968400"/>
		<set name="type" value="OTHER"/>
		<set name="weight" value="1550"/>
	</etcitem>
	<etcitem id="14330" name="Behemoth's Tuning Fork">
		<set name="crystal_count" value="2157"/>
		<set name="class" value="OTHER"/>
		<set name="ex_type" value="OTHER_ITEMS"/>
		<set name="crystal_type" value="A"/>
		<set name="crystallizable" value="true"/>
		<set name="icon" value="icon.weapon_tuning_fork_of_behemoth_i00"/>
		<set name="price" value="26968400"/>
		<set name="type" value="OTHER"/>
		<set name="weight" value="1890"/>
	</etcitem>
	<etcitem id="14331" name="Naga Storm">
		<set name="crystal_count" value="2157"/>
		<set name="class" value="OTHER"/>
		<set name="ex_type" value="OTHER_ITEMS"/>
		<set name="crystal_type" value="A"/>
		<set name="crystallizable" value="true"/>
		<set name="icon" value="icon.weapon_naga_storm_i00"/>
		<set name="price" value="26968400"/>
		<set name="type" value="OTHER"/>
		<set name="weight" value="930"/>
	</etcitem>
	<etcitem id="14332" name="Tiphon's Spear">
		<set name="crystal_count" value="2157"/>
		<set name="class" value="OTHER"/>
		<set name="ex_type" value="OTHER_ITEMS"/>
		<set name="crystal_type" value="A"/>
		<set name="crystallizable" value="true"/>
		<set name="icon" value="icon.weapon_tiphon_spear_i00"/>
		<set name="price" value="26968400"/>
		<set name="type" value="OTHER"/>
		<set name="weight" value="1820"/>
	</etcitem>
	<etcitem id="14333" name="Shyeed's Bow">
		<set name="atk_reuse" value="820"/>
		<set name="crystal_count" value="2157"/>
		<set name="class" value="OTHER"/>
		<set name="ex_type" value="OTHER_ITEMS"/>
		<set name="crystal_type" value="A"/>
		<set name="crystallizable" value="true"/>
		<set name="icon" value="icon.weapon_shyid_bow_i00"/>
		<set name="price" value="26968400"/>
		<set name="type" value="OTHER"/>
		<set name="weight" value="1640"/>
	</etcitem>
	<etcitem id="14334" name="Sobekk's Hurricane">
		<set name="crystal_count" value="2157"/>
		<set name="class" value="OTHER"/>
		<set name="ex_type" value="OTHER_ITEMS"/>
		<set name="crystal_type" value="A"/>
		<set name="crystallizable" value="true"/>
		<set name="icon" value="icon.weapon_sobekk_hurricane_i00"/>
		<set name="price" value="26968400"/>
		<set name="type" value="OTHER"/>
		<set name="weight" value="1330"/>
	</etcitem>
	<etcitem id="14335" name="Themis' Tongue">
		<set name="is_magic_weapon" value="true"/>
		<set name="crystal_count" value="2157"/>
		<set name="class" value="OTHER"/>
		<set name="ex_type" value="OTHER_ITEMS"/>
		<set name="crystal_type" value="A"/>
		<set name="crystallizable" value="true"/>
		<set name="icon" value="icon.weapon_tongue_of_themis_i00"/>
		<set name="price" value="26968400"/>
		<set name="type" value="OTHER"/>
		<set name="weight" value="820"/>
	</etcitem>
	<etcitem id="14336" name="Cabrio's Hand">
		<set name="is_magic_weapon" value="true"/>
		<set name="crystal_count" value="2157"/>
		<set name="class" value="OTHER"/>
		<set name="ex_type" value="OTHER_ITEMS"/>
		<set name="crystal_type" value="A"/>
		<set name="crystallizable" value="true"/>
		<set name="icon" value="icon.weapon_hand_of_cabrio_i00"/>
		<set name="price" value="26968400"/>
		<set name="type" value="OTHER"/>
		<set name="weight" value="1510"/>
	</etcitem>
	<etcitem id="14337" name="Daimon Crystal">
		<set name="is_magic_weapon" value="true"/>
		<set name="crystal_count" value="2157"/>
		<set name="class" value="OTHER"/>
		<set name="ex_type" value="OTHER_ITEMS"/>
		<set name="crystal_type" value="A"/>
		<set name="crystallizable" value="true"/>
		<set name="icon" value="icon.weapon_crystal_of_deamon_i00"/>
		<set name="price" value="26968400"/>
		<set name="type" value="OTHER"/>
		<set name="weight" value="880"/>
	</etcitem>
	<etcitem id="14338" name="Tallum Blade*Damascus">
		<set name="crystal_count" value="2157"/>
		<set name="class" value="OTHER"/>
		<set name="ex_type" value="OTHER_ITEMS"/>
		<set name="crystal_type" value="A"/>
		<set name="crystallizable" value="true"/>
		<set name="icon" value="icon.weapon_dual_sword_i00"/>
		<set name="price" value="26968400"/>
		<set name="type" value="OTHER"/>
		<set name="weight" value="1890"/>
	</etcitem>
	<etcitem id="14339" name="Éclair Bijou">
		<set name="crystal_count" value="2157"/>
		<set name="class" value="OTHER"/>
		<set name="ex_type" value="OTHER_ITEMS"/>
		<set name="crystal_type" value="A"/>
		<set name="crystallizable" value="true"/>
		<set name="icon" value="icon.weapon_greed_stinger_i00"/>
		<set name="price" value="26968400"/>
		<set name="type" value="OTHER"/>
		<set name="weight" value="1300"/>
	</etcitem>
	<etcitem id="14340" name="Durendal">
		<set name="crystal_count" value="2157"/>
		<set name="class" value="OTHER"/>
		<set name="ex_type" value="OTHER_ITEMS"/>
		<set name="crystal_type" value="A"/>
		<set name="crystallizable" value="true"/>
		<set name="icon" value="icon.weapon_death_bringer_i00"/>
		<set name="price" value="26968400"/>
		<set name="type" value="OTHER"/>
		<set name="weight" value="1820"/>
	</etcitem>
	<etcitem id="14341" name="Screaming Vengeance">
		<set name="atk_reuse" value="400"/>
		<set name="reuse_delay" value="400"/>
		<set name="crystal_count" value="2157"/>
		<set name="class" value="OTHER"/>
		<set name="ex_type" value="OTHER_ITEMS"/>
		<set name="crystal_type" value="A"/>
		<set name="crystallizable" value="true"/>
		<set name="icon" value="icon.weapon_soul_shooter_i00"/>
		<set name="price" value="26968400"/>
		<set name="type" value="OTHER"/>
		<set name="weight" value="1640"/>
	</etcitem>
	<etcitem id="14342" name="Necklace of Binding">
		<set name="crystal_count" value="174"/>
		<set name="class" value="OTHER"/>
		<set name="ex_type" value="OTHER_ITEMS"/>
		<set name="crystal_type" value="C"/>
		<set name="crystallizable" value="true"/>
		<set name="icon" value="icon.accessary_necklace_of_binding_i00"/>
		<set name="price" value="434400"/>
		<set name="type" value="OTHER"/>
		<set name="weight" value="150"/>
	</etcitem>
	<etcitem id="14343" name="Nassen's Earring">
		<set name="crystal_count" value="130"/>
		<set name="class" value="OTHER"/>
		<set name="ex_type" value="OTHER_ITEMS"/>
		<set name="crystal_type" value="C"/>
		<set name="crystallizable" value="true"/>
		<set name="icon" value="icon.accessary_nassens_earing_i00"/>
		<set name="price" value="325800"/>
		<set name="type" value="OTHER"/>
		<set name="weight" value="150"/>
	</etcitem>
	<etcitem id="14344" name="Ring of Binding">
		<set name="crystal_count" value="87"/>
		<set name="class" value="OTHER"/>
		<set name="ex_type" value="OTHER_ITEMS"/>
		<set name="crystal_type" value="C"/>
		<set name="crystallizable" value="true"/>
		<set name="icon" value="icon.accessary_ring_of_binding_i00"/>
		<set name="price" value="217200"/>
		<set name="type" value="OTHER"/>
		<set name="weight" value="150"/>
	</etcitem>
	<etcitem id="14345" name="Earring of Black Ore">
		<set name="crystal_count" value="95"/>
		<set name="class" value="OTHER"/>
		<set name="ex_type" value="OTHER_ITEMS"/>
		<set name="crystal_type" value="B"/>
		<set name="crystallizable" value="true"/>
		<set name="icon" value="icon.accessary_earing_of_black_ore_i00"/>
		<set name="price" value="711000"/>
		<set name="type" value="OTHER"/>
		<set name="weight" value="150"/>
	</etcitem>
	<etcitem id="14346" name="Ring of Black Ore">
		<set name="crystal_count" value="63"/>
		<set name="class" value="OTHER"/>
		<set name="ex_type" value="OTHER_ITEMS"/>
		<set name="crystal_type" value="B"/>
		<set name="crystallizable" value="true"/>
		<set name="icon" value="icon.accessary_ring_of_black_ore_i00"/>
		<set name="price" value="474000"/>
		<set name="type" value="OTHER"/>
		<set name="weight" value="150"/>
	</etcitem>
	<etcitem id="14347" name="Necklace of Black Ore">
		<set name="crystal_count" value="126"/>
		<set name="class" value="OTHER"/>
		<set name="ex_type" value="OTHER_ITEMS"/>
		<set name="crystal_type" value="B"/>
		<set name="crystallizable" value="true"/>
		<set name="icon" value="icon.accessary_necklace_of_black_ore_i00"/>
		<set name="price" value="948000"/>
		<set name="type" value="OTHER"/>
		<set name="weight" value="150"/>
	</etcitem>
	<etcitem id="14348" name="Majestic Earring">
		<set name="crystal_count" value="120"/>
		<set name="class" value="OTHER"/>
		<set name="ex_type" value="OTHER_ITEMS"/>
		<set name="crystal_type" value="A"/>
		<set name="crystallizable" value="true"/>
		<set name="icon" value="icon.accessary_inferno_earing_i00"/>
		<set name="price" value="1498000"/>
		<set name="type" value="OTHER"/>
		<set name="weight" value="150"/>
	</etcitem>
	<etcitem id="14349" name="Majestic Ring">
		<set name="crystal_count" value="80"/>
		<set name="class" value="OTHER"/>
		<set name="ex_type" value="OTHER_ITEMS"/>
		<set name="crystal_type" value="A"/>
		<set name="crystallizable" value="true"/>
		<set name="icon" value="icon.accessary_inferno_ring_i00"/>
		<set name="price" value="999000"/>
		<set name="type" value="OTHER"/>
		<set name="weight" value="150"/>
	</etcitem>
	<etcitem id="14350" name="Majestic Necklace">
		<set name="crystal_count" value="160"/>
		<set name="class" value="OTHER"/>
		<set name="ex_type" value="OTHER_ITEMS"/>
		<set name="crystal_type" value="A"/>
		<set name="crystallizable" value="true"/>
		<set name="icon" value="icon.accessary_inferno_necklace_i00"/>
		<set name="price" value="1998000"/>
		<set name="type" value="OTHER"/>
		<set name="weight" value="150"/>
	</etcitem>
	<etcitem id="14351" name="Gracian Anniversary Coins">
		<set name="class" value="OTHER"/>
		<set name="ex_type" value="OTHER_ITEMS"/>
		<set name="crystal_type" value="NONE"/>
		<set name="dropable" value="false"/>
		<set name="icon" value="icon.etc_coins_silver_i00"/>
		<set name="stackable" value="true"/>
		<set name="tradeable" value="false"/>
		<set name="type" value="OTHER"/>
	</etcitem>
	<etcitem id="14352" name="Sculpture of Doubt ">
		<set name="class" value="OTHER"/>
		<set name="ex_type" value="OTHER_ITEMS"/>
		<set name="crystal_type" value="NONE"/>
		<set name="icon" value="icon.etc_statue_of_einhasad_bronze_i00"/>
		<set name="stackable" value="true"/>
		<set name="type" value="QUEST"/>
	</etcitem>
	<etcitem id="14353" name="Sculpture of Doubt">
		<set name="class" value="OTHER"/>
		<set name="ex_type" value="OTHER_ITEMS"/>
		<set name="crystal_type" value="NONE"/>
		<set name="icon" value="icon.etc_statue_of_einhasad_bronze_i00"/>
		<set name="stackable" value="true"/>
		<set name="type" value="QUEST"/>
	</etcitem>
	<etcitem id="14354" name="Sculpture of Doubt">
		<set name="class" value="OTHER"/>
		<set name="ex_type" value="OTHER_ITEMS"/>
		<set name="crystal_type" value="NONE"/>
		<set name="icon" value="icon.etc_statue_of_einhasad_bronze_i00"/>
		<set name="stackable" value="true"/>
		<set name="type" value="QUEST"/>
	</etcitem>
	<etcitem id="14355" name="Sculpture of Doubt">
		<set name="class" value="OTHER"/>
		<set name="ex_type" value="OTHER_ITEMS"/>
		<set name="crystal_type" value="NONE"/>
		<set name="icon" value="icon.etc_statue_of_einhasad_bronze_i00"/>
		<set name="stackable" value="true"/>
		<set name="type" value="QUEST"/>
	</etcitem>
	<etcitem id="14356" name="Sculpture of Doubt">
		<set name="class" value="OTHER"/>
		<set name="ex_type" value="OTHER_ITEMS"/>
		<set name="crystal_type" value="NONE"/>
		<set name="icon" value="icon.etc_statue_of_einhasad_bronze_i00"/>
		<set name="stackable" value="true"/>
		<set name="type" value="QUEST"/>
	</etcitem>
	<etcitem id="14357" name="Sculpture of Doubt">
		<set name="class" value="OTHER"/>
		<set name="ex_type" value="OTHER_ITEMS"/>
		<set name="crystal_type" value="NONE"/>
		<set name="icon" value="icon.etc_statue_of_einhasad_bronze_i00"/>
		<set name="stackable" value="true"/>
		<set name="type" value="QUEST"/>
	</etcitem>
	<etcitem id="14358" name="Sculpture of Doubt">
		<set name="class" value="OTHER"/>
		<set name="ex_type" value="OTHER_ITEMS"/>
		<set name="crystal_type" value="NONE"/>
		<set name="icon" value="icon.etc_statue_of_einhasad_bronze_i00"/>
		<set name="stackable" value="true"/>
		<set name="type" value="QUEST"/>
	</etcitem>
	<etcitem id="14359" name="Sculpture of Doubt">
		<set name="class" value="OTHER"/>
		<set name="ex_type" value="OTHER_ITEMS"/>
		<set name="crystal_type" value="NONE"/>
		<set name="icon" value="icon.etc_statue_of_einhasad_bronze_i00"/>
		<set name="stackable" value="true"/>
		<set name="type" value="QUEST"/>
	</etcitem>
	<etcitem id="14360" name="Sculpture of Doubt">
		<set name="class" value="OTHER"/>
		<set name="ex_type" value="OTHER_ITEMS"/>
		<set name="crystal_type" value="NONE"/>
		<set name="icon" value="icon.etc_statue_of_einhasad_bronze_i00"/>
		<set name="stackable" value="true"/>
		<set name="type" value="QUEST"/>
	</etcitem>
	<etcitem id="14361" name="Blood Stained Cloth">
		<set name="class" value="OTHER"/>
		<set name="ex_type" value="OTHER_ITEMS"/>
		<set name="crystal_type" value="NONE"/>
		<set name="icon" value="icon.etc_piece_of_cloth_red_i00"/>
		<set name="stackable" value="true"/>
		<set name="type" value="QUEST"/>
	</etcitem>
	<etcitem id="14362" name="White Cloth">
		<set name="class" value="OTHER"/>
		<set name="ex_type" value="OTHER_ITEMS"/>
		<set name="crystal_type" value="NONE"/>
		<set name="icon" value="icon.etc_piece_of_cloth_white_i00"/>
		<set name="stackable" value="true"/>
		<set name="type" value="QUEST"/>
	</etcitem>
</list>
