<?xml version="1.0" encoding="UTF-8"?>
<!DOCTYPE list SYSTEM "item.dtd">
<list>
	<etcitem id="15200" name="Orc Mage Class Equipment Set" add_name="10 day limited period">
		<set name="class" value="OTHER"/>
		<set name="ex_type" value="OTHER_ITEMS"/>
		<set name="crystal_type" value="NONE"/>
		<set name="dropable" value="false"/>
		<set name="icon" value="icon.etc_equip_item_box_i00"/>
		<set name="tradeable" value="false"/>
		<set name="type" value="OTHER"/>
	</etcitem>
	<etcitem id="15201" name="Knight Class Equipment Set" add_name="30 day limited period">
		<set name="class" value="OTHER"/>
		<set name="ex_type" value="OTHER_ITEMS"/>
		<set name="crystal_type" value="NONE"/>
		<set name="dropable" value="false"/>
		<set name="icon" value="icon.etc_equip_item_box_i00"/>
		<set name="tradeable" value="false"/>
		<set name="type" value="OTHER"/>
	</etcitem>
	<etcitem id="15202" name="Magic Class Equipment Set" add_name="30 day limited period">
		<set name="class" value="OTHER"/>
		<set name="ex_type" value="OTHER_ITEMS"/>
		<set name="crystal_type" value="NONE"/>
		<set name="dropable" value="false"/>
		<set name="icon" value="icon.etc_equip_item_box_i00"/>
		<set name="tradeable" value="false"/>
		<set name="type" value="OTHER"/>
	</etcitem>
	<etcitem id="15203" name="Warrior Class Equipment Set" add_name="30 day limited period">
		<set name="class" value="OTHER"/>
		<set name="ex_type" value="OTHER_ITEMS"/>
		<set name="crystal_type" value="NONE"/>
		<set name="dropable" value="false"/>
		<set name="icon" value="icon.etc_equip_item_box_i00"/>
		<set name="tradeable" value="false"/>
		<set name="type" value="OTHER"/>
	</etcitem>
	<etcitem id="15204" name="Rouge Class Equipment Set" add_name="30 day limited period">
		<set name="class" value="OTHER"/>
		<set name="ex_type" value="OTHER_ITEMS"/>
		<set name="crystal_type" value="NONE"/>
		<set name="dropable" value="false"/>
		<set name="icon" value="icon.etc_equip_item_box_i00"/>
		<set name="tradeable" value="false"/>
		<set name="type" value="OTHER"/>
	</etcitem>
	<etcitem id="15205" name="Kamael Class Equipment Set" add_name="30 day limited period">
		<set name="class" value="OTHER"/>
		<set name="ex_type" value="OTHER_ITEMS"/>
		<set name="crystal_type" value="NONE"/>
		<set name="dropable" value="false"/>
		<set name="icon" value="icon.etc_equip_item_box_i00"/>
		<set name="tradeable" value="false"/>
		<set name="type" value="OTHER"/>
	</etcitem>
	<etcitem id="15206" name="Orc Fighter Class Equipment Set" add_name="30 day limited period">
		<set name="class" value="OTHER"/>
		<set name="ex_type" value="OTHER_ITEMS"/>
		<set name="crystal_type" value="NONE"/>
		<set name="dropable" value="false"/>
		<set name="icon" value="icon.etc_equip_item_box_i00"/>
		<set name="tradeable" value="false"/>
		<set name="type" value="OTHER"/>
	</etcitem>
	<etcitem id="15207" name="Orc Mage Class Equipment Set" add_name="30 day limited period">
		<set name="class" value="OTHER"/>
		<set name="ex_type" value="OTHER_ITEMS"/>
		<set name="crystal_type" value="NONE"/>
		<set name="dropable" value="false"/>
		<set name="icon" value="icon.etc_equip_item_box_i00"/>
		<set name="tradeable" value="false"/>
		<set name="type" value="OTHER"/>
	</etcitem>
	<etcitem id="15209" name="Equipment Set 10 Day Pack Exchange Coupon">
		<set name="freightable" value="true"/>
		<set name="reuse_delay" value="3000"/>
		<set name="class" value="OTHER"/>
		<set name="ex_type" value="OTHER_ITEMS"/>
		<set name="crystal_type" value="NONE"/>
		<set name="icon" value="icon.etc_exchange_ticket_i00"/>
		<set name="stackable" value="true"/>
		<set name="type" value="OTHER"/>
	</etcitem>
	<etcitem id="15210" name="Equipment Set 10 Day Pack" add_name="10 day limited period">
		<set name="reuse_delay" value="10000"/>
		<set name="class" value="OTHER"/>
		<set name="ex_type" value="OTHER_ITEMS"/>
		<set name="crystal_type" value="NONE"/>
		<set name="dropable" value="false"/>
		<set name="icon" value="icon.etc_equip_item_box_i01"/>
		<set name="tradeable" value="false"/>
		<set name="type" value="OTHER"/>
	</etcitem>
	<etcitem id="15211" name="Equipment Set 30 Day Pack" add_name="30 day limited period">
		<set name="reuse_delay" value="10000"/>
		<set name="class" value="OTHER"/>
		<set name="ex_type" value="OTHER_ITEMS"/>
		<set name="crystal_type" value="NONE"/>
		<set name="dropable" value="false"/>
		<set name="icon" value="icon.etc_equip_item_box_i01"/>
		<set name="tradeable" value="false"/>
		<set name="type" value="OTHER"/>
	</etcitem>
	<etcitem id="15212" name="Friend Recommend Round 1 Reward Pack Exchange Coupon" add_name="Recommender">
		<set name="freightable" value="true"/>
		<set name="reuse_delay" value="3000"/>
		<set name="class" value="OTHER"/>
		<set name="ex_type" value="OTHER_ITEMS"/>
		<set name="crystal_type" value="NONE"/>
		<set name="icon" value="icon.etc_exchange_ticket_i01"/>
		<set name="stackable" value="true"/>
		<set name="type" value="OTHER"/>
	</etcitem>
	<etcitem id="15213" name="Friend Recommend Round 1 Reward Pack" add_name="30 day limited period">
		<set name="reuse_delay" value="3000"/>
		<set name="class" value="OTHER"/>
		<set name="ex_type" value="OTHER_ITEMS"/>
		<set name="crystal_type" value="NONE"/>
		<set name="dropable" value="false"/>
		<set name="icon" value="icon.etc_exchange_ticket_i01"/>
		<set name="tradeable" value="false"/>
		<set name="type" value="OTHER"/>
	</etcitem>
	<etcitem id="15214" name="Friend Recommend Round 2 Reward Pack Exchange Coupon" add_name="Recommender">
		<set name="freightable" value="true"/>
		<set name="reuse_delay" value="3000"/>
		<set name="class" value="OTHER"/>
		<set name="ex_type" value="OTHER_ITEMS"/>
		<set name="crystal_type" value="NONE"/>
		<set name="icon" value="icon.etc_exchange_ticket_i02"/>
		<set name="stackable" value="true"/>
		<set name="type" value="OTHER"/>
	</etcitem>
	<etcitem id="15215" name="Friend Recommend Round 2 Reward Pack" add_name="30 day limited period">
		<set name="reuse_delay" value="3000"/>
		<set name="class" value="OTHER"/>
		<set name="ex_type" value="OTHER_ITEMS"/>
		<set name="crystal_type" value="NONE"/>
		<set name="dropable" value="false"/>
		<set name="icon" value="icon.etc_exchange_ticket_i02"/>
		<set name="tradeable" value="false"/>
		<set name="type" value="OTHER"/>
	</etcitem>
	<etcitem id="15216" name="Friend Recommend Round 1 Reward Pack Exchange Coupon" add_name="New Human">
		<set name="freightable" value="true"/>
		<set name="reuse_delay" value="3000"/>
		<set name="class" value="OTHER"/>
		<set name="ex_type" value="OTHER_ITEMS"/>
		<set name="crystal_type" value="NONE"/>
		<set name="icon" value="icon.etc_exchange_ticket_i01"/>
		<set name="stackable" value="true"/>
		<set name="type" value="OTHER"/>
	</etcitem>
	<etcitem id="15217" name="Friend Recommend Round 1 Reward Pack" add_name="30 day limited period">
		<set name="reuse_delay" value="3000"/>
		<set name="class" value="OTHER"/>
		<set name="ex_type" value="OTHER_ITEMS"/>
		<set name="crystal_type" value="NONE"/>
		<set name="dropable" value="false"/>
		<set name="icon" value="icon.etc_exchange_ticket_i01"/>
		<set name="tradeable" value="false"/>
		<set name="type" value="OTHER"/>
	</etcitem>
	<etcitem id="15218" name="Friend Recommend Round 2 Reward Pack Exchange Coupon" add_name="New Human">
		<set name="freightable" value="true"/>
		<set name="reuse_delay" value="3000"/>
		<set name="class" value="OTHER"/>
		<set name="ex_type" value="OTHER_ITEMS"/>
		<set name="crystal_type" value="NONE"/>
		<set name="icon" value="icon.etc_exchange_ticket_i02"/>
		<set name="stackable" value="true"/>
		<set name="type" value="OTHER"/>
	</etcitem>
	<etcitem id="15219" name="Friend Recommend Round 2 Reward Pack" add_name="30 day limited period">
		<set name="reuse_delay" value="3000"/>
		<set name="class" value="OTHER"/>
		<set name="ex_type" value="OTHER_ITEMS"/>
		<set name="crystal_type" value="NONE"/>
		<set name="dropable" value="false"/>
		<set name="icon" value="icon.etc_exchange_ticket_i02"/>
		<set name="tradeable" value="false"/>
		<set name="type" value="OTHER"/>
	</etcitem>
	<etcitem id="15222" name="Friendship Heavy Armor of Nightmare Set Pack" add_name="10 day limited period">
		<set name="reuse_delay" value="3000"/>
		<set name="class" value="OTHER"/>
		<set name="ex_type" value="OTHER_ITEMS"/>
		<set name="crystal_type" value="NONE"/>
		<set name="dropable" value="false"/>
		<set name="icon" value="icon.etc_equip_item_box_i02"/>
		<set name="tradeable" value="false"/>
		<set name="type" value="OTHER"/>
	</etcitem>
	<etcitem id="15223" name="Doom Plate Armor of Friendship Set Pack" add_name="10 day limited period">
		<set name="reuse_delay" value="3000"/>
		<set name="class" value="OTHER"/>
		<set name="ex_type" value="OTHER_ITEMS"/>
		<set name="crystal_type" value="NONE"/>
		<set name="dropable" value="false"/>
		<set name="icon" value="icon.etc_equip_item_box_i02"/>
		<set name="tradeable" value="false"/>
		<set name="type" value="OTHER"/>
	</etcitem>
	<etcitem id="15224" name="Full Plate of Friendship Set Pack" add_name="10 day limited period">
		<set name="reuse_delay" value="3000"/>
		<set name="class" value="OTHER"/>
		<set name="ex_type" value="OTHER_ITEMS"/>
		<set name="crystal_type" value="NONE"/>
		<set name="dropable" value="false"/>
		<set name="icon" value="icon.etc_equip_item_box_i02"/>
		<set name="tradeable" value="false"/>
		<set name="type" value="OTHER"/>
	</etcitem>
	<etcitem id="15225" name="Brigandine of Friendship Set Pack" add_name="10 day limited period">
		<set name="reuse_delay" value="3000"/>
		<set name="class" value="OTHER"/>
		<set name="ex_type" value="OTHER_ITEMS"/>
		<set name="crystal_type" value="NONE"/>
		<set name="dropable" value="false"/>
		<set name="icon" value="icon.etc_equip_item_box_i02"/>
		<set name="tradeable" value="false"/>
		<set name="type" value="OTHER"/>
	</etcitem>
	<etcitem id="15226" name="Dark Crystal Light Armor of Friendship Set Pack" add_name="10 day limited period">
		<set name="reuse_delay" value="3000"/>
		<set name="class" value="OTHER"/>
		<set name="ex_type" value="OTHER_ITEMS"/>
		<set name="crystal_type" value="NONE"/>
		<set name="dropable" value="false"/>
		<set name="icon" value="icon.etc_equip_item_box_i02"/>
		<set name="tradeable" value="false"/>
		<set name="type" value="OTHER"/>
	</etcitem>
	<etcitem id="15227" name="Leather Armor of Doom of Friendship Set Pack" add_name="10 day limited period">
		<set name="reuse_delay" value="3000"/>
		<set name="class" value="OTHER"/>
		<set name="ex_type" value="OTHER_ITEMS"/>
		<set name="crystal_type" value="NONE"/>
		<set name="dropable" value="false"/>
		<set name="icon" value="icon.etc_equip_item_box_i02"/>
		<set name="tradeable" value="false"/>
		<set name="type" value="OTHER"/>
	</etcitem>
	<etcitem id="15228" name="Plate Leather of Friendship Set Pack" add_name="10 day limited period">
		<set name="reuse_delay" value="3000"/>
		<set name="class" value="OTHER"/>
		<set name="ex_type" value="OTHER_ITEMS"/>
		<set name="crystal_type" value="NONE"/>
		<set name="dropable" value="false"/>
		<set name="icon" value="icon.etc_equip_item_box_i02"/>
		<set name="tradeable" value="false"/>
		<set name="type" value="OTHER"/>
	</etcitem>
	<etcitem id="15229" name="Manticore Leather of Friendship Set Pack" add_name="10 day limited period">
		<set name="reuse_delay" value="3000"/>
		<set name="class" value="OTHER"/>
		<set name="ex_type" value="OTHER_ITEMS"/>
		<set name="crystal_type" value="NONE"/>
		<set name="dropable" value="false"/>
		<set name="icon" value="icon.etc_equip_item_box_i02"/>
		<set name="tradeable" value="false"/>
		<set name="type" value="OTHER"/>
	</etcitem>
	<etcitem id="15230" name="Dark Crystal Robe of Friendship Set Pack" add_name="10 day limited period">
		<set name="reuse_delay" value="3000"/>
		<set name="class" value="OTHER"/>
		<set name="ex_type" value="OTHER_ITEMS"/>
		<set name="crystal_type" value="NONE"/>
		<set name="dropable" value="false"/>
		<set name="icon" value="icon.etc_equip_item_box_i02"/>
		<set name="tradeable" value="false"/>
		<set name="type" value="OTHER"/>
	</etcitem>
	<etcitem id="15231" name="Avadon Robe of Friendship Set Pack" add_name="10 day limited period">
		<set name="reuse_delay" value="3000"/>
		<set name="class" value="OTHER"/>
		<set name="ex_type" value="OTHER_ITEMS"/>
		<set name="crystal_type" value="NONE"/>
		<set name="dropable" value="false"/>
		<set name="icon" value="icon.etc_equip_item_box_i02"/>
		<set name="tradeable" value="false"/>
		<set name="type" value="OTHER"/>
	</etcitem>
	<etcitem id="15232" name="Karmian of Friendship Set Pack" add_name="10 day limited period">
		<set name="reuse_delay" value="3000"/>
		<set name="class" value="OTHER"/>
		<set name="ex_type" value="OTHER_ITEMS"/>
		<set name="crystal_type" value="NONE"/>
		<set name="dropable" value="false"/>
		<set name="icon" value="icon.etc_equip_item_box_i02"/>
		<set name="tradeable" value="false"/>
		<set name="type" value="OTHER"/>
	</etcitem>
	<etcitem id="15233" name="Mithril Tunic of Friendship Set Pack" add_name="10 day limited period">
		<set name="reuse_delay" value="3000"/>
		<set name="class" value="OTHER"/>
		<set name="ex_type" value="OTHER_ITEMS"/>
		<set name="crystal_type" value="NONE"/>
		<set name="dropable" value="false"/>
		<set name="icon" value="icon.etc_equip_item_box_i02"/>
		<set name="tradeable" value="false"/>
		<set name="type" value="OTHER"/>
	</etcitem>
	<etcitem id="15234" name="Magic Weapon of Friendship Set" add_name="10 day limited period">
		<set name="reuse_delay" value="3000"/>
		<set name="class" value="OTHER"/>
		<set name="ex_type" value="OTHER_ITEMS"/>
		<set name="crystal_type" value="NONE"/>
		<set name="dropable" value="false"/>
		<set name="icon" value="icon.etc_equip_item_box_i03"/>
		<set name="tradeable" value="false"/>
		<set name="type" value="OTHER"/>
	</etcitem>
	<etcitem id="15235" name="Dagger of Friendship Set" add_name="10 day limited period">
		<set name="reuse_delay" value="3000"/>
		<set name="class" value="OTHER"/>
		<set name="ex_type" value="OTHER_ITEMS"/>
		<set name="crystal_type" value="NONE"/>
		<set name="dropable" value="false"/>
		<set name="icon" value="icon.etc_equip_item_box_i03"/>
		<set name="tradeable" value="false"/>
		<set name="type" value="OTHER"/>
	</etcitem>
	<etcitem id="15236" name="Bow of Friendship Set" add_name="10 day limited period">
		<set name="reuse_delay" value="3000"/>
		<set name="class" value="OTHER"/>
		<set name="ex_type" value="OTHER_ITEMS"/>
		<set name="crystal_type" value="NONE"/>
		<set name="dropable" value="false"/>
		<set name="icon" value="icon.etc_equip_item_box_i03"/>
		<set name="tradeable" value="false"/>
		<set name="type" value="OTHER"/>
	</etcitem>
	<etcitem id="15237" name="Blunt Weapon of Friendship Set" add_name="10 day limited period">
		<set name="reuse_delay" value="3000"/>
		<set name="class" value="OTHER"/>
		<set name="ex_type" value="OTHER_ITEMS"/>
		<set name="crystal_type" value="NONE"/>
		<set name="dropable" value="false"/>
		<set name="icon" value="icon.etc_equip_item_box_i03"/>
		<set name="tradeable" value="false"/>
		<set name="type" value="OTHER"/>
	</etcitem>
	<etcitem id="15238" name="One-handed Sword of Friendship Set" add_name="10 day limited period">
		<set name="reuse_delay" value="3000"/>
		<set name="class" value="OTHER"/>
		<set name="ex_type" value="OTHER_ITEMS"/>
		<set name="crystal_type" value="NONE"/>
		<set name="dropable" value="false"/>
		<set name="icon" value="icon.etc_equip_item_box_i03"/>
		<set name="tradeable" value="false"/>
		<set name="type" value="OTHER"/>
	</etcitem>
	<etcitem id="15239" name="Two-handed Sword of Friendship Set" add_name="10 day limited period">
		<set name="reuse_delay" value="3000"/>
		<set name="class" value="OTHER"/>
		<set name="ex_type" value="OTHER_ITEMS"/>
		<set name="crystal_type" value="NONE"/>
		<set name="dropable" value="false"/>
		<set name="icon" value="icon.etc_equip_item_box_i03"/>
		<set name="tradeable" value="false"/>
		<set name="type" value="OTHER"/>
	</etcitem>
	<etcitem id="15240" name="Hand-to-hand Combat Weapon of Friendship Set" add_name="10 day limited period">
		<set name="reuse_delay" value="3000"/>
		<set name="class" value="OTHER"/>
		<set name="ex_type" value="OTHER_ITEMS"/>
		<set name="crystal_type" value="NONE"/>
		<set name="dropable" value="false"/>
		<set name="icon" value="icon.etc_equip_item_box_i03"/>
		<set name="tradeable" value="false"/>
		<set name="type" value="OTHER"/>
	</etcitem>
	<etcitem id="15241" name="Dualsword of Friendship Set" add_name="10 day limited period">
		<set name="reuse_delay" value="3000"/>
		<set name="class" value="OTHER"/>
		<set name="ex_type" value="OTHER_ITEMS"/>
		<set name="crystal_type" value="NONE"/>
		<set name="dropable" value="false"/>
		<set name="icon" value="icon.etc_equip_item_box_i03"/>
		<set name="tradeable" value="false"/>
		<set name="type" value="OTHER"/>
	</etcitem>
	<etcitem id="15242" name="Spear of Friendship Set" add_name="10 day limited period">
		<set name="reuse_delay" value="3000"/>
		<set name="class" value="OTHER"/>
		<set name="ex_type" value="OTHER_ITEMS"/>
		<set name="crystal_type" value="NONE"/>
		<set name="dropable" value="false"/>
		<set name="icon" value="icon.etc_equip_item_box_i03"/>
		<set name="tradeable" value="false"/>
		<set name="type" value="OTHER"/>
	</etcitem>
	<etcitem id="15243" name="Ancient Sword of Friendship Set" add_name="10 day limited period">
		<set name="reuse_delay" value="3000"/>
		<set name="class" value="OTHER"/>
		<set name="ex_type" value="OTHER_ITEMS"/>
		<set name="crystal_type" value="NONE"/>
		<set name="dropable" value="false"/>
		<set name="icon" value="icon.etc_equip_item_box_i03"/>
		<set name="tradeable" value="false"/>
		<set name="type" value="OTHER"/>
	</etcitem>
	<etcitem id="15244" name="Short Sword of Friendship Set" add_name="10 day limited period">
		<set name="reuse_delay" value="3000"/>
		<set name="class" value="OTHER"/>
		<set name="ex_type" value="OTHER_ITEMS"/>
		<set name="crystal_type" value="NONE"/>
		<set name="dropable" value="false"/>
		<set name="icon" value="icon.etc_equip_item_box_i03"/>
		<set name="tradeable" value="false"/>
		<set name="type" value="OTHER"/>
	</etcitem>
	<etcitem id="15245" name="Crossbow of Friendship Set" add_name="10 day limited period">
		<set name="reuse_delay" value="3000"/>
		<set name="class" value="OTHER"/>
		<set name="ex_type" value="OTHER_ITEMS"/>
		<set name="crystal_type" value="NONE"/>
		<set name="dropable" value="false"/>
		<set name="icon" value="icon.etc_equip_item_box_i03"/>
		<set name="tradeable" value="false"/>
		<set name="type" value="OTHER"/>
	</etcitem>
	<etcitem id="15246" name="Friendship Heavy Armor of Nightmare Set Pack" add_name="30 day limited period">
		<set name="reuse_delay" value="3000"/>
		<set name="class" value="OTHER"/>
		<set name="ex_type" value="OTHER_ITEMS"/>
		<set name="crystal_type" value="NONE"/>
		<set name="dropable" value="false"/>
		<set name="icon" value="icon.etc_equip_item_box_i02"/>
		<set name="tradeable" value="false"/>
		<set name="type" value="OTHER"/>
	</etcitem>
	<etcitem id="15247" name="Doom Plate Armor of Friendship Set Pack" add_name="30 day limited period">
		<set name="reuse_delay" value="3000"/>
		<set name="class" value="OTHER"/>
		<set name="ex_type" value="OTHER_ITEMS"/>
		<set name="crystal_type" value="NONE"/>
		<set name="dropable" value="false"/>
		<set name="icon" value="icon.etc_equip_item_box_i02"/>
		<set name="tradeable" value="false"/>
		<set name="type" value="OTHER"/>
	</etcitem>
	<etcitem id="15248" name="Full Plate of Friendship Set Pack" add_name="30 day limited period">
		<set name="reuse_delay" value="3000"/>
		<set name="class" value="OTHER"/>
		<set name="ex_type" value="OTHER_ITEMS"/>
		<set name="crystal_type" value="NONE"/>
		<set name="dropable" value="false"/>
		<set name="icon" value="icon.etc_equip_item_box_i02"/>
		<set name="tradeable" value="false"/>
		<set name="type" value="OTHER"/>
	</etcitem>
	<etcitem id="15249" name="Brigandine of Friendship Set Pack" add_name="30 day limited period">
		<set name="reuse_delay" value="3000"/>
		<set name="class" value="OTHER"/>
		<set name="ex_type" value="OTHER_ITEMS"/>
		<set name="crystal_type" value="NONE"/>
		<set name="dropable" value="false"/>
		<set name="icon" value="icon.etc_equip_item_box_i02"/>
		<set name="tradeable" value="false"/>
		<set name="type" value="OTHER"/>
	</etcitem>
	<etcitem id="15250" name="Dark Crystal Light Armor of Friendship Set Pack" add_name="30 day limited period">
		<set name="reuse_delay" value="3000"/>
		<set name="class" value="OTHER"/>
		<set name="ex_type" value="OTHER_ITEMS"/>
		<set name="crystal_type" value="NONE"/>
		<set name="dropable" value="false"/>
		<set name="icon" value="icon.etc_equip_item_box_i02"/>
		<set name="tradeable" value="false"/>
		<set name="type" value="OTHER"/>
	</etcitem>
	<etcitem id="15251" name="Leather Armor of Doom of Friendship Set Pack" add_name="30 day limited period">
		<set name="reuse_delay" value="3000"/>
		<set name="class" value="OTHER"/>
		<set name="ex_type" value="OTHER_ITEMS"/>
		<set name="crystal_type" value="NONE"/>
		<set name="dropable" value="false"/>
		<set name="icon" value="icon.etc_equip_item_box_i02"/>
		<set name="tradeable" value="false"/>
		<set name="type" value="OTHER"/>
	</etcitem>
	<etcitem id="15252" name="Plate Leather of Friendship Set Pack" add_name="30 day limited period">
		<set name="reuse_delay" value="3000"/>
		<set name="class" value="OTHER"/>
		<set name="ex_type" value="OTHER_ITEMS"/>
		<set name="crystal_type" value="NONE"/>
		<set name="dropable" value="false"/>
		<set name="icon" value="icon.etc_equip_item_box_i02"/>
		<set name="tradeable" value="false"/>
		<set name="type" value="OTHER"/>
	</etcitem>
	<etcitem id="15253" name="Manticore Leather of Friendship Set Pack" add_name="30 day limited period">
		<set name="reuse_delay" value="3000"/>
		<set name="class" value="OTHER"/>
		<set name="ex_type" value="OTHER_ITEMS"/>
		<set name="crystal_type" value="NONE"/>
		<set name="dropable" value="false"/>
		<set name="icon" value="icon.etc_equip_item_box_i02"/>
		<set name="tradeable" value="false"/>
		<set name="type" value="OTHER"/>
	</etcitem>
	<etcitem id="15254" name="Dark Crystal Robe of Friendship Set Pack" add_name="30 day limited period">
		<set name="reuse_delay" value="3000"/>
		<set name="class" value="OTHER"/>
		<set name="ex_type" value="OTHER_ITEMS"/>
		<set name="crystal_type" value="NONE"/>
		<set name="dropable" value="false"/>
		<set name="icon" value="icon.etc_equip_item_box_i02"/>
		<set name="tradeable" value="false"/>
		<set name="type" value="OTHER"/>
	</etcitem>
	<etcitem id="15255" name="Avadon Robe of Friendship Set Pack" add_name="30 day limited period">
		<set name="reuse_delay" value="3000"/>
		<set name="class" value="OTHER"/>
		<set name="ex_type" value="OTHER_ITEMS"/>
		<set name="crystal_type" value="NONE"/>
		<set name="dropable" value="false"/>
		<set name="icon" value="icon.etc_equip_item_box_i02"/>
		<set name="tradeable" value="false"/>
		<set name="type" value="OTHER"/>
	</etcitem>
	<etcitem id="15256" name="Karmian of Friendship Set Pack" add_name="30 day limited period">
		<set name="reuse_delay" value="3000"/>
		<set name="class" value="OTHER"/>
		<set name="ex_type" value="OTHER_ITEMS"/>
		<set name="crystal_type" value="NONE"/>
		<set name="dropable" value="false"/>
		<set name="icon" value="icon.etc_equip_item_box_i02"/>
		<set name="tradeable" value="false"/>
		<set name="type" value="OTHER"/>
	</etcitem>
	<etcitem id="15257" name="Mithril Tunic of Friendship Set Pack" add_name="30 day limited period">
		<set name="reuse_delay" value="3000"/>
		<set name="class" value="OTHER"/>
		<set name="ex_type" value="OTHER_ITEMS"/>
		<set name="crystal_type" value="NONE"/>
		<set name="dropable" value="false"/>
		<set name="icon" value="icon.etc_equip_item_box_i02"/>
		<set name="tradeable" value="false"/>
		<set name="type" value="OTHER"/>
	</etcitem>
	<etcitem id="15258" name="Magic Weapon of Friendship Set" add_name="30 day limited period">
		<set name="reuse_delay" value="3000"/>
		<set name="class" value="OTHER"/>
		<set name="ex_type" value="OTHER_ITEMS"/>
		<set name="crystal_type" value="NONE"/>
		<set name="dropable" value="false"/>
		<set name="icon" value="icon.etc_equip_item_box_i03"/>
		<set name="tradeable" value="false"/>
		<set name="type" value="OTHER"/>
	</etcitem>
	<etcitem id="15259" name="Dagger of Friendship Set" add_name="30 day limited period">
		<set name="reuse_delay" value="3000"/>
		<set name="class" value="OTHER"/>
		<set name="ex_type" value="OTHER_ITEMS"/>
		<set name="crystal_type" value="NONE"/>
		<set name="dropable" value="false"/>
		<set name="icon" value="icon.etc_equip_item_box_i03"/>
		<set name="tradeable" value="false"/>
		<set name="type" value="OTHER"/>
	</etcitem>
	<etcitem id="15260" name="Bow of Friendship Set" add_name="30 day limited period">
		<set name="reuse_delay" value="3000"/>
		<set name="class" value="OTHER"/>
		<set name="ex_type" value="OTHER_ITEMS"/>
		<set name="crystal_type" value="NONE"/>
		<set name="dropable" value="false"/>
		<set name="icon" value="icon.etc_equip_item_box_i03"/>
		<set name="tradeable" value="false"/>
		<set name="type" value="OTHER"/>
	</etcitem>
	<etcitem id="15261" name="Blunt Weapon of Friendship Set" add_name="30 day limited period">
		<set name="reuse_delay" value="3000"/>
		<set name="class" value="OTHER"/>
		<set name="ex_type" value="OTHER_ITEMS"/>
		<set name="crystal_type" value="NONE"/>
		<set name="dropable" value="false"/>
		<set name="icon" value="icon.etc_equip_item_box_i03"/>
		<set name="tradeable" value="false"/>
		<set name="type" value="OTHER"/>
	</etcitem>
	<etcitem id="15262" name="One-handed Sword of Friendship Set" add_name="30 day limited period">
		<set name="reuse_delay" value="3000"/>
		<set name="class" value="OTHER"/>
		<set name="ex_type" value="OTHER_ITEMS"/>
		<set name="crystal_type" value="NONE"/>
		<set name="dropable" value="false"/>
		<set name="icon" value="icon.etc_equip_item_box_i03"/>
		<set name="tradeable" value="false"/>
		<set name="type" value="OTHER"/>
	</etcitem>
	<etcitem id="15263" name="Two-handed Sword of Friendship Set" add_name="30 day limited period">
		<set name="reuse_delay" value="3000"/>
		<set name="class" value="OTHER"/>
		<set name="ex_type" value="OTHER_ITEMS"/>
		<set name="crystal_type" value="NONE"/>
		<set name="dropable" value="false"/>
		<set name="icon" value="icon.etc_equip_item_box_i03"/>
		<set name="tradeable" value="false"/>
		<set name="type" value="OTHER"/>
	</etcitem>
	<etcitem id="15264" name="Hand-to-hand Combat Weapon of Friendship Set" add_name="30 day limited period">
		<set name="reuse_delay" value="3000"/>
		<set name="class" value="OTHER"/>
		<set name="ex_type" value="OTHER_ITEMS"/>
		<set name="crystal_type" value="NONE"/>
		<set name="dropable" value="false"/>
		<set name="icon" value="icon.etc_equip_item_box_i03"/>
		<set name="tradeable" value="false"/>
		<set name="type" value="OTHER"/>
	</etcitem>
	<etcitem id="15265" name="Dualsword of Friendship Set" add_name="30 day limited period">
		<set name="reuse_delay" value="3000"/>
		<set name="class" value="OTHER"/>
		<set name="ex_type" value="OTHER_ITEMS"/>
		<set name="crystal_type" value="NONE"/>
		<set name="dropable" value="false"/>
		<set name="icon" value="icon.etc_equip_item_box_i03"/>
		<set name="tradeable" value="false"/>
		<set name="type" value="OTHER"/>
	</etcitem>
	<etcitem id="15266" name="Spear of Friendship Set" add_name="30 day limited period">
		<set name="reuse_delay" value="3000"/>
		<set name="class" value="OTHER"/>
		<set name="ex_type" value="OTHER_ITEMS"/>
		<set name="crystal_type" value="NONE"/>
		<set name="dropable" value="false"/>
		<set name="icon" value="icon.etc_equip_item_box_i03"/>
		<set name="tradeable" value="false"/>
		<set name="type" value="OTHER"/>
	</etcitem>
	<etcitem id="15267" name="Ancient Sword of Friendship Set" add_name="30 day limited period">
		<set name="reuse_delay" value="3000"/>
		<set name="class" value="OTHER"/>
		<set name="ex_type" value="OTHER_ITEMS"/>
		<set name="crystal_type" value="NONE"/>
		<set name="dropable" value="false"/>
		<set name="icon" value="icon.etc_equip_item_box_i03"/>
		<set name="tradeable" value="false"/>
		<set name="type" value="OTHER"/>
	</etcitem>
	<etcitem id="15268" name="Short Sword of Friendship Set" add_name="30 day limited period">
		<set name="reuse_delay" value="3000"/>
		<set name="class" value="OTHER"/>
		<set name="ex_type" value="OTHER_ITEMS"/>
		<set name="crystal_type" value="NONE"/>
		<set name="dropable" value="false"/>
		<set name="icon" value="icon.etc_equip_item_box_i03"/>
		<set name="tradeable" value="false"/>
		<set name="type" value="OTHER"/>
	</etcitem>
	<etcitem id="15269" name="Crossbow of Friendship Set" add_name="30 day limited period">
		<set name="reuse_delay" value="3000"/>
		<set name="class" value="OTHER"/>
		<set name="ex_type" value="OTHER_ITEMS"/>
		<set name="crystal_type" value="NONE"/>
		<set name="dropable" value="false"/>
		<set name="icon" value="icon.etc_equip_item_box_i03"/>
		<set name="tradeable" value="false"/>
		<set name="type" value="OTHER"/>
	</etcitem>
	<etcitem id="15270" name="Majestic Set of Friendship" add_name="10 day limited period">
		<set name="reuse_delay" value="3000"/>
		<set name="class" value="OTHER"/>
		<set name="ex_type" value="OTHER_ITEMS"/>
		<set name="crystal_type" value="NONE"/>
		<set name="dropable" value="false"/>
		<set name="icon" value="icon.etc_jewel_box_i00"/>
		<set name="tradeable" value="false"/>
		<set name="type" value="OTHER"/>
	</etcitem>
	<etcitem id="15271" name="Black Ore Set of Friendship" add_name="10 day limited period">
		<set name="reuse_delay" value="3000"/>
		<set name="class" value="OTHER"/>
		<set name="ex_type" value="OTHER_ITEMS"/>
		<set name="crystal_type" value="NONE"/>
		<set name="dropable" value="false"/>
		<set name="icon" value="icon.etc_jewel_box_i00"/>
		<set name="tradeable" value="false"/>
		<set name="type" value="OTHER"/>
	</etcitem>
	<etcitem id="15272" name="Sealed Set of Friendship" add_name="10 day limited period">
		<set name="reuse_delay" value="3000"/>
		<set name="class" value="OTHER"/>
		<set name="ex_type" value="OTHER_ITEMS"/>
		<set name="crystal_type" value="NONE"/>
		<set name="dropable" value="false"/>
		<set name="icon" value="icon.etc_jewel_box_i00"/>
		<set name="tradeable" value="false"/>
		<set name="type" value="OTHER"/>
	</etcitem>
	<etcitem id="15273" name="Elven Set of Friendship" add_name="10 day limited period">
		<set name="reuse_delay" value="3000"/>
		<set name="class" value="OTHER"/>
		<set name="ex_type" value="OTHER_ITEMS"/>
		<set name="crystal_type" value="NONE"/>
		<set name="dropable" value="false"/>
		<set name="icon" value="icon.etc_jewel_box_i00"/>
		<set name="tradeable" value="false"/>
		<set name="type" value="OTHER"/>
	</etcitem>
	<etcitem id="15274" name="Majestic Set of Friendship" add_name="30 day limited period">
		<set name="reuse_delay" value="3000"/>
		<set name="class" value="OTHER"/>
		<set name="ex_type" value="OTHER_ITEMS"/>
		<set name="crystal_type" value="NONE"/>
		<set name="dropable" value="false"/>
		<set name="icon" value="icon.etc_jewel_box_i00"/>
		<set name="tradeable" value="false"/>
		<set name="type" value="OTHER"/>
	</etcitem>
	<etcitem id="15275" name="Black Ore Set of Friendship" add_name="30 day limited period">
		<set name="reuse_delay" value="3000"/>
		<set name="class" value="OTHER"/>
		<set name="ex_type" value="OTHER_ITEMS"/>
		<set name="crystal_type" value="NONE"/>
		<set name="dropable" value="false"/>
		<set name="icon" value="icon.etc_jewel_box_i00"/>
		<set name="tradeable" value="false"/>
		<set name="type" value="OTHER"/>
	</etcitem>
	<etcitem id="15276" name="Sealed Set of Friendship" add_name="30 day limited period">
		<set name="reuse_delay" value="3000"/>
		<set name="class" value="OTHER"/>
		<set name="ex_type" value="OTHER_ITEMS"/>
		<set name="crystal_type" value="NONE"/>
		<set name="dropable" value="false"/>
		<set name="icon" value="icon.etc_jewel_box_i00"/>
		<set name="tradeable" value="false"/>
		<set name="type" value="OTHER"/>
	</etcitem>
	<etcitem id="15277" name="Elven Set of Friendship" add_name="30 day limited period">
		<set name="reuse_delay" value="3000"/>
		<set name="class" value="OTHER"/>
		<set name="ex_type" value="OTHER_ITEMS"/>
		<set name="crystal_type" value="NONE"/>
		<set name="dropable" value="false"/>
		<set name="icon" value="icon.etc_jewel_box_i00"/>
		<set name="tradeable" value="false"/>
		<set name="type" value="OTHER"/>
	</etcitem>
	<etcitem id="15278" name="Vitamin Manager's Gift">
		<set name="reuse_delay" value="3000"/>
		<set name="class" value="OTHER"/>
		<set name="ex_type" value="OTHER_ITEMS"/>
		<set name="crystal_type" value="NONE"/>
		<set name="icon" value="icon.etc_treasure_box_i05"/>
		<set name="stackable" value="true"/>
		<set name="type" value="OTHER"/>
	</etcitem>
	<etcitem id="15279" name="Friend Recommendation Proof">
		<set name="class" value="OTHER"/>
		<set name="ex_type" value="OTHER_ITEMS"/>
		<set name="crystal_type" value="NONE"/>
		<set name="dropable" value="false"/>
		<set name="icon" value="icon.etc_exchange_ticket_i03"/>
		<set name="stackable" value="true"/>
		<set name="tradeable" value="false"/>
		<set name="type" value="OTHER"/>
	</etcitem>
</list>
