<?xml version="1.0" encoding="UTF-8"?>
<!DOCTYPE list SYSTEM "item.dtd">
<list>
	<etcitem id="15500" name="Sel Mahum Diary">
		<set name="class" value="OTHER"/>
		<set name="ex_type" value="OTHER_ITEMS"/>
		<set name="crystal_type" value="NONE"/>
		<set name="dropable" value="false"/>
		<set name="icon" value="icon.etc_spell_books_white_i00"/>
		<set name="stackable" value="true"/>
		<set name="tradeable" value="false"/>
		<set name="type" value="QUEST"/>
		<cond msgId="1508">
			<not>
				<player olympiad="true"/>
			</not>
		</cond>
	</etcitem>
	<etcitem id="15501" name="Sel Mahum Cookbook Page">
		<set name="class" value="OTHER"/>
		<set name="ex_type" value="OTHER_ITEMS"/>
		<set name="crystal_type" value="NONE"/>
		<set name="dropable" value="false"/>
		<set name="icon" value="icon.etc_hidden_2nd_page_i00"/>
		<set name="stackable" value="true"/>
		<set name="tradeable" value="false"/>
		<set name="type" value="QUEST"/>
		<cond msgId="1508">
			<not>
				<player olympiad="true"/>
			</not>
		</cond>
	</etcitem>
	<etcitem id="15502" name="Sel Mahum Cookbook">
		<set name="class" value="OTHER"/>
		<set name="ex_type" value="OTHER_ITEMS"/>
		<set name="crystal_type" value="NONE"/>
		<set name="destroyable" value="false"/>
		<set name="dropable" value="false"/>
		<set name="icon" value="icon.etc_spell_books_assistance_i00"/>
		<set name="stackable" value="true"/>
		<set name="tradeable" value="false"/>
		<set name="type" value="OTHER"/>
		<cond msgId="1508">
			<not>
				<player olympiad="true"/>
			</not>
		</cond>
	</etcitem>
	<etcitem id="15503" name="Shiny Salmon">
		<set name="class" value="OTHER"/>
		<set name="ex_type" value="OTHER_ITEMS"/>
		<set name="crystal_type" value="NONE"/>
		<set name="dropable" value="false"/>
		<set name="icon" value="icon.etc_tuna_i00"/>
		<set name="stackable" value="true"/>
		<set name="tradeable" value="false"/>
		<set name="type" value="QUEST"/>
		<cond msgId="1508">
			<not>
				<player olympiad="true"/>
			</not>
		</cond>
	</etcitem>
	<etcitem id="15504" name="Gray Salmon">
		<set name="class" value="OTHER"/>
		<set name="ex_type" value="OTHER_ITEMS"/>
		<set name="crystal_type" value="NONE"/>
		<set name="destroyable" value="false"/>
		<set name="dropable" value="false"/>
		<set name="icon" value="icon.etc_tuna_i02"/>
		<set name="stackable" value="true"/>
		<set name="tradeable" value="false"/>
		<set name="type" value="OTHER"/>
		<cond msgId="1508">
			<not>
				<player olympiad="true"/>
			</not>
		</cond>
	</etcitem>
	<etcitem id="15505" name="Sickly Salmon">
		<set name="class" value="OTHER"/>
		<set name="ex_type" value="OTHER_ITEMS"/>
		<set name="crystal_type" value="NONE"/>
		<set name="destroyable" value="false"/>
		<set name="dropable" value="false"/>
		<set name="icon" value="icon.etc_tuna_i08"/>
		<set name="stackable" value="true"/>
		<set name="tradeable" value="false"/>
		<set name="type" value="OTHER"/>
		<cond msgId="1508">
			<not>
				<player olympiad="true"/>
			</not>
		</cond>
	</etcitem>
	<etcitem id="15506" name="Salmon Lure">
		<set name="class" value="OTHER"/>
		<set name="ex_type" value="OTHER_ITEMS"/>
		<set name="crystal_type" value="NONE"/>
		<set name="destroyable" value="false"/>
		<set name="dropable" value="false"/>
		<set name="icon" value="icon.etc_bait_i00"/>
		<set name="stackable" value="true"/>
		<set name="tradeable" value="false"/>
		<set name="type" value="OTHER"/>
		<cond msgId="1508">
			<not>
				<player olympiad="true"/>
			</not>
		</cond>
	</etcitem>
	<etcitem id="15507" name="Foul Fruit">
		<set name="class" value="OTHER"/>
		<set name="ex_type" value="OTHER_ITEMS"/>
		<set name="crystal_type" value="NONE"/>
		<set name="dropable" value="false"/>
		<set name="icon" value="icon.etc_codran_i06"/>
		<set name="stackable" value="true"/>
		<set name="tradeable" value="false"/>
		<set name="type" value="QUEST"/>
		<cond msgId="1508">
			<not>
				<player olympiad="true"/>
			</not>
		</cond>
	</etcitem>
	<etcitem id="15508" name="Sel Mahum Training Diary">
		<set name="class" value="OTHER"/>
		<set name="ex_type" value="OTHER_ITEMS"/>
		<set name="crystal_type" value="NONE"/>
		<set name="dropable" value="false"/>
		<set name="icon" value="icon.etc_spellbook_gray_i00"/>
		<set name="stackable" value="true"/>
		<set name="tradeable" value="false"/>
		<set name="type" value="QUEST"/>
		<cond msgId="1508">
			<not>
				<player olympiad="true"/>
			</not>
		</cond>
	</etcitem>
	<etcitem id="15509" name="Sel Mahum Training Timetable">
		<set name="class" value="OTHER"/>
		<set name="ex_type" value="OTHER_ITEMS"/>
		<set name="crystal_type" value="NONE"/>
		<set name="dropable" value="false"/>
		<set name="icon" value="icon.etc_plan_i00"/>
		<set name="stackable" value="true"/>
		<set name="tradeable" value="false"/>
		<set name="type" value="QUEST"/>
		<cond msgId="1508">
			<not>
				<player olympiad="true"/>
			</not>
		</cond>
	</etcitem>
	<etcitem id="15510" name="Golem Corps Log">
		<set name="class" value="OTHER"/>
		<set name="ex_type" value="OTHER_ITEMS"/>
		<set name="crystal_type" value="NONE"/>
		<set name="destroyable" value="false"/>
		<set name="dropable" value="false"/>
		<set name="icon" value="icon.etc_piece_of_paper_white_i00"/>
		<set name="stackable" value="true"/>
		<set name="tradeable" value="false"/>
		<set name="type" value="QUEST"/>
		<cond msgId="1508">
			<not>
				<player olympiad="true"/>
			</not>
		</cond>
	</etcitem>
	<etcitem id="15511" name="Golem Corps Collection">
		<set name="class" value="OTHER"/>
		<set name="ex_type" value="OTHER_ITEMS"/>
		<set name="crystal_type" value="NONE"/>
		<set name="destroyable" value="false"/>
		<set name="dropable" value="false"/>
		<set name="icon" value="icon.etc_roll_of_paper_black_i00"/>
		<set name="stackable" value="true"/>
		<set name="tradeable" value="false"/>
		<set name="type" value="QUEST"/>
		<cond msgId="1508">
			<not>
				<player olympiad="true"/>
			</not>
		</cond>
	</etcitem>
	<etcitem id="15512" name="Seed of Annihilation Orders">
		<set name="class" value="OTHER"/>
		<set name="ex_type" value="OTHER_ITEMS"/>
		<set name="crystal_type" value="NONE"/>
		<set name="destroyable" value="false"/>
		<set name="dropable" value="false"/>
		<set name="icon" value="icon.etc_letter_white_i00"/>
		<set name="stackable" value="true"/>
		<set name="tradeable" value="false"/>
		<set name="type" value="QUEST"/>
		<cond msgId="1508">
			<not>
				<player olympiad="true"/>
			</not>
		</cond>
	</etcitem>
	<etcitem id="15513" name="Gracian Soldier Tag">
		<set name="class" value="OTHER"/>
		<set name="ex_type" value="OTHER_ITEMS"/>
		<set name="crystal_type" value="NONE"/>
		<set name="destroyable" value="false"/>
		<set name="dropable" value="false"/>
		<set name="icon" value="icon.etc_ticket_blue_i00"/>
		<set name="stackable" value="true"/>
		<set name="tradeable" value="false"/>
		<set name="type" value="QUEST"/>
		<cond msgId="1508">
			<not>
				<player olympiad="true"/>
			</not>
		</cond>
	</etcitem>
	<etcitem id="15514" name="Cold Resistance Potion">
		<set name="class" value="OTHER"/>
		<set name="ex_type" value="OTHER_ITEMS"/>
		<set name="crystal_type" value="NONE"/>
		<set name="dropable" value="false"/>
		<set name="icon" value="icon.etc_cp_potion_i00"/>
		<set name="stackable" value="true"/>
		<set name="tradeable" value="false"/>
		<set name="type" value="QUEST"/>
		<cond msgId="1508">
			<not>
				<player olympiad="true"/>
			</not>
		</cond>
	</etcitem>
	<etcitem id="15515" name="Seal Breaker - 5th Floor">
		<set name="class" value="OTHER"/>
		<set name="ex_type" value="OTHER_ITEMS"/>
		<set name="crystal_type" value="NONE"/>
		<set name="dropable" value="false"/>
		<set name="icon" value="icon.etc_crystal_cave_crystal_i0"/>
		<set name="stackable" value="true"/>
		<set name="tradeable" value="false"/>
		<set name="type" value="OTHER"/>
		<cond msgId="1508">
			<not>
				<player olympiad="true"/>
			</not>
		</cond>
	</etcitem>
	<etcitem id="15516" name="Seal Breaker - 10th Floor">
		<set name="class" value="OTHER"/>
		<set name="ex_type" value="OTHER_ITEMS"/>
		<set name="crystal_type" value="NONE"/>
		<set name="dropable" value="false"/>
		<set name="icon" value="icon.etc_crystal_cave_crystal_i00"/>
		<set name="stackable" value="true"/>
		<set name="tradeable" value="false"/>
		<set name="type" value="OTHER"/>
		<cond msgId="1508">
			<not>
				<player olympiad="true"/>
			</not>
		</cond>
	</etcitem>
	<etcitem id="15517" name="Seal Components Part 1">
		<set name="class" value="OTHER"/>
		<set name="ex_type" value="OTHER_ITEMS"/>
		<set name="crystal_type" value="NONE"/>
		<set name="dropable" value="false"/>
		<set name="icon" value="icon.etc_debris_i00"/>
		<set name="stackable" value="true"/>
		<set name="tradeable" value="false"/>
		<set name="type" value="QUEST"/>
		<cond msgId="1508">
			<not>
				<player olympiad="true"/>
			</not>
		</cond>
	</etcitem>
	<etcitem id="15518" name="Seal Components Part 2">
		<set name="class" value="OTHER"/>
		<set name="ex_type" value="OTHER_ITEMS"/>
		<set name="crystal_type" value="NONE"/>
		<set name="dropable" value="false"/>
		<set name="icon" value="icon.etc_stone_black_i00"/>
		<set name="stackable" value="true"/>
		<set name="tradeable" value="false"/>
		<set name="type" value="QUEST"/>
		<cond msgId="1508">
			<not>
				<player olympiad="true"/>
			</not>
		</cond>
	</etcitem>
	<etcitem id="15519" name="Seal Components Part 3">
		<set name="class" value="OTHER"/>
		<set name="ex_type" value="OTHER_ITEMS"/>
		<set name="crystal_type" value="NONE"/>
		<set name="dropable" value="false"/>
		<set name="icon" value="icon.etc_synthetic_cokes_i00"/>
		<set name="stackable" value="true"/>
		<set name="tradeable" value="false"/>
		<set name="type" value="QUEST"/>
		<cond msgId="1508">
			<not>
				<player olympiad="true"/>
			</not>
		</cond>
	</etcitem>
	<etcitem id="15520" name="Seal Components Part 4">
		<set name="class" value="OTHER"/>
		<set name="ex_type" value="OTHER_ITEMS"/>
		<set name="crystal_type" value="NONE"/>
		<set name="dropable" value="false"/>
		<set name="icon" value="icon.event_cubic_i00"/>
		<set name="stackable" value="true"/>
		<set name="tradeable" value="false"/>
		<set name="type" value="QUEST"/>
		<cond msgId="1508">
			<not>
				<player olympiad="true"/>
			</not>
		</cond>
	</etcitem>
	<etcitem id="15521" name="Broken Golem Fragment">
		<set name="class" value="OTHER"/>
		<set name="ex_type" value="OTHER_ITEMS"/>
		<set name="crystal_type" value="NONE"/>
		<set name="destroyable" value="false"/>
		<set name="dropable" value="false"/>
		<set name="icon" value="icon.etc_plate_white_i00"/>
		<set name="stackable" value="true"/>
		<set name="tradeable" value="false"/>
		<set name="type" value="QUEST"/>
		<cond msgId="1508">
			<not>
				<player olympiad="true"/>
			</not>
		</cond>
	</etcitem>
	<etcitem id="15522" name="Shabby Necklace">
		<set name="class" value="OTHER"/>
		<set name="ex_type" value="OTHER_ITEMS"/>
		<set name="crystal_type" value="NONE"/>
		<set name="dropable" value="false"/>
		<set name="icon" value="icon.armor_neck01"/>
		<set name="stackable" value="true"/>
		<set name="tradeable" value="false"/>
		<set name="type" value="QUEST"/>
		<cond msgId="1508">
			<not>
				<player olympiad="true"/>
			</not>
		</cond>
	</etcitem>
	<etcitem id="15523" name="Miracle Necklace">
		<set name="class" value="OTHER"/>
		<set name="ex_type" value="OTHER_ITEMS"/>
		<set name="crystal_type" value="NONE"/>
		<set name="dropable" value="false"/>
		<set name="icon" value="icon.accessary_necklace_of_protection_i00"/>
		<set name="stackable" value="true"/>
		<set name="tradeable" value="false"/>
		<set name="type" value="QUEST"/>
		<cond msgId="1508">
			<not>
				<player olympiad="true"/>
			</not>
		</cond>
	</etcitem>
	<etcitem id="15524" name="Poor Necklace">
		<set name="class" value="OTHER"/>
		<set name="ex_type" value="OTHER_ITEMS"/>
		<set name="crystal_type" value="NONE"/>
		<set name="dropable" value="false"/>
		<set name="icon" value="icon.armor_neck02"/>
		<set name="stackable" value="true"/>
		<set name="tradeable" value="false"/>
		<set name="type" value="QUEST"/>
		<cond msgId="1508">
			<not>
				<player olympiad="true"/>
			</not>
		</cond>
	</etcitem>
	<etcitem id="15525" name="Valor Necklace">
		<set name="class" value="OTHER"/>
		<set name="ex_type" value="OTHER_ITEMS"/>
		<set name="crystal_type" value="NONE"/>
		<set name="dropable" value="false"/>
		<set name="icon" value="icon.accessary_necklace_of_valor_i00"/>
		<set name="stackable" value="true"/>
		<set name="tradeable" value="false"/>
		<set name="type" value="QUEST"/>
		<cond msgId="1508">
			<not>
				<player olympiad="true"/>
			</not>
		</cond>
	</etcitem>
	<etcitem id="15526" name="Tattered Monk Clothes">
		<set name="class" value="OTHER"/>
		<set name="ex_type" value="OTHER_ITEMS"/>
		<set name="crystal_type" value="NONE"/>
		<set name="dropable" value="false"/>
		<set name="icon" value="icon.etc_leather_gray_i00"/>
		<set name="stackable" value="true"/>
		<set name="tradeable" value="false"/>
		<set name="type" value="QUEST"/>
		<cond msgId="1508">
			<not>
				<player olympiad="true"/>
			</not>
		</cond>
	</etcitem>
	<etcitem id="15527" name="Mark of Splendor">
		<set name="class" value="OTHER"/>
		<set name="ex_type" value="OTHER_ITEMS"/>
		<set name="crystal_type" value="NONE"/>
		<set name="dropable" value="false"/>
		<set name="icon" value="icon.etc_potion_yellow_i00"/>
		<set name="stackable" value="true"/>
		<set name="tradeable" value="false"/>
		<set name="type" value="QUEST"/>
		<cond msgId="1508">
			<not>
				<player olympiad="true"/>
			</not>
		</cond>
	</etcitem>
	<etcitem id="15528" name="Mark of Darkness">
		<set name="class" value="OTHER"/>
		<set name="ex_type" value="OTHER_ITEMS"/>
		<set name="crystal_type" value="NONE"/>
		<set name="dropable" value="false"/>
		<set name="icon" value="icon.etc_potion_yellow_i00"/>
		<set name="stackable" value="true"/>
		<set name="tradeable" value="false"/>
		<set name="type" value="QUEST"/>
		<cond msgId="1508">
			<not>
				<player olympiad="true"/>
			</not>
		</cond>
	</etcitem>
	<etcitem id="15529" name="Priest Dominic's Letter">
		<set name="class" value="OTHER"/>
		<set name="ex_type" value="OTHER_ITEMS"/>
		<set name="crystal_type" value="NONE"/>
		<set name="destroyable" value="false"/>
		<set name="dropable" value="false"/>
		<set name="icon" value="icon.etc_piece_of_paper_gray_i00"/>
		<set name="stackable" value="true"/>
		<set name="tradeable" value="false"/>
		<set name="type" value="QUEST"/>
		<cond msgId="1508">
			<not>
				<player olympiad="true"/>
			</not>
		</cond>
	</etcitem>
	<etcitem id="15530" name="Monk Scripture">
		<set name="class" value="OTHER"/>
		<set name="ex_type" value="OTHER_ITEMS"/>
		<set name="crystal_type" value="NONE"/>
		<set name="destroyable" value="false"/>
		<set name="dropable" value="false"/>
		<set name="icon" value="icon.etc_magic_book_white_i00"/>
		<set name="stackable" value="true"/>
		<set name="tradeable" value="false"/>
		<set name="type" value="OTHER"/>
		<cond msgId="1508">
			<not>
				<player olympiad="true"/>
			</not>
		</cond>
	</etcitem>
	<etcitem id="15531" name="Sel Mahum Mane">
		<set name="class" value="OTHER"/>
		<set name="ex_type" value="OTHER_ITEMS"/>
		<set name="crystal_type" value="NONE"/>
		<set name="dropable" value="false"/>
		<set name="icon" value="icon.etc_mane_i00"/>
		<set name="stackable" value="true"/>
		<set name="tradeable" value="false"/>
		<set name="type" value="QUEST"/>
		<cond msgId="1508">
			<not>
				<player olympiad="true"/>
			</not>
		</cond>
	</etcitem>
	<etcitem id="15532" name="Veal">
		<set name="class" value="OTHER"/>
		<set name="ex_type" value="OTHER_ITEMS"/>
		<set name="crystal_type" value="NONE"/>
		<set name="destroyable" value="false"/>
		<set name="dropable" value="false"/>
		<set name="icon" value="icon.etc_meat_i00"/>
		<set name="stackable" value="true"/>
		<set name="tradeable" value="false"/>
		<set name="type" value="OTHER"/>
		<cond msgId="1508">
			<not>
				<player olympiad="true"/>
			</not>
		</cond>
	</etcitem>
	<etcitem id="15533" name="Innocence Jewel">
		<set name="class" value="OTHER"/>
		<set name="ex_type" value="OTHER_ITEMS"/>
		<set name="crystal_type" value="NONE"/>
		<set name="destroyable" value="false"/>
		<set name="dropable" value="false"/>
		<set name="icon" value="icon.etc_crystal_ball_white_i00"/>
		<set name="stackable" value="true"/>
		<set name="tradeable" value="false"/>
		<set name="type" value="OTHER"/>
		<cond msgId="1508">
			<not>
				<player olympiad="true"/>
			</not>
		</cond>
	</etcitem>
	<etcitem id="15534" name="Prime Meat">
		<set name="class" value="OTHER"/>
		<set name="ex_type" value="OTHER_ITEMS"/>
		<set name="crystal_type" value="NONE"/>
		<set name="destroyable" value="false"/>
		<set name="dropable" value="false"/>
		<set name="icon" value="icon.etc_meat_of_monstereye_i00"/>
		<set name="stackable" value="true"/>
		<set name="tradeable" value="false"/>
		<set name="type" value="QUEST"/>
		<cond msgId="1508">
			<not>
				<player olympiad="true"/>
			</not>
		</cond>
	</etcitem>
	<etcitem id="15535" name="Concentrated Spirit Energy">
		<set name="class" value="OTHER"/>
		<set name="ex_type" value="OTHER_ITEMS"/>
		<set name="crystal_type" value="NONE"/>
		<set name="dropable" value="false"/>
		<set name="icon" value="icon.etc_oil_pot_white_i00"/>
		<set name="stackable" value="true"/>
		<set name="tradeable" value="false"/>
		<set name="type" value="QUEST"/>
		<cond msgId="1508">
			<not>
				<player olympiad="true"/>
			</not>
		</cond>
	</etcitem>
	<etcitem id="15536" name="Spirit Stone Dust">
		<set name="class" value="OTHER"/>
		<set name="ex_type" value="OTHER_ITEMS"/>
		<set name="crystal_type" value="NONE"/>
		<set name="dropable" value="false"/>
		<set name="icon" value="icon.etc_pouch_brown_i00"/>
		<set name="stackable" value="true"/>
		<set name="tradeable" value="false"/>
		<set name="type" value="QUEST"/>
		<cond msgId="1508">
			<not>
				<player olympiad="true"/>
			</not>
		</cond>
	</etcitem>
	<etcitem id="15537" name="Strongbox of Promise">
		<set name="class" value="OTHER"/>
		<set name="ex_type" value="OTHER_ITEMS"/>
		<set name="crystal_type" value="NONE"/>
		<set name="dropable" value="false"/>
		<set name="icon" value="icon.etc_jewel_box_i00"/>
		<set name="tradeable" value="false"/>
		<set name="type" value="OTHER"/>
		<cond msgId="1508">
			<not>
				<player olympiad="true"/>
			</not>
		</cond>
	</etcitem>
	<etcitem id="15538" name="Book of Silence">
		<set name="class" value="OTHER"/>
		<set name="ex_type" value="OTHER_ITEMS"/>
		<set name="crystal_type" value="NONE"/>
		<set name="dropable" value="false"/>
		<set name="icon" value="icon.high_kamael_skill_book_i00"/>
		<set name="tradeable" value="false"/>
		<set name="type" value="OTHER"/>
		<cond msgId="1508">
			<not>
				<player olympiad="true"/>
			</not>
		</cond>
	</etcitem>
	<etcitem id="15539" name="Book of Silence">
		<set name="class" value="OTHER"/>
		<set name="ex_type" value="OTHER_ITEMS"/>
		<set name="crystal_type" value="NONE"/>
		<set name="dropable" value="false"/>
		<set name="icon" value="icon.high_kamael_skill_book_i00"/>
		<set name="tradeable" value="false"/>
		<set name="type" value="OTHER"/>
		<cond msgId="1508">
			<not>
				<player olympiad="true"/>
			</not>
		</cond>
	</etcitem>
	<etcitem id="15540" name="Unlit Torchlight">
		<set name="class" value="OTHER"/>
		<set name="ex_type" value="OTHER_ITEMS"/>
		<set name="crystal_type" value="NONE"/>
		<set name="icon" value="icon.weapon_club_i00"/>
		<set name="stackable" value="true"/>
		<set name="tradeable" value="false"/>
		<set name="type" value="OTHER"/>
		<cond msgId="1508">
			<not>
				<player olympiad="true"/>
			</not>
		</cond>
	</etcitem>
	<etcitem id="15541" name="Red Soul Crystal - Stage 17">
		<set name="class" value="MISC"/>
		<set name="crystal_type" value="NONE"/>
		<set name="icon" value="icon.etc_soul_stone_i00"/>
		<set name="type" value="SCROLL"/>
		<set name="weight" value="20"/>
		<cond msgId="1508">
			<not>
				<player olympiad="true"/>
			</not>
		</cond>
	</etcitem>
	<etcitem id="15542" name="Blue Soul Crystal - Stage 17">
		<set name="class" value="MISC"/>
		<set name="crystal_type" value="NONE"/>
		<set name="icon" value="icon.etc_soul_stone_i01"/>
		<set name="type" value="SCROLL"/>
		<set name="weight" value="20"/>
		<cond msgId="1508">
			<not>
				<player olympiad="true"/>
			</not>
		</cond>
	</etcitem>
	<etcitem id="15543" name="Green Soul Crystal - Stage 17">
		<set name="class" value="MISC"/>
		<set name="crystal_type" value="NONE"/>
		<set name="icon" value="icon.etc_soul_stone_i02"/>
		<set name="type" value="SCROLL"/>
		<set name="weight" value="20"/>
		<cond msgId="1508">
			<not>
				<player olympiad="true"/>
			</not>
		</cond>
	</etcitem>
</list>
