<?xml version="1.0" encoding="UTF-8"?>
<!DOCTYPE list SYSTEM "item.dtd">
<list>
	<etcitem id="15623" name="Exp">
		<set name="class" value="OTHER"/>
		<set name="ex_type" value="OTHER_ITEMS"/>
		<set name="crystal_type" value="NONE"/>
		<set name="icon" value="icon.etc_exp_point_i00"/>
		<set name="type" value="OTHER"/>
		<cond msgId="1508">
			<not>
				<player olympiad="true"/>
			</not>
		</cond>
	</etcitem>
	<etcitem id="15624" name="SP">
		<set name="class" value="OTHER"/>
		<set name="ex_type" value="OTHER_ITEMS"/>
		<set name="crystal_type" value="NONE"/>
		<set name="icon" value="icon.etc_sp_point_i00"/>
		<set name="type" value="OTHER"/>
		<cond msgId="1508">
			<not>
				<player olympiad="true"/>
			</not>
		</cond>
	</etcitem>
	<etcitem id="15625" name="Question Mark">
		<set name="class" value="OTHER"/>
		<set name="ex_type" value="OTHER_ITEMS"/>
		<set name="crystal_type" value="NONE"/>
		<set name="icon" value="icon.etc_question_mark_i00"/>
		<set name="type" value="OTHER"/>
		<cond msgId="1508">
			<not>
				<player olympiad="true"/>
			</not>
		</cond>
	</etcitem>
	<etcitem id="15626" name="Vitality">
		<set name="class" value="OTHER"/>
		<set name="ex_type" value="OTHER_ITEMS"/>
		<set name="crystal_type" value="NONE"/>
		<set name="icon" value="icon.etc_vitality_point_i00"/>
		<set name="type" value="OTHER"/>
		<cond msgId="1508">
			<not>
				<player olympiad="true"/>
			</not>
		</cond>
	</etcitem>
	<etcitem id="15627" name="Clan Point">
		<set name="class" value="OTHER"/>
		<set name="ex_type" value="OTHER_ITEMS"/>
		<set name="crystal_type" value="NONE"/>
		<set name="icon" value="icon.bloodpledge_point_i00"/>
		<set name="type" value="OTHER"/>
		<cond msgId="1508">
			<not>
				<player olympiad="true"/>
			</not>
		</cond>
	</etcitem>
	<etcitem id="15628" name="Gamble Reward">
		<set name="class" value="OTHER"/>
		<set name="ex_type" value="OTHER_ITEMS"/>
		<set name="crystal_type" value="NONE"/>
		<set name="icon" value="icon.etc_quest_game_reward_i00"/>
		<set name="type" value="OTHER"/>
		<cond msgId="1508">
			<not>
				<player olympiad="true"/>
			</not>
		</cond>
	</etcitem>
	<etcitem id="15629" name="Random Reward">
		<set name="class" value="OTHER"/>
		<set name="ex_type" value="OTHER_ITEMS"/>
		<set name="crystal_type" value="NONE"/>
		<set name="icon" value="icon.etc_quest_random_reward_i00"/>
		<set name="type" value="OTHER"/>
		<cond msgId="1508">
			<not>
				<player olympiad="true"/>
			</not>
		</cond>
	</etcitem>
	<etcitem id="15630" name="Flexible Reward">
		<set name="class" value="OTHER"/>
		<set name="ex_type" value="OTHER_ITEMS"/>
		<set name="crystal_type" value="NONE"/>
		<set name="icon" value="icon.etc_quest_account_reward_i00"/>
		<set name="type" value="OTHER"/>
		<cond msgId="1508">
			<not>
				<player olympiad="true"/>
			</not>
		</cond>
	</etcitem>
	<etcitem id="15631" name="Bonus Reward">
		<set name="class" value="OTHER"/>
		<set name="ex_type" value="OTHER_ITEMS"/>
		<set name="crystal_type" value="NONE"/>
		<set name="icon" value="icon.etc_quest_add_reward_i00"/>
		<set name="type" value="OTHER"/>
		<cond msgId="1508">
			<not>
				<player olympiad="true"/>
			</not>
		</cond>
	</etcitem>
	<etcitem id="15632" name="Sub Class Reward">
		<set name="class" value="OTHER"/>
		<set name="ex_type" value="OTHER_ITEMS"/>
		<set name="crystal_type" value="NONE"/>
		<set name="icon" value="icon.etc_quest_subclass_reward_i00"/>
		<set name="type" value="OTHER"/>
		<cond msgId="1508">
			<not>
				<player olympiad="true"/>
			</not>
		</cond>
	</etcitem>
	<etcitem id="15633" name="PK Reduction">
		<set name="class" value="OTHER"/>
		<set name="ex_type" value="OTHER_ITEMS"/>
		<set name="crystal_type" value="NONE"/>
		<set name="icon" value="icon.etc_quest_pkcount_reward_i00"/>
		<set name="type" value="OTHER"/>
		<cond msgId="1508">
			<not>
				<player olympiad="true"/>
			</not>
		</cond>
	</etcitem>
	<etcitem id="15634" name="Vesper Cutter Piece">
		<set name="price" value="336700"/>
		<set name="class" value="PIECES"/>
		<set name="crystal_type" value="NONE"/>
		<set name="icon" value="icon.etc_vesper_cutter_piece_i00"/>
		<set name="stackable" value="true"/>
		<set name="type" value="OTHER"/>
		<set name="weight" value="60"/>
	</etcitem>
	<etcitem id="15635" name="Vesper Slasher Piece">
		<set name="price" value="337300"/>
		<set name="class" value="PIECES"/>
		<set name="crystal_type" value="NONE"/>
		<set name="icon" value="icon.etc_vesper_slasher_piece_i00"/>
		<set name="stackable" value="true"/>
		<set name="type" value="OTHER"/>
		<set name="weight" value="60"/>
	</etcitem>
	<etcitem id="15636" name="Vesper Buster Piece">
		<set name="price" value="336700"/>
		<set name="class" value="PIECES"/>
		<set name="crystal_type" value="NONE"/>
		<set name="icon" value="icon.etc_vesper_burster_piece_i00"/>
		<set name="stackable" value="true"/>
		<set name="type" value="OTHER"/>
		<set name="weight" value="60"/>
	</etcitem>
	<etcitem id="15637" name="Vesper Shaper Piece">
		<set name="price" value="336700"/>
		<set name="class" value="PIECES"/>
		<set name="crystal_type" value="NONE"/>
		<set name="icon" value="icon.etc_vesper_shaper_piece_i00"/>
		<set name="stackable" value="true"/>
		<set name="type" value="OTHER"/>
		<set name="weight" value="60"/>
	</etcitem>
	<etcitem id="15638" name="Vesper Fighter Piece">
		<set name="price" value="339600"/>
		<set name="class" value="PIECES"/>
		<set name="crystal_type" value="NONE"/>
		<set name="icon" value="icon.etc_vesper_fighter_piece_i00"/>
		<set name="stackable" value="true"/>
		<set name="type" value="OTHER"/>
		<set name="weight" value="60"/>
	</etcitem>
	<etcitem id="15639" name="Vesper Stormer Piece">
		<set name="price" value="335700"/>
		<set name="class" value="PIECES"/>
		<set name="crystal_type" value="NONE"/>
		<set name="icon" value="icon.etc_vesper_stormer_piece_i00"/>
		<set name="stackable" value="true"/>
		<set name="type" value="OTHER"/>
		<set name="weight" value="60"/>
	</etcitem>
	<etcitem id="15640" name="Vesper Avenger Piece">
		<set name="price" value="339600"/>
		<set name="class" value="PIECES"/>
		<set name="crystal_type" value="NONE"/>
		<set name="icon" value="icon.etc_vesper_avenger_piece_i00"/>
		<set name="stackable" value="true"/>
		<set name="type" value="OTHER"/>
		<set name="weight" value="60"/>
	</etcitem>
	<etcitem id="15641" name="Vesper Retributer Piece">
		<set name="price" value="335700"/>
		<set name="class" value="PIECES"/>
		<set name="crystal_type" value="NONE"/>
		<set name="icon" value="icon.etc_vesper_retributer_piece_i00"/>
		<set name="stackable" value="true"/>
		<set name="type" value="OTHER"/>
		<set name="weight" value="60"/>
	</etcitem>
	<etcitem id="15642" name="Vesper Caster Piece">
		<set name="price" value="339600"/>
		<set name="class" value="PIECES"/>
		<set name="crystal_type" value="NONE"/>
		<set name="icon" value="icon.etc_vesper_caster_piece_i00"/>
		<set name="stackable" value="true"/>
		<set name="type" value="OTHER"/>
		<set name="weight" value="60"/>
	</etcitem>
	<etcitem id="15643" name="Vesper Singer Piece">
		<set name="price" value="338700"/>
		<set name="class" value="PIECES"/>
		<set name="crystal_type" value="NONE"/>
		<set name="icon" value="icon.etc_vesper_singer_piece_i00"/>
		<set name="stackable" value="true"/>
		<set name="type" value="OTHER"/>
		<set name="weight" value="60"/>
	</etcitem>
	<etcitem id="15644" name="Vesper Thrower Piece">
		<set name="price" value="335300"/>
		<set name="class" value="PIECES"/>
		<set name="crystal_type" value="NONE"/>
		<set name="icon" value="icon.etc_vesper_thrower_piece_i00"/>
		<set name="stackable" value="true"/>
		<set name="type" value="OTHER"/>
		<set name="weight" value="60"/>
	</etcitem>
	<etcitem id="15645" name="Sealed Moirai Helmet Piece">
		<set name="price" value="33700"/>
		<set name="class" value="PIECES"/>
		<set name="crystal_type" value="NONE"/>
		<set name="icon" value="icon.etc_sealed_blluelycan_helmet_piece_I00"/>
		<set name="stackable" value="true"/>
		<set name="type" value="OTHER"/>
		<set name="weight" value="60"/>
	</etcitem>
	<etcitem id="15646" name="Sealed Moirai Leather Helmet Piece">
		<set name="price" value="33700"/>
		<set name="class" value="PIECES"/>
		<set name="crystal_type" value="NONE"/>
		<set name="icon" value="icon.etc_sealed_blluelycan_leather_helmet_piece_I00"/>
		<set name="stackable" value="true"/>
		<set name="type" value="OTHER"/>
		<set name="weight" value="60"/>
	</etcitem>
	<etcitem id="15647" name="Sealed Moirai Circlet Piece">
		<set name="price" value="33700"/>
		<set name="class" value="PIECES"/>
		<set name="crystal_type" value="NONE"/>
		<set name="icon" value="icon.etc_sealed_blluelycan_circlet_piece_I00"/>
		<set name="stackable" value="true"/>
		<set name="type" value="OTHER"/>
		<set name="weight" value="60"/>
	</etcitem>
	<etcitem id="15648" name="Sealed Moirai Breastplate Piece">
		<set name="price" value="84300"/>
		<set name="class" value="PIECES"/>
		<set name="crystal_type" value="NONE"/>
		<set name="icon" value="icon.etc_sealed_bluelycan_cuirass_piece_I00"/>
		<set name="stackable" value="true"/>
		<set name="type" value="OTHER"/>
		<set name="weight" value="60"/>
	</etcitem>
	<etcitem id="15649" name="Sealed Moirai Leather Breastplate Piece">
		<set name="price" value="62300"/>
		<set name="class" value="PIECES"/>
		<set name="crystal_type" value="NONE"/>
		<set name="icon" value="icon.etc_sealed_bluelycan_houberk_piece_I00"/>
		<set name="stackable" value="true"/>
		<set name="type" value="OTHER"/>
		<set name="weight" value="60"/>
	</etcitem>
	<etcitem id="15650" name="Sealed Moirai Tunic Piece">
		<set name="price" value="62300"/>
		<set name="class" value="PIECES"/>
		<set name="crystal_type" value="NONE"/>
		<set name="icon" value="icon.etc_sealed_bluelycan_jaket_piece_I00"/>
		<set name="stackable" value="true"/>
		<set name="type" value="OTHER"/>
		<set name="weight" value="60"/>
	</etcitem>
	<etcitem id="15651" name="Sealed Moirai Gaiter Piece">
		<set name="price" value="50300"/>
		<set name="class" value="PIECES"/>
		<set name="crystal_type" value="NONE"/>
		<set name="icon" value="icon.etc_sealed_bluelycan_gaiter_piece_I00"/>
		<set name="stackable" value="true"/>
		<set name="type" value="OTHER"/>
		<set name="weight" value="60"/>
	</etcitem>
	<etcitem id="15652" name="Sealed Moirai Leather Legging Piece">
		<set name="price" value="38400"/>
		<set name="class" value="PIECES"/>
		<set name="crystal_type" value="NONE"/>
		<set name="icon" value="icon.etc_sealed_bluelycan_leather_legging_piece_I00"/>
		<set name="stackable" value="true"/>
		<set name="type" value="OTHER"/>
		<set name="weight" value="60"/>
	</etcitem>
	<etcitem id="15653" name="Sealed Moirai Stockings Piece">
		<set name="price" value="38400"/>
		<set name="class" value="PIECES"/>
		<set name="crystal_type" value="NONE"/>
		<set name="icon" value="icon.etc_sealed_bluelycan_hose_piece_I00"/>
		<set name="stackable" value="true"/>
		<set name="type" value="OTHER"/>
		<set name="weight" value="60"/>
	</etcitem>
	<etcitem id="15654" name="Sealed Moirai Gauntlet Piece">
		<set name="price" value="22400"/>
		<set name="class" value="PIECES"/>
		<set name="crystal_type" value="NONE"/>
		<set name="icon" value="icon.etc_sealed_bluelycan_gauntlet_piece_I00"/>
		<set name="stackable" value="true"/>
		<set name="type" value="OTHER"/>
		<set name="weight" value="60"/>
	</etcitem>
	<etcitem id="15655" name="Sealed Moirai Leather Gloves Piece">
		<set name="price" value="22400"/>
		<set name="class" value="PIECES"/>
		<set name="crystal_type" value="NONE"/>
		<set name="icon" value="icon.etc_sealed_bluelycan_leather_gloves_piece_I00"/>
		<set name="stackable" value="true"/>
		<set name="type" value="OTHER"/>
		<set name="weight" value="60"/>
	</etcitem>
	<etcitem id="15656" name="Sealed Moirai Gloves Piece">
		<set name="price" value="22400"/>
		<set name="class" value="PIECES"/>
		<set name="crystal_type" value="NONE"/>
		<set name="icon" value="icon.etc_sealed_bluelycan_gloves_piece_I00"/>
		<set name="stackable" value="true"/>
		<set name="type" value="OTHER"/>
		<set name="weight" value="60"/>
	</etcitem>
	<etcitem id="15657" name="Sealed Moirai Boots Piece">
		<set name="price" value="22400"/>
		<set name="class" value="PIECES"/>
		<set name="crystal_type" value="NONE"/>
		<set name="icon" value="icon.etc_sealed_bluelycan_boots_piece_I00"/>
		<set name="stackable" value="true"/>
		<set name="type" value="OTHER"/>
		<set name="weight" value="60"/>
	</etcitem>
	<etcitem id="15658" name="Sealed Moirai Leather Boots Piece">
		<set name="price" value="22400"/>
		<set name="class" value="PIECES"/>
		<set name="crystal_type" value="NONE"/>
		<set name="icon" value="icon.etc_sealed_bluelycan_leather_boots_piece_I00"/>
		<set name="stackable" value="true"/>
		<set name="type" value="OTHER"/>
		<set name="weight" value="60"/>
	</etcitem>
	<etcitem id="15659" name="Sealed Moirai Shoes Piece">
		<set name="price" value="22400"/>
		<set name="class" value="PIECES"/>
		<set name="crystal_type" value="NONE"/>
		<set name="icon" value="icon.etc_sealed_bluelycan_shoes_piece_I00"/>
		<set name="stackable" value="true"/>
		<set name="type" value="OTHER"/>
		<set name="weight" value="60"/>
	</etcitem>
	<etcitem id="15660" name="Sealed Vesper Helmet Piece">
		<set name="price" value="43600"/>
		<set name="class" value="PIECES"/>
		<set name="crystal_type" value="NONE"/>
		<set name="icon" value="icon.etc_sealed_vesper_helmet_piece_I00"/>
		<set name="stackable" value="true"/>
		<set name="type" value="OTHER"/>
		<set name="weight" value="60"/>
	</etcitem>
	<etcitem id="15661" name="Sealed Vesper Leather Helmet Piece">
		<set name="price" value="43600"/>
		<set name="class" value="PIECES"/>
		<set name="crystal_type" value="NONE"/>
		<set name="icon" value="icon.etc_sealed_vesper_leather_helmet_piece_I00"/>
		<set name="stackable" value="true"/>
		<set name="type" value="OTHER"/>
		<set name="weight" value="60"/>
	</etcitem>
	<etcitem id="15662" name="Sealed Vesper Circlet Piece">
		<set name="price" value="43600"/>
		<set name="class" value="PIECES"/>
		<set name="crystal_type" value="NONE"/>
		<set name="icon" value="icon.etc_sealed_vesper_circlet_piece_I00"/>
		<set name="stackable" value="true"/>
		<set name="type" value="OTHER"/>
		<set name="weight" value="60"/>
	</etcitem>
	<etcitem id="15663" name="Sealed Vesper Breastplate Piece">
		<set name="price" value="110500"/>
		<set name="class" value="PIECES"/>
		<set name="crystal_type" value="NONE"/>
		<set name="icon" value="icon.etc_sealed_vesper_cuirass_piece_I00"/>
		<set name="stackable" value="true"/>
		<set name="type" value="OTHER"/>
		<set name="weight" value="60"/>
	</etcitem>
	<etcitem id="15664" name="Sealed Vesper Leather Breastplate Piece">
		<set name="price" value="84300"/>
		<set name="class" value="PIECES"/>
		<set name="crystal_type" value="NONE"/>
		<set name="icon" value="icon.etc_sealed_vesper_houberk_piece_I00"/>
		<set name="stackable" value="true"/>
		<set name="type" value="OTHER"/>
		<set name="weight" value="60"/>
	</etcitem>
	<etcitem id="15665" name="Sealed Vesper Tunic Piece">
		<set name="price" value="84300"/>
		<set name="class" value="PIECES"/>
		<set name="crystal_type" value="NONE"/>
		<set name="icon" value="icon.etc_sealed_vesper_jaket_piece_I00"/>
		<set name="stackable" value="true"/>
		<set name="type" value="OTHER"/>
		<set name="weight" value="60"/>
	</etcitem>
	<etcitem id="15666" name="Sealed Vesper Gaiter Piece">
		<set name="price" value="68600"/>
		<set name="class" value="PIECES"/>
		<set name="crystal_type" value="NONE"/>
		<set name="icon" value="icon.etc_sealed_vesper_gaiter_piece_I00"/>
		<set name="stackable" value="true"/>
		<set name="type" value="OTHER"/>
		<set name="weight" value="60"/>
	</etcitem>
	<etcitem id="15667" name="Sealed Vesper Gauntlet Piece">
		<set name="price" value="26100"/>
		<set name="class" value="PIECES"/>
		<set name="crystal_type" value="NONE"/>
		<set name="icon" value="icon.etc_sealed_vesper_gauntlet_piece_I00"/>
		<set name="stackable" value="true"/>
		<set name="type" value="OTHER"/>
		<set name="weight" value="60"/>
	</etcitem>
	<etcitem id="15668" name="Sealed Vesper Boots Piece">
		<set name="price" value="26100"/>
		<set name="class" value="PIECES"/>
		<set name="crystal_type" value="NONE"/>
		<set name="icon" value="icon.etc_sealed_vesper_boots_piece_I00"/>
		<set name="stackable" value="true"/>
		<set name="type" value="OTHER"/>
		<set name="weight" value="60"/>
	</etcitem>
	<etcitem id="15669" name="Sealed Vesper Verteidiger Piece">
		<set name="price" value="29500"/>
		<set name="class" value="PIECES"/>
		<set name="crystal_type" value="NONE"/>
		<set name="icon" value="icon.etc_sealed_vesper_verteidiger_piece_I00"/>
		<set name="stackable" value="true"/>
		<set name="type" value="OTHER"/>
		<set name="weight" value="60"/>
	</etcitem>
	<etcitem id="15670" name="Sealed Vesper Leather Legging Piece">
		<set name="price" value="54700"/>
		<set name="class" value="PIECES"/>
		<set name="crystal_type" value="NONE"/>
		<set name="icon" value="icon.etc_sealed_vesper_leather_legging_piece_I00"/>
		<set name="stackable" value="true"/>
		<set name="type" value="OTHER"/>
		<set name="weight" value="60"/>
	</etcitem>
	<etcitem id="15671" name="Sealed Vesper Leather Gloves Piece">
		<set name="price" value="26100"/>
		<set name="class" value="PIECES"/>
		<set name="crystal_type" value="NONE"/>
		<set name="icon" value="icon.etc_sealed_vesper_leather_gloves_piece_I00"/>
		<set name="stackable" value="true"/>
		<set name="type" value="OTHER"/>
		<set name="weight" value="60"/>
	</etcitem>
	<etcitem id="15672" name="Sealed Vesper Leather Boots Piece">
		<set name="price" value="26100"/>
		<set name="class" value="PIECES"/>
		<set name="crystal_type" value="NONE"/>
		<set name="icon" value="icon.etc_sealed_vesper_leather_boots_piece_I00"/>
		<set name="stackable" value="true"/>
		<set name="type" value="OTHER"/>
		<set name="weight" value="60"/>
	</etcitem>
	<etcitem id="15673" name="Sealed Vesper Stockings Piece">
		<set name="price" value="54700"/>
		<set name="class" value="PIECES"/>
		<set name="crystal_type" value="NONE"/>
		<set name="icon" value="icon.etc_sealed_vesper_hose_piece_I00"/>
		<set name="stackable" value="true"/>
		<set name="type" value="OTHER"/>
		<set name="weight" value="60"/>
	</etcitem>
	<etcitem id="15674" name="Sealed Vesper Gloves Piece">
		<set name="price" value="26100"/>
		<set name="class" value="PIECES"/>
		<set name="crystal_type" value="NONE"/>
		<set name="icon" value="icon.etc_sealed_vesper_gloves_piece_I00"/>
		<set name="stackable" value="true"/>
		<set name="type" value="OTHER"/>
		<set name="weight" value="60"/>
	</etcitem>
	<etcitem id="15675" name="Sealed Vesper Shoes Piece">
		<set name="price" value="26100"/>
		<set name="class" value="PIECES"/>
		<set name="crystal_type" value="NONE"/>
		<set name="icon" value="icon.etc_sealed_vesper_shoes_piece_I00"/>
		<set name="stackable" value="true"/>
		<set name="type" value="OTHER"/>
		<set name="weight" value="60"/>
	</etcitem>
	<etcitem id="15690" name="Secret Key">
		<set name="class" value="OTHER"/>
		<set name="ex_type" value="OTHER_ITEMS"/>
		<set name="crystal_type" value="NONE"/>
		<set name="icon" value="icon.etc_key_i00"/>
		<set name="stackable" value="true"/>
		<set name="type" value="OTHER"/>
		<cond msgId="1508">
			<not>
				<player olympiad="true"/>
			</not>
		</cond>
	</etcitem>
	<etcitem id="15691" name="Sealed Vesper Sigil Piece">
		<set name="price" value="29500"/>
		<set name="class" value="PIECES"/>
		<set name="crystal_type" value="NONE"/>
		<set name="icon" value="icon.etc_sealed_vesper_sigil_piece_I00"/>
		<set name="stackable" value="true"/>
		<set name="type" value="OTHER"/>
		<set name="weight" value="60"/>
	</etcitem>
	<etcitem id="15692" name="Sealed Moirai Sigil Piece">
		<set name="price" value="18800"/>
		<set name="class" value="PIECES"/>
		<set name="crystal_type" value="NONE"/>
		<set name="icon" value="icon.etc_sealed_bluelycan_sigil_piece_I00"/>
		<set name="stackable" value="true"/>
		<set name="type" value="OTHER"/>
		<set name="weight" value="60"/>
	</etcitem>
	<etcitem id="15693" name="Sealed Moirai Shield Piece">
		<set name="price" value="18800"/>
		<set name="class" value="PIECES"/>
		<set name="crystal_type" value="NONE"/>
		<set name="icon" value="icon.etc_sealed_bluelycan_shield_piece_I01"/>
		<set name="stackable" value="true"/>
		<set name="type" value="OTHER"/>
		<set name="weight" value="60"/>
	</etcitem>
</list>
