<?xml version="1.0" encoding="UTF-8"?>
<!DOCTYPE list SYSTEM "item.dtd">
<list>
	<etcitem id="16027" name="Bottle of Freya's Soul">
		<set name="price" value="1000000"/>
		<set name="class" value="OTHER"/>
		<set name="ex_type" value="OTHER_ITEMS"/>
		<set name="crystal_type" value="NONE"/>
		<set name="icon" value="icon.etc_recovery_set_i00"/>
		<set name="stackable" value="true"/>
		<set name="type" value="OTHER"/>
		<set name="weight" value="60"/>
	</etcitem>
	<etcitem id="16028" name="Vesper Cutter of Chaos">
		<set name="price" value="74946000"/>
		<set name="class" value="OTHER"/>
		<set name="ex_type" value="OTHER_ITEMS"/>
		<set name="crystal_type" value="S80"/>
		<set name="crystallizable" value="true"/>
		<set name="icon" value="icon.weapon_vesper_cutter_i00"/>
		<set name="type" value="OTHER"/>
		<set name="weight" value="1800"/>
	</etcitem>
	<etcitem id="16029" name="Vesper Slasher of Chaos">
		<set name="price" value="74946000"/>
		<set name="class" value="OTHER"/>
		<set name="ex_type" value="OTHER_ITEMS"/>
		<set name="crystal_type" value="S80"/>
		<set name="crystallizable" value="true"/>
		<set name="icon" value="icon.weapon_vesper_slasher_i00"/>
		<set name="type" value="OTHER"/>
		<set name="weight" value="1800"/>
	</etcitem>
	<etcitem id="16030" name="Vesper Buster of Chaos">
		<set name="price" value="74946000"/>
		<set name="class" value="OTHER"/>
		<set name="ex_type" value="OTHER_ITEMS"/>
		<set name="crystal_type" value="S80"/>
		<set name="crystallizable" value="true"/>
		<set name="icon" value="icon.weapon_vesper_burster_i00"/>
		<set name="type" value="OTHER"/>
		<set name="weight" value="1800"/>
	</etcitem>
	<etcitem id="16031" name="Vesper Shaper of Chaos">
		<set name="price" value="74946000"/>
		<set name="class" value="OTHER"/>
		<set name="ex_type" value="OTHER_ITEMS"/>
		<set name="crystal_type" value="S80"/>
		<set name="crystallizable" value="true"/>
		<set name="icon" value="icon.weapon_vesper_shaper_i00"/>
		<set name="type" value="OTHER"/>
		<set name="weight" value="1800"/>
	</etcitem>
	<etcitem id="16032" name="Vesper Fighter of Chaos">
		<set name="price" value="74946000"/>
		<set name="class" value="OTHER"/>
		<set name="ex_type" value="OTHER_ITEMS"/>
		<set name="crystal_type" value="S80"/>
		<set name="crystallizable" value="true"/>
		<set name="icon" value="icon.weapon_vesper_fighter_i00"/>
		<set name="type" value="OTHER"/>
		<set name="weight" value="1800"/>
	</etcitem>
	<etcitem id="16033" name="Vesper Stormer of Chaos">
		<set name="price" value="74946000"/>
		<set name="class" value="OTHER"/>
		<set name="ex_type" value="OTHER_ITEMS"/>
		<set name="crystal_type" value="S80"/>
		<set name="crystallizable" value="true"/>
		<set name="icon" value="icon.weapon_vesper_stormer_i00"/>
		<set name="type" value="OTHER"/>
		<set name="weight" value="1800"/>
	</etcitem>
	<etcitem id="16034" name="Vesper Avenger of Chaos">
		<set name="price" value="74946000"/>
		<set name="class" value="OTHER"/>
		<set name="ex_type" value="OTHER_ITEMS"/>
		<set name="crystal_type" value="S80"/>
		<set name="crystallizable" value="true"/>
		<set name="icon" value="icon.weapon_vesper_avenger_i00"/>
		<set name="type" value="OTHER"/>
		<set name="weight" value="1800"/>
	</etcitem>
	<etcitem id="16035" name="Vesper Retributer of Chaos">
		<set name="price" value="74946000"/>
		<set name="class" value="OTHER"/>
		<set name="ex_type" value="OTHER_ITEMS"/>
		<set name="crystal_type" value="S80"/>
		<set name="crystallizable" value="true"/>
		<set name="icon" value="icon.weapon_vesper_retributer_i00"/>
		<set name="type" value="OTHER"/>
		<set name="weight" value="1800"/>
	</etcitem>
	<etcitem id="16036" name="Vesper Caster of Chaos">
		<set name="price" value="74946000"/>
		<set name="class" value="OTHER"/>
		<set name="ex_type" value="OTHER_ITEMS"/>
		<set name="crystal_type" value="S80"/>
		<set name="crystallizable" value="true"/>
		<set name="icon" value="icon.weapon_vesper_caster_i00"/>
		<set name="type" value="OTHER"/>
		<set name="weight" value="1800"/>
	</etcitem>
	<etcitem id="16037" name="Vesper Singer of Chaos">
		<set name="price" value="74946000"/>
		<set name="class" value="OTHER"/>
		<set name="ex_type" value="OTHER_ITEMS"/>
		<set name="crystal_type" value="S80"/>
		<set name="crystallizable" value="true"/>
		<set name="icon" value="icon.weapon_vesper_singer_i00"/>
		<set name="type" value="OTHER"/>
		<set name="weight" value="1800"/>
	</etcitem>
	<etcitem id="16038" name="Vesper Thrower of Chaos">
		<set name="price" value="74946000"/>
		<set name="class" value="OTHER"/>
		<set name="ex_type" value="OTHER_ITEMS"/>
		<set name="crystal_type" value="S80"/>
		<set name="crystallizable" value="true"/>
		<set name="icon" value="icon.weapon_vesper_thrower_i00"/>
		<set name="type" value="OTHER"/>
		<set name="weight" value="1800"/>
	</etcitem>
	<etcitem id="16039" name="Vesper Pincer of Chaos">
		<set name="price" value="74946000"/>
		<set name="class" value="OTHER"/>
		<set name="ex_type" value="OTHER_ITEMS"/>
		<set name="crystal_type" value="S80"/>
		<set name="crystallizable" value="true"/>
		<set name="icon" value="icon.weapon_vesper_pincer_i00"/>
		<set name="type" value="OTHER"/>
		<set name="weight" value="1800"/>
	</etcitem>
	<etcitem id="16040" name="Vesper Schutze of Chaos">
		<set name="price" value="74946000"/>
		<set name="class" value="OTHER"/>
		<set name="ex_type" value="OTHER_ITEMS"/>
		<set name="crystal_type" value="S80"/>
		<set name="crystallizable" value="true"/>
		<set name="icon" value="icon.weapon_vesper_schutze_i00"/>
		<set name="type" value="OTHER"/>
		<set name="weight" value="1800"/>
	</etcitem>
	<etcitem id="16041" name="Vesper Nagan of Chaos">
		<set name="price" value="74946000"/>
		<set name="class" value="OTHER"/>
		<set name="ex_type" value="OTHER_ITEMS"/>
		<set name="crystal_type" value="S80"/>
		<set name="crystallizable" value="true"/>
		<set name="icon" value="icon.weapon_vesper_nagen_i00"/>
		<set name="type" value="OTHER"/>
		<set name="weight" value="1800"/>
	</etcitem>
</list>
