<?xml version="1.0" encoding="UTF-8"?>
<!DOCTYPE list SYSTEM "item.dtd">
<list>
	<etcitem id="16221" name="Sealed Moirai Helmet of Chaos">
		<set name="price" value="12627000"/>
		<set name="class" value="ARMOR"/>
		<set name="crystal_type" value="S80"/>
		<set name="crystallizable" value="true"/>
		<set name="icon" value="icon.armor_helmet_i02"/>
		<set name="type" value="OTHER"/>
		<set name="weight" value="530"/>
	</etcitem>
	<etcitem id="16222" name="Sealed Moirai Leather Helmet of Chaos">
		<set name="price" value="12627000"/>
		<set name="class" value="ARMOR"/>
		<set name="crystal_type" value="S80"/>
		<set name="crystallizable" value="true"/>
		<set name="icon" value="icon.armor_leather_helmet_i02"/>
		<set name="type" value="OTHER"/>
		<set name="weight" value="530"/>
	</etcitem>
	<etcitem id="16223" name="Sealed Moirai Circlet of Chaos">
		<set name="price" value="12627000"/>
		<set name="class" value="ARMOR"/>
		<set name="crystal_type" value="S80"/>
		<set name="crystallizable" value="true"/>
		<set name="icon" value="icon.armor_circlet_i02"/>
		<set name="type" value="OTHER"/>
		<set name="weight" value="530"/>
	</etcitem>
	<etcitem id="16224" name="Sealed Moirai Breastplate of Chaos">
		<set name="price" value="33673000"/>
		<set name="class" value="ARMOR"/>
		<set name="crystal_type" value="S80"/>
		<set name="crystallizable" value="true"/>
		<set name="icon" value="icon.armor_t94_u_i02"/>
		<set name="type" value="OTHER"/>
		<set name="weight" value="7520"/>
	</etcitem>
	<etcitem id="16225" name="Sealed Moirai Leather Breastplate of Chaos">
		<set name="price" value="25255000"/>
		<set name="class" value="ARMOR"/>
		<set name="crystal_type" value="S80"/>
		<set name="crystallizable" value="true"/>
		<set name="icon" value="icon.armor_t95_u_i02"/>
		<set name="type" value="OTHER"/>
		<set name="weight" value="4140"/>
	</etcitem>
	<etcitem id="16226" name="Sealed Moirai Tunic of Chaos">
		<set name="price" value="25255000"/>
		<set name="class" value="ARMOR"/>
		<set name="crystal_type" value="S80"/>
		<set name="crystallizable" value="true"/>
		<set name="icon" value="icon.armor_t96_u_i02"/>
		<set name="type" value="OTHER"/>
		<set name="weight" value="1750"/>
	</etcitem>
	<etcitem id="16227" name="Sealed Moirai Gaiter of Chaos">
		<set name="price" value="21046000"/>
		<set name="class" value="ARMOR"/>
		<set name="crystal_type" value="S80"/>
		<set name="crystallizable" value="true"/>
		<set name="icon" value="icon.armor_t94_l_i02"/>
		<set name="type" value="OTHER"/>
		<set name="weight" value="3170"/>
	</etcitem>
	<etcitem id="16228" name="Sealed Moirai Leather Legging of Chaos">
		<set name="price" value="15784000"/>
		<set name="class" value="ARMOR"/>
		<set name="crystal_type" value="S80"/>
		<set name="crystallizable" value="true"/>
		<set name="icon" value="icon.armor_t95_l_i02"/>
		<set name="type" value="OTHER"/>
		<set name="weight" value="1320"/>
	</etcitem>
	<etcitem id="16229" name="Sealed Moirai Stockings of Chaos">
		<set name="price" value="15784000"/>
		<set name="class" value="ARMOR"/>
		<set name="crystal_type" value="S80"/>
		<set name="crystallizable" value="true"/>
		<set name="icon" value="icon.armor_t96_l_i02"/>
		<set name="type" value="OTHER"/>
		<set name="weight" value="850"/>
	</etcitem>
	<etcitem id="16230" name="Sealed Moirai Gauntlet of Chaos">
		<set name="price" value="8418000"/>
		<set name="class" value="ARMOR"/>
		<set name="crystal_type" value="S80"/>
		<set name="crystallizable" value="true"/>
		<set name="icon" value="icon.armor_t94_g_i02"/>
		<set name="type" value="OTHER"/>
		<set name="weight" value="510"/>
	</etcitem>
	<etcitem id="16231" name="Sealed Moirai Leather Gloves of Chaos">
		<set name="price" value="8418000"/>
		<set name="class" value="ARMOR"/>
		<set name="crystal_type" value="S80"/>
		<set name="crystallizable" value="true"/>
		<set name="icon" value="icon.armor_t95_g_i02"/>
		<set name="type" value="OTHER"/>
		<set name="weight" value="510"/>
	</etcitem>
	<etcitem id="16232" name="Sealed Moirai Gloves of Chaos">
		<set name="price" value="8418000"/>
		<set name="class" value="ARMOR"/>
		<set name="crystal_type" value="S80"/>
		<set name="crystallizable" value="true"/>
		<set name="icon" value="icon.armor_t96_g_i02"/>
		<set name="type" value="OTHER"/>
		<set name="weight" value="510"/>
	</etcitem>
	<etcitem id="16233" name="Sealed Moirai Boots of Chaos">
		<set name="price" value="8418000"/>
		<set name="class" value="ARMOR"/>
		<set name="crystal_type" value="S80"/>
		<set name="crystallizable" value="true"/>
		<set name="icon" value="icon.armor_t94_b_i02"/>
		<set name="type" value="OTHER"/>
		<set name="weight" value="1070"/>
	</etcitem>
	<etcitem id="16234" name="Sealed Moirai Leather Boots of Chaos">
		<set name="price" value="8418000"/>
		<set name="class" value="ARMOR"/>
		<set name="crystal_type" value="S80"/>
		<set name="crystallizable" value="true"/>
		<set name="icon" value="icon.armor_t95_b_i02"/>
		<set name="type" value="OTHER"/>
		<set name="weight" value="1070"/>
	</etcitem>
	<etcitem id="16235" name="Sealed Moirai Shoes of Chaos">
		<set name="price" value="8418000"/>
		<set name="class" value="ARMOR"/>
		<set name="crystal_type" value="S80"/>
		<set name="crystallizable" value="true"/>
		<set name="icon" value="icon.armor_t96_b_i02"/>
		<set name="type" value="OTHER"/>
		<set name="weight" value="1070"/>
	</etcitem>
	<etcitem id="16236" name="Sealed Moirai Shield of Chaos">
		<set name="price" value="8839000"/>
		<set name="class" value="ARMOR"/>
		<set name="crystal_type" value="S80"/>
		<set name="crystallizable" value="true"/>
		<set name="icon" value="icon.weapon_vesper_verteidiger_i00"/>
		<set name="type" value="OTHER"/>
		<set name="weight" value="1190"/>
	</etcitem>
	<etcitem id="16237" name="Sealed Moirai Sigil of Chaos">
		<set name="price" value="8839000"/>
		<set name="class" value="ARMOR"/>
		<set name="crystal_type" value="S80"/>
		<set name="crystallizable" value="true"/>
		<set name="icon" value="icon.verper_sigil_i00"/>
		<set name="type" value="OTHER"/>
		<set name="weight" value="920"/>
	</etcitem>
	<etcitem id="16238" name="Sealed Vesper Helmet of Chaos">
		<set name="price" value="17500000"/>
		<set name="class" value="ARMOR"/>
		<set name="crystal_type" value="S80"/>
		<set name="crystallizable" value="true"/>
		<set name="icon" value="icon.armor_helmet_i02"/>
		<set name="type" value="OTHER"/>
		<set name="weight" value="530"/>
	</etcitem>
	<etcitem id="16239" name="Sealed Vesper Leather Helmet of Chaos">
		<set name="price" value="17500000"/>
		<set name="class" value="ARMOR"/>
		<set name="crystal_type" value="S80"/>
		<set name="crystallizable" value="true"/>
		<set name="icon" value="icon.armor_leather_helmet_i02"/>
		<set name="type" value="OTHER"/>
		<set name="weight" value="530"/>
	</etcitem>
	<etcitem id="16240" name="Sealed Vesper Circlet of Chaos">
		<set name="price" value="17500000"/>
		<set name="class" value="ARMOR"/>
		<set name="crystal_type" value="S80"/>
		<set name="crystallizable" value="true"/>
		<set name="icon" value="icon.armor_circlet_i02"/>
		<set name="type" value="OTHER"/>
		<set name="weight" value="530"/>
	</etcitem>
	<etcitem id="16241" name="Sealed Vesper Breastplate of Chaos">
		<set name="price" value="46668000"/>
		<set name="class" value="ARMOR"/>
		<set name="crystal_type" value="S80"/>
		<set name="crystallizable" value="true"/>
		<set name="icon" value="icon.armor_t94_u_i02"/>
		<set name="type" value="OTHER"/>
		<set name="weight" value="7520"/>
	</etcitem>
	<etcitem id="16242" name="Sealed Vesper Leather Breastplate of Chaos">
		<set name="price" value="35000000"/>
		<set name="class" value="ARMOR"/>
		<set name="crystal_type" value="S80"/>
		<set name="crystallizable" value="true"/>
		<set name="icon" value="icon.armor_t95_u_i02"/>
		<set name="type" value="OTHER"/>
		<set name="weight" value="4140"/>
	</etcitem>
	<etcitem id="16243" name="Sealed Moirai Tunic of Chaos">
		<set name="price" value="35000000"/>
		<set name="class" value="ARMOR"/>
		<set name="crystal_type" value="S80"/>
		<set name="crystallizable" value="true"/>
		<set name="icon" value="icon.armor_t96_u_i02"/>
		<set name="type" value="OTHER"/>
		<set name="weight" value="1750"/>
	</etcitem>
	<etcitem id="16244" name="Sealed Vesper Gaiter of Chaos">
		<set name="price" value="29168000"/>
		<set name="class" value="ARMOR"/>
		<set name="crystal_type" value="S80"/>
		<set name="crystallizable" value="true"/>
		<set name="icon" value="icon.armor_t94_l_i02"/>
		<set name="type" value="OTHER"/>
		<set name="weight" value="3170"/>
	</etcitem>
	<etcitem id="16245" name="Sealed Vesper Leather Legging of Chaos">
		<set name="price" value="21876000"/>
		<set name="class" value="ARMOR"/>
		<set name="crystal_type" value="S80"/>
		<set name="crystallizable" value="true"/>
		<set name="icon" value="icon.armor_t95_l_i02"/>
		<set name="type" value="OTHER"/>
		<set name="weight" value="1320"/>
	</etcitem>
	<etcitem id="16246" name="Sealed Vesper Stockings of Chaos">
		<set name="price" value="21876000"/>
		<set name="class" value="ARMOR"/>
		<set name="crystal_type" value="S80"/>
		<set name="crystallizable" value="true"/>
		<set name="icon" value="icon.armor_t96_l_i02"/>
		<set name="type" value="OTHER"/>
		<set name="weight" value="850"/>
	</etcitem>
	<etcitem id="16247" name="Sealed Vesper Gauntlet of Chaos">
		<set name="price" value="11667000"/>
		<set name="class" value="ARMOR"/>
		<set name="crystal_type" value="S80"/>
		<set name="crystallizable" value="true"/>
		<set name="icon" value="icon.armor_t94_g_i02"/>
		<set name="type" value="OTHER"/>
		<set name="weight" value="510"/>
	</etcitem>
	<etcitem id="16248" name="Sealed Vesper Leather Gloves of Chaos">
		<set name="price" value="11667000"/>
		<set name="class" value="ARMOR"/>
		<set name="crystal_type" value="S80"/>
		<set name="crystallizable" value="true"/>
		<set name="icon" value="icon.armor_t95_g_i02"/>
		<set name="type" value="OTHER"/>
		<set name="weight" value="510"/>
	</etcitem>
	<etcitem id="16249" name="Sealed Vesper Gloves of Chaos">
		<set name="price" value="11667000"/>
		<set name="class" value="ARMOR"/>
		<set name="crystal_type" value="S80"/>
		<set name="crystallizable" value="true"/>
		<set name="icon" value="icon.armor_t96_g_i02"/>
		<set name="type" value="OTHER"/>
		<set name="weight" value="510"/>
	</etcitem>
	<etcitem id="16250" name="Sealed Vesper Boots of Chaos">
		<set name="price" value="11667000"/>
		<set name="class" value="ARMOR"/>
		<set name="crystal_type" value="S80"/>
		<set name="crystallizable" value="true"/>
		<set name="icon" value="icon.armor_t94_b_i02"/>
		<set name="type" value="OTHER"/>
		<set name="weight" value="1070"/>
	</etcitem>
	<etcitem id="16251" name="Sealed Vesper Leather Boots of Chaos">
		<set name="price" value="11667000"/>
		<set name="class" value="ARMOR"/>
		<set name="crystal_type" value="S80"/>
		<set name="crystallizable" value="true"/>
		<set name="icon" value="icon.armor_t95_b_i02"/>
		<set name="type" value="OTHER"/>
		<set name="weight" value="1070"/>
	</etcitem>
	<etcitem id="16252" name="Sealed Vesper Shoes of Chaos">
		<set name="price" value="11667000"/>
		<set name="class" value="ARMOR"/>
		<set name="crystal_type" value="S80"/>
		<set name="crystallizable" value="true"/>
		<set name="icon" value="icon.armor_t96_b_i02"/>
		<set name="type" value="OTHER"/>
		<set name="weight" value="1070"/>
	</etcitem>
	<etcitem id="16253" name="Sealed Vesper Shield of Chaos">
		<set name="price" value="12250000"/>
		<set name="class" value="ARMOR"/>
		<set name="crystal_type" value="S80"/>
		<set name="crystallizable" value="true"/>
		<set name="icon" value="icon.weapon_vesper_verteidiger_i00"/>
		<set name="type" value="OTHER"/>
		<set name="weight" value="1130"/>
	</etcitem>
	<etcitem id="16254" name="Sealed Vesper Sigil of Chaos">
		<set name="price" value="12250000"/>
		<set name="class" value="ARMOR"/>
		<set name="crystal_type" value="S80"/>
		<set name="crystallizable" value="true"/>
		<set name="icon" value="icon.armor_verper_sigil_i01"/>
		<set name="type" value="OTHER"/>
		<set name="weight" value="920"/>
	</etcitem>
	<etcitem id="16255" name="Moirai Helmet of Chaos">
		<set name="crystal_count" value="606"/>
		<set name="price" value="12627000"/>
		<set name="class" value="ARMOR"/>
		<set name="crystal_type" value="S80"/>
		<set name="crystallizable" value="true"/>
		<set name="icon" value="icon.armor_helmet_i00"/>
		<set name="type" value="OTHER"/>
		<set name="weight" value="530"/>
	</etcitem>
	<etcitem id="16256" name="Moirai Leather Helmet of Chaos">
		<set name="crystal_count" value="606"/>
		<set name="price" value="12627000"/>
		<set name="class" value="ARMOR"/>
		<set name="crystal_type" value="S80"/>
		<set name="crystallizable" value="true"/>
		<set name="icon" value="icon.armor_leather_helmet_i00"/>
		<set name="type" value="OTHER"/>
		<set name="weight" value="530"/>
	</etcitem>
	<etcitem id="16257" name="Moirai Circlet of Chaos">
		<set name="crystal_count" value="606"/>
		<set name="price" value="12627000"/>
		<set name="class" value="ARMOR"/>
		<set name="crystal_type" value="S80"/>
		<set name="crystallizable" value="true"/>
		<set name="icon" value="icon.armor_circlet_i00"/>
		<set name="type" value="OTHER"/>
		<set name="weight" value="530"/>
	</etcitem>
	<etcitem id="16258" name="Moirai Breastplate of Chaos">
		<set name="crystal_count" value="1616"/>
		<set name="price" value="33673000"/>
		<set name="class" value="ARMOR"/>
		<set name="crystal_type" value="S80"/>
		<set name="crystallizable" value="true"/>
		<set name="icon" value="icon.armor_t100_u_i00"/>
		<set name="type" value="OTHER"/>
		<set name="weight" value="7520"/>
	</etcitem>
	<etcitem id="16259" name="Moirai Leather Breastplate of Chaos">
		<set name="crystal_count" value="1212"/>
		<set name="price" value="25255000"/>
		<set name="class" value="ARMOR"/>
		<set name="crystal_type" value="S80"/>
		<set name="crystallizable" value="true"/>
		<set name="icon" value="icon.armor_t101_u_i00"/>
		<set name="type" value="OTHER"/>
		<set name="weight" value="4140"/>
	</etcitem>
	<etcitem id="16260" name="Moirai Tunic of Chaos">
		<set name="crystal_count" value="1212"/>
		<set name="price" value="25255000"/>
		<set name="class" value="ARMOR"/>
		<set name="crystal_type" value="S80"/>
		<set name="crystallizable" value="true"/>
		<set name="icon" value="icon.armor_t102_u_i00"/>
		<set name="type" value="OTHER"/>
		<set name="weight" value="1750"/>
	</etcitem>
	<etcitem id="16261" name="Moirai Gaiter of Chaos">
		<set name="crystal_count" value="1010"/>
		<set name="price" value="21046000"/>
		<set name="class" value="ARMOR"/>
		<set name="crystal_type" value="S80"/>
		<set name="crystallizable" value="true"/>
		<set name="icon" value="icon.armor_t100_l_i00"/>
		<set name="type" value="OTHER"/>
		<set name="weight" value="3170"/>
	</etcitem>
	<etcitem id="16262" name="Moirai Leather Legging of Chaos">
		<set name="crystal_count" value="758"/>
		<set name="price" value="15784000"/>
		<set name="class" value="ARMOR"/>
		<set name="crystal_type" value="S80"/>
		<set name="crystallizable" value="true"/>
		<set name="icon" value="icon.armor_t101_l_i00"/>
		<set name="type" value="OTHER"/>
		<set name="weight" value="1320"/>
	</etcitem>
	<etcitem id="16263" name="Moirai Stockings of Chaos">
		<set name="crystal_count" value="758"/>
		<set name="price" value="15784000"/>
		<set name="class" value="ARMOR"/>
		<set name="crystal_type" value="S80"/>
		<set name="crystallizable" value="true"/>
		<set name="icon" value="icon.armor_t102_l_i00"/>
		<set name="type" value="OTHER"/>
		<set name="weight" value="850"/>
	</etcitem>
	<etcitem id="16264" name="Moirai Gauntlet of Chaos">
		<set name="crystal_count" value="404"/>
		<set name="price" value="8418000"/>
		<set name="class" value="ARMOR"/>
		<set name="crystal_type" value="S80"/>
		<set name="crystallizable" value="true"/>
		<set name="icon" value="icon.armor_t100_g_i00"/>
		<set name="type" value="OTHER"/>
		<set name="weight" value="510"/>
	</etcitem>
	<etcitem id="16265" name="Moirai Leather Gloves of Chaos">
		<set name="crystal_count" value="404"/>
		<set name="price" value="8418000"/>
		<set name="class" value="ARMOR"/>
		<set name="crystal_type" value="S80"/>
		<set name="crystallizable" value="true"/>
		<set name="icon" value="icon.armor_t101_g_i00"/>
		<set name="type" value="OTHER"/>
		<set name="weight" value="510"/>
	</etcitem>
	<etcitem id="16266" name="Moirai Gloves of Chaos">
		<set name="crystal_count" value="404"/>
		<set name="price" value="8418000"/>
		<set name="class" value="ARMOR"/>
		<set name="crystal_type" value="S80"/>
		<set name="crystallizable" value="true"/>
		<set name="icon" value="icon.armor_t102_g_i00"/>
		<set name="type" value="OTHER"/>
		<set name="weight" value="510"/>
	</etcitem>
	<etcitem id="16267" name="Moirai Boots of Chaos">
		<set name="crystal_count" value="404"/>
		<set name="price" value="8418000"/>
		<set name="class" value="ARMOR"/>
		<set name="crystal_type" value="S80"/>
		<set name="crystallizable" value="true"/>
		<set name="icon" value="icon.armor_t100_b_i00"/>
		<set name="type" value="OTHER"/>
		<set name="weight" value="1070"/>
	</etcitem>
	<etcitem id="16268" name="Moirai Leather Boots of Chaos">
		<set name="crystal_count" value="404"/>
		<set name="price" value="8418000"/>
		<set name="class" value="ARMOR"/>
		<set name="crystal_type" value="S80"/>
		<set name="crystallizable" value="true"/>
		<set name="icon" value="icon.armor_t101_b_i00"/>
		<set name="type" value="OTHER"/>
		<set name="weight" value="1070"/>
	</etcitem>
	<etcitem id="16269" name="Moirai Shoes of Chaos">
		<set name="crystal_count" value="404"/>
		<set name="price" value="8418000"/>
		<set name="class" value="ARMOR"/>
		<set name="crystal_type" value="S80"/>
		<set name="crystallizable" value="true"/>
		<set name="icon" value="icon.armor_t102_b_i00"/>
		<set name="type" value="OTHER"/>
		<set name="weight" value="1070"/>
	</etcitem>
	<etcitem id="16270" name="Moirai Shield of Chaos">
		<set name="crystal_count" value="424"/>
		<set name="price" value="8839000"/>
		<set name="class" value="ARMOR"/>
		<set name="crystal_type" value="S80"/>
		<set name="crystallizable" value="true"/>
		<set name="icon" value="icon.weapon_tysandy_shield_i01"/>
		<set name="type" value="OTHER"/>
		<set name="weight" value="1190"/>
	</etcitem>
	<etcitem id="16271" name="Moirai Sigil of Chaos">
		<set name="crystal_count" value="424"/>
		<set name="price" value="8839000"/>
		<set name="class" value="ARMOR"/>
		<set name="crystal_type" value="S80"/>
		<set name="crystallizable" value="true"/>
		<set name="icon" value="icon.weapon_tysandy_sigil_i01"/>
		<set name="type" value="OTHER"/>
		<set name="weight" value="920"/>
	</etcitem>
	<etcitem id="16272" name="Vesper Helmet of Chaos">
		<set name="crystal_count" value="840"/>
		<set name="price" value="17500000"/>
		<set name="class" value="ARMOR"/>
		<set name="crystal_type" value="S80"/>
		<set name="crystallizable" value="true"/>
		<set name="icon" value="icon.armor_helmet_i00"/>
		<set name="type" value="OTHER"/>
		<set name="weight" value="530"/>
	</etcitem>
	<etcitem id="16273" name="Vesper Leather Helmet of Chaos">
		<set name="crystal_count" value="840"/>
		<set name="price" value="17500000"/>
		<set name="class" value="ARMOR"/>
		<set name="crystal_type" value="S80"/>
		<set name="crystallizable" value="true"/>
		<set name="icon" value="icon.armor_leather_helmet_i00"/>
		<set name="type" value="OTHER"/>
		<set name="weight" value="530"/>
	</etcitem>
	<etcitem id="16274" name="Vesper Circlet of Chaos">
		<set name="crystal_count" value="840"/>
		<set name="price" value="17500000"/>
		<set name="class" value="ARMOR"/>
		<set name="crystal_type" value="S80"/>
		<set name="crystallizable" value="true"/>
		<set name="icon" value="icon.armor_circlet_i00"/>
		<set name="type" value="OTHER"/>
		<set name="weight" value="530"/>
	</etcitem>
	<etcitem id="16275" name="Vesper Breastplate of Chaos">
		<set name="crystal_count" value="2240"/>
		<set name="price" value="46668000"/>
		<set name="class" value="ARMOR"/>
		<set name="crystal_type" value="S80"/>
		<set name="crystallizable" value="true"/>
		<set name="icon" value="icon.armor_t94_u_i00"/>
		<set name="type" value="OTHER"/>
		<set name="weight" value="7520"/>
	</etcitem>
	<etcitem id="16276" name="Vesper Leather Breastplate of Chaos">
		<set name="crystal_count" value="1680"/>
		<set name="price" value="35000000"/>
		<set name="class" value="ARMOR"/>
		<set name="crystal_type" value="S80"/>
		<set name="crystallizable" value="true"/>
		<set name="icon" value="icon.armor_t95_u_i00"/>
		<set name="type" value="OTHER"/>
		<set name="weight" value="4140"/>
	</etcitem>
	<etcitem id="16277" name="Vesper Tunic of Chaos">
		<set name="crystal_count" value="1680"/>
		<set name="price" value="35000000"/>
		<set name="class" value="ARMOR"/>
		<set name="crystal_type" value="S80"/>
		<set name="crystallizable" value="true"/>
		<set name="icon" value="icon.armor_t96_u_i00"/>
		<set name="type" value="OTHER"/>
		<set name="weight" value="1750"/>
	</etcitem>
	<etcitem id="16278" name="Vesper Gaiter of Chaos">
		<set name="crystal_count" value="1400"/>
		<set name="price" value="29168000"/>
		<set name="class" value="ARMOR"/>
		<set name="crystal_type" value="S80"/>
		<set name="crystallizable" value="true"/>
		<set name="icon" value="icon.armor_t94_l_i00"/>
		<set name="type" value="OTHER"/>
		<set name="weight" value="3170"/>
	</etcitem>
	<etcitem id="16279" name="Vesper Leather Legging of Chaos">
		<set name="crystal_count" value="1050"/>
		<set name="price" value="21876000"/>
		<set name="class" value="ARMOR"/>
		<set name="crystal_type" value="S80"/>
		<set name="crystallizable" value="true"/>
		<set name="icon" value="icon.armor_t95_l_i00"/>
		<set name="type" value="OTHER"/>
		<set name="weight" value="1320"/>
	</etcitem>
	<etcitem id="16280" name="Vesper Stockings of Chaos">
		<set name="crystal_count" value="1050"/>
		<set name="price" value="21876000"/>
		<set name="class" value="ARMOR"/>
		<set name="crystal_type" value="S80"/>
		<set name="crystallizable" value="true"/>
		<set name="icon" value="icon.armor_t96_l_i00"/>
		<set name="type" value="OTHER"/>
		<set name="weight" value="850"/>
	</etcitem>
	<etcitem id="16281" name="Vesper Gauntlet of Chaos">
		<set name="crystal_count" value="560"/>
		<set name="price" value="11667000"/>
		<set name="class" value="ARMOR"/>
		<set name="crystal_type" value="S80"/>
		<set name="crystallizable" value="true"/>
		<set name="icon" value="icon.armor_t94_g_i00"/>
		<set name="type" value="OTHER"/>
		<set name="weight" value="510"/>
	</etcitem>
	<etcitem id="16282" name="Vesper Leather Gloves of Chaos">
		<set name="crystal_count" value="560"/>
		<set name="price" value="11667000"/>
		<set name="class" value="ARMOR"/>
		<set name="crystal_type" value="S80"/>
		<set name="crystallizable" value="true"/>
		<set name="icon" value="icon.armor_t95_g_i00"/>
		<set name="type" value="OTHER"/>
		<set name="weight" value="510"/>
	</etcitem>
	<etcitem id="16283" name="Vesper Gloves of Chaos">
		<set name="crystal_count" value="560"/>
		<set name="price" value="11667000"/>
		<set name="class" value="ARMOR"/>
		<set name="crystal_type" value="S80"/>
		<set name="crystallizable" value="true"/>
		<set name="icon" value="icon.armor_t96_g_i00"/>
		<set name="type" value="OTHER"/>
		<set name="weight" value="510"/>
	</etcitem>
	<etcitem id="16284" name="Vesper Boots of Chaos">
		<set name="crystal_count" value="560"/>
		<set name="price" value="11667000"/>
		<set name="class" value="ARMOR"/>
		<set name="crystal_type" value="S80"/>
		<set name="crystallizable" value="true"/>
		<set name="icon" value="icon.armor_t94_b_i00"/>
		<set name="type" value="OTHER"/>
		<set name="weight" value="1070"/>
	</etcitem>
	<etcitem id="16285" name="Vesper Leather Boots of Chaos">
		<set name="crystal_count" value="560"/>
		<set name="price" value="11667000"/>
		<set name="class" value="ARMOR"/>
		<set name="crystal_type" value="S80"/>
		<set name="crystallizable" value="true"/>
		<set name="icon" value="icon.armor_t95_b_i00"/>
		<set name="type" value="OTHER"/>
		<set name="weight" value="1070"/>
	</etcitem>
	<etcitem id="16286" name="Vesper Shoes of Chaos">
		<set name="crystal_count" value="560"/>
		<set name="price" value="11667000"/>
		<set name="class" value="ARMOR"/>
		<set name="crystal_type" value="S80"/>
		<set name="crystallizable" value="true"/>
		<set name="icon" value="icon.armor_t96_b_i00"/>
		<set name="type" value="OTHER"/>
		<set name="weight" value="1070"/>
	</etcitem>
	<etcitem id="16287" name="Vesper Shield of Chaos">
		<set name="crystal_count" value="588"/>
		<set name="price" value="12250000"/>
		<set name="class" value="ARMOR"/>
		<set name="crystal_type" value="S80"/>
		<set name="crystallizable" value="true"/>
		<set name="icon" value="icon.weapon_vesper_verteidiger_i01"/>
		<set name="type" value="OTHER"/>
		<set name="weight" value="1130"/>
	</etcitem>
	<etcitem id="16288" name="Vesper Sigil of Chaos">
		<set name="crystal_count" value="588"/>
		<set name="price" value="12250000"/>
		<set name="class" value="ARMOR"/>
		<set name="crystal_type" value="S80"/>
		<set name="crystallizable" value="true"/>
		<set name="icon" value="icon.armor_verper_sigil_i01"/>
		<set name="type" value="OTHER"/>
		<set name="weight" value="920"/>
	</etcitem>
</list>
