<?xml version="1.0" encoding="UTF-8"?>
<!DOCTYPE list SYSTEM "item.dtd">
<list>
	<etcitem id="16400" name="Teddy Girl Summon Bracelet" add_name="Permanent Use">
		<set name="class" value="OTHER"/>
		<set name="ex_type" value="OTHER_ITEMS"/>
		<set name="crystal_type" value="NONE"/>
		<set name="icon" value="icon.etc_rbracelet_aga_agit_i00"/>
		<set name="type" value="OTHER"/>
		<set name="weight" value="150"/>
	</etcitem>
	<etcitem id="16401" name="Teddy Boy Summon Bracelet (event)" add_name="Permanent Use">
		<set name="class" value="OTHER"/>
		<set name="ex_type" value="OTHER_ITEMS"/>
		<set name="crystal_type" value="NONE"/>
		<set name="icon" value="icon.etc_rbracelet_aga_agit_i00"/>
		<set name="type" value="OTHER"/>
		<set name="weight" value="150"/>
	</etcitem>
	<etcitem id="16402" name="Teddy Girl Summon Bracelet (event)" add_name="Permanent Use">
		<set name="class" value="OTHER"/>
		<set name="ex_type" value="OTHER_ITEMS"/>
		<set name="crystal_type" value="NONE"/>
		<set name="icon" value="icon.etc_rbracelet_aga_agit_i00"/>
		<set name="type" value="OTHER"/>
		<set name="weight" value="150"/>
	</etcitem>
	<etcitem id="16403" name="Christmas Cake">
		<set name="delay_share_group" value="15"/>
		<set name="class" value="OTHER"/>
		<set name="ex_type" value="OTHER_ITEMS"/>
		<set name="crystal_type" value="NONE"/>
		<set name="icon" value="icon.event_six_party_cake_i00"/>
		<set name="stackable" value="true"/>
		<set name="type" value="OTHER"/>
	</etcitem>
	<etcitem id="16404" name="White Christmas Wish Candle">
		<set name="class" value="OTHER"/>
		<set name="ex_type" value="OTHER_ITEMS"/>
		<set name="crystal_type" value="NONE"/>
		<set name="icon" value="icon.etc_candle_white_i00"/>
		<set name="stackable" value="true"/>
		<set name="type" value="OTHER"/>
	</etcitem>
	<etcitem id="16405" name="Christmas Cake (event)">
		<set name="delay_share_group" value="15"/>
		<set name="class" value="OTHER"/>
		<set name="ex_type" value="OTHER_ITEMS"/>
		<set name="crystal_type" value="NONE"/>
		<set name="icon" value="icon.event_six_party_cake_i00"/>
		<set name="stackable" value="true"/>
		<set name="type" value="OTHER"/>
	</etcitem>
	<etcitem id="16406" name="White Christmas Wish Candle (event)">
		<set name="class" value="OTHER"/>
		<set name="ex_type" value="OTHER_ITEMS"/>
		<set name="crystal_type" value="NONE"/>
		<set name="icon" value="icon.etc_candle_white_i00"/>
		<set name="stackable" value="true"/>
		<set name="type" value="OTHER"/>
	</etcitem>
	<etcitem id="16407" name="Santa's Stocking" add_name="Event">
		<set name="class" value="OTHER"/>
		<set name="ex_type" value="OTHER_ITEMS"/>
		<set name="crystal_type" value="NONE"/>
		<set name="icon" value="icon.xmas_present_i00"/>
		<set name="stackable" value="true"/>
		<set name="type" value="OTHER"/>
		<cond msgId="1508">
			<not>
				<player olympiad="true"/>
			</not>
		</cond>
		<skills>
			<skill id="9080" level="1"/>
		</skills>
		<set name="capsuled" value="true"/>
	</etcitem>
	<etcitem id="16408" name="Santa's Buff Scroll" add_name="Event">
		<set name="reuse_delay" value="3000"/>
		<set name="class" value="OTHER"/>
		<set name="ex_type" value="OTHER_ITEMS"/>
		<set name="crystal_type" value="NONE"/>
		<set name="icon" value="icon.mysterious_wedding_i00"/>
		<set name="stackable" value="true"/>
		<set name="type" value="OTHER"/>
		<set name="weight" value="5"/>
		<cond msgId="1508">
			<not>
				<player olympiad="true"/>
			</not>
		</cond>
	</etcitem>
</list>
