<?xml version="1.0" encoding="UTF-8"?>
<!DOCTYPE list SYSTEM "item.dtd">
<list>
	<etcitem id="16968" name="Knight Class Equipment Set" add_name="90 day limited period">
		<set name="class" value="OTHER"/>
		<set name="ex_type" value="OTHER_ITEMS"/>
		<set name="crystal_type" value="NONE"/>
		<set name="icon" value="icon.etc_equip_item_box_i00"/>
		<set name="type" value="OTHER"/>
	</etcitem>
	<etcitem id="16969" name="Magic Class Equipment Set" add_name="90 day limited period">
		<set name="class" value="OTHER"/>
		<set name="ex_type" value="OTHER_ITEMS"/>
		<set name="crystal_type" value="NONE"/>
		<set name="icon" value="icon.etc_equip_item_box_i00"/>
		<set name="type" value="OTHER"/>
	</etcitem>
	<etcitem id="16970" name="Warrior Class Equipment Set" add_name="90 day limited period">
		<set name="class" value="OTHER"/>
		<set name="ex_type" value="OTHER_ITEMS"/>
		<set name="crystal_type" value="NONE"/>
		<set name="icon" value="icon.etc_equip_item_box_i00"/>
		<set name="type" value="OTHER"/>
	</etcitem>
	<etcitem id="16971" name="Rouge Class Equipment Set" add_name="90 day limited period">
		<set name="class" value="OTHER"/>
		<set name="ex_type" value="OTHER_ITEMS"/>
		<set name="crystal_type" value="NONE"/>
		<set name="icon" value="icon.etc_equip_item_box_i00"/>
		<set name="type" value="OTHER"/>
	</etcitem>
	<etcitem id="16972" name="Kamael Class Equipment Set" add_name="90 day limited period">
		<set name="class" value="OTHER"/>
		<set name="ex_type" value="OTHER_ITEMS"/>
		<set name="crystal_type" value="NONE"/>
		<set name="icon" value="icon.etc_equip_item_box_i00"/>
		<set name="type" value="OTHER"/>
	</etcitem>
	<etcitem id="16973" name="Orc Fighter Class Equipment Set" add_name="90 day limited period">
		<set name="class" value="OTHER"/>
		<set name="ex_type" value="OTHER_ITEMS"/>
		<set name="crystal_type" value="NONE"/>
		<set name="icon" value="icon.etc_equip_item_box_i00"/>
		<set name="type" value="OTHER"/>
	</etcitem>
	<etcitem id="16974" name="Orc Mage Class Equipment Set" add_name="90 day limited period">
		<set name="class" value="OTHER"/>
		<set name="ex_type" value="OTHER_ITEMS"/>
		<set name="crystal_type" value="NONE"/>
		<set name="icon" value="icon.etc_equip_item_box_i00"/>
		<set name="type" value="OTHER"/>
	</etcitem>
	<etcitem id="16975" name="Friendship Heavy Armor of Nightmare Set Pack" add_name="90 day limited period">
		<set name="reuse_delay" value="3000"/>
		<set name="class" value="OTHER"/>
		<set name="ex_type" value="OTHER_ITEMS"/>
		<set name="crystal_type" value="NONE"/>
		<set name="icon" value="icon.etc_equip_item_box_i02"/>
		<set name="type" value="OTHER"/>
	</etcitem>
	<etcitem id="16976" name="Doom Plate Armor of Friendship Set Pack" add_name="90 day limited period">
		<set name="reuse_delay" value="3000"/>
		<set name="class" value="OTHER"/>
		<set name="ex_type" value="OTHER_ITEMS"/>
		<set name="crystal_type" value="NONE"/>
		<set name="icon" value="icon.etc_equip_item_box_i02"/>
		<set name="type" value="OTHER"/>
	</etcitem>
	<etcitem id="16977" name="Full Plate of Friendship Set Pack" add_name="90 day limited period">
		<set name="reuse_delay" value="3000"/>
		<set name="class" value="OTHER"/>
		<set name="ex_type" value="OTHER_ITEMS"/>
		<set name="crystal_type" value="NONE"/>
		<set name="icon" value="icon.etc_equip_item_box_i02"/>
		<set name="type" value="OTHER"/>
	</etcitem>
	<etcitem id="16978" name="Brigandine of Friendship Set Pack" add_name="90 day limited period">
		<set name="reuse_delay" value="3000"/>
		<set name="class" value="OTHER"/>
		<set name="ex_type" value="OTHER_ITEMS"/>
		<set name="crystal_type" value="NONE"/>
		<set name="icon" value="icon.etc_equip_item_box_i02"/>
		<set name="type" value="OTHER"/>
	</etcitem>
	<etcitem id="16979" name="Dark Crystal Light Armor of Friendship Set Pack" add_name="90 day limited period">
		<set name="reuse_delay" value="3000"/>
		<set name="class" value="OTHER"/>
		<set name="ex_type" value="OTHER_ITEMS"/>
		<set name="crystal_type" value="NONE"/>
		<set name="icon" value="icon.etc_equip_item_box_i02"/>
		<set name="type" value="OTHER"/>
	</etcitem>
	<etcitem id="16980" name="Leather Armor of Doom of Friendship Set Pack" add_name="90 day limited period">
		<set name="reuse_delay" value="3000"/>
		<set name="class" value="OTHER"/>
		<set name="ex_type" value="OTHER_ITEMS"/>
		<set name="crystal_type" value="NONE"/>
		<set name="icon" value="icon.etc_equip_item_box_i02"/>
		<set name="type" value="OTHER"/>
	</etcitem>
	<etcitem id="16981" name="Plate Leather of Friendship Set Pack" add_name="90 day limited period">
		<set name="reuse_delay" value="3000"/>
		<set name="class" value="OTHER"/>
		<set name="ex_type" value="OTHER_ITEMS"/>
		<set name="crystal_type" value="NONE"/>
		<set name="icon" value="icon.etc_equip_item_box_i02"/>
		<set name="type" value="OTHER"/>
	</etcitem>
	<etcitem id="16982" name="Manticore Leather of Friendship Set Pack" add_name="90 day limited period">
		<set name="reuse_delay" value="3000"/>
		<set name="class" value="OTHER"/>
		<set name="ex_type" value="OTHER_ITEMS"/>
		<set name="crystal_type" value="NONE"/>
		<set name="icon" value="icon.etc_equip_item_box_i02"/>
		<set name="type" value="OTHER"/>
	</etcitem>
	<etcitem id="16983" name="Dark Crystal Robe of Friendship Set Pack" add_name="90 day limited period">
		<set name="reuse_delay" value="3000"/>
		<set name="class" value="OTHER"/>
		<set name="ex_type" value="OTHER_ITEMS"/>
		<set name="crystal_type" value="NONE"/>
		<set name="icon" value="icon.etc_equip_item_box_i02"/>
		<set name="type" value="OTHER"/>
	</etcitem>
	<etcitem id="16984" name="Avadon Robe of Friendship Set Pack" add_name="90 day limited period">
		<set name="reuse_delay" value="3000"/>
		<set name="class" value="OTHER"/>
		<set name="ex_type" value="OTHER_ITEMS"/>
		<set name="crystal_type" value="NONE"/>
		<set name="icon" value="icon.etc_equip_item_box_i02"/>
		<set name="type" value="OTHER"/>
	</etcitem>
	<etcitem id="16985" name="Karmian of Friendship Set Pack" add_name="90 day limited period">
		<set name="reuse_delay" value="3000"/>
		<set name="class" value="OTHER"/>
		<set name="ex_type" value="OTHER_ITEMS"/>
		<set name="crystal_type" value="NONE"/>
		<set name="icon" value="icon.etc_equip_item_box_i02"/>
		<set name="type" value="OTHER"/>
	</etcitem>
	<etcitem id="16986" name="Mithril Tunic of Friendship Set Pack" add_name="90 day limited period">
		<set name="reuse_delay" value="3000"/>
		<set name="class" value="OTHER"/>
		<set name="ex_type" value="OTHER_ITEMS"/>
		<set name="crystal_type" value="NONE"/>
		<set name="icon" value="icon.etc_equip_item_box_i02"/>
		<set name="type" value="OTHER"/>
	</etcitem>
	<etcitem id="16987" name="Magic Weapon of Friendship Set" add_name="90 day limited period">
		<set name="reuse_delay" value="3000"/>
		<set name="class" value="OTHER"/>
		<set name="ex_type" value="OTHER_ITEMS"/>
		<set name="crystal_type" value="NONE"/>
		<set name="icon" value="icon.etc_equip_item_box_i03"/>
		<set name="type" value="OTHER"/>
	</etcitem>
	<etcitem id="16988" name="Dagger of Friendship Set" add_name="90 day limited period">
		<set name="reuse_delay" value="3000"/>
		<set name="class" value="OTHER"/>
		<set name="ex_type" value="OTHER_ITEMS"/>
		<set name="crystal_type" value="NONE"/>
		<set name="icon" value="icon.etc_equip_item_box_i03"/>
		<set name="type" value="OTHER"/>
	</etcitem>
	<etcitem id="16989" name="Bow of Friendship Set" add_name="90 day limited period">
		<set name="reuse_delay" value="3000"/>
		<set name="class" value="OTHER"/>
		<set name="ex_type" value="OTHER_ITEMS"/>
		<set name="crystal_type" value="NONE"/>
		<set name="icon" value="icon.etc_equip_item_box_i03"/>
		<set name="type" value="OTHER"/>
	</etcitem>
	<etcitem id="16990" name="Blunt Weapon of Friendship Set" add_name="90 day limited period">
		<set name="reuse_delay" value="3000"/>
		<set name="class" value="OTHER"/>
		<set name="ex_type" value="OTHER_ITEMS"/>
		<set name="crystal_type" value="NONE"/>
		<set name="icon" value="icon.etc_equip_item_box_i03"/>
		<set name="type" value="OTHER"/>
	</etcitem>
	<etcitem id="16991" name="One-handed Sword of Friendship Set" add_name="90 day limited period">
		<set name="reuse_delay" value="3000"/>
		<set name="class" value="OTHER"/>
		<set name="ex_type" value="OTHER_ITEMS"/>
		<set name="crystal_type" value="NONE"/>
		<set name="icon" value="icon.etc_equip_item_box_i03"/>
		<set name="type" value="OTHER"/>
	</etcitem>
	<etcitem id="16992" name="Two-handed Sword of Friendship Set" add_name="90 day limited period">
		<set name="reuse_delay" value="3000"/>
		<set name="class" value="OTHER"/>
		<set name="ex_type" value="OTHER_ITEMS"/>
		<set name="crystal_type" value="NONE"/>
		<set name="icon" value="icon.etc_equip_item_box_i03"/>
		<set name="type" value="OTHER"/>
	</etcitem>
	<etcitem id="16993" name="Hand-to-hand Combat Weapon of Friendship Set" add_name="90 day limited period">
		<set name="reuse_delay" value="3000"/>
		<set name="class" value="OTHER"/>
		<set name="ex_type" value="OTHER_ITEMS"/>
		<set name="crystal_type" value="NONE"/>
		<set name="icon" value="icon.etc_equip_item_box_i03"/>
		<set name="type" value="OTHER"/>
	</etcitem>
	<etcitem id="16994" name="Dualsword of Friendship Set" add_name="90 day limited period">
		<set name="reuse_delay" value="3000"/>
		<set name="class" value="OTHER"/>
		<set name="ex_type" value="OTHER_ITEMS"/>
		<set name="crystal_type" value="NONE"/>
		<set name="icon" value="icon.etc_equip_item_box_i03"/>
		<set name="type" value="OTHER"/>
	</etcitem>
	<etcitem id="16995" name="Spear of Friendship Set" add_name="90 day limited period">
		<set name="reuse_delay" value="3000"/>
		<set name="class" value="OTHER"/>
		<set name="ex_type" value="OTHER_ITEMS"/>
		<set name="crystal_type" value="NONE"/>
		<set name="icon" value="icon.etc_equip_item_box_i03"/>
		<set name="type" value="OTHER"/>
	</etcitem>
	<etcitem id="16996" name="Ancient Sword of Friendship Set" add_name="90 day limited period">
		<set name="reuse_delay" value="3000"/>
		<set name="class" value="OTHER"/>
		<set name="ex_type" value="OTHER_ITEMS"/>
		<set name="crystal_type" value="NONE"/>
		<set name="icon" value="icon.etc_equip_item_box_i03"/>
		<set name="type" value="OTHER"/>
	</etcitem>
	<etcitem id="16997" name="Short Sword of Friendship Set" add_name="90 day limited period">
		<set name="reuse_delay" value="3000"/>
		<set name="class" value="OTHER"/>
		<set name="ex_type" value="OTHER_ITEMS"/>
		<set name="crystal_type" value="NONE"/>
		<set name="icon" value="icon.etc_equip_item_box_i03"/>
		<set name="type" value="OTHER"/>
	</etcitem>
	<etcitem id="16998" name="Crossbow of Friendship Set" add_name="90 day limited period">
		<set name="reuse_delay" value="3000"/>
		<set name="class" value="OTHER"/>
		<set name="ex_type" value="OTHER_ITEMS"/>
		<set name="crystal_type" value="NONE"/>
		<set name="icon" value="icon.etc_equip_item_box_i03"/>
		<set name="type" value="OTHER"/>
	</etcitem>
	<etcitem id="16999" name="Majestic Set of Friendship" add_name="90 day limited period">
		<set name="reuse_delay" value="3000"/>
		<set name="class" value="OTHER"/>
		<set name="ex_type" value="OTHER_ITEMS"/>
		<set name="crystal_type" value="NONE"/>
		<set name="icon" value="icon.etc_jewel_box_i00"/>
		<set name="type" value="OTHER"/>
	</etcitem>
</list>
