<?xml version="1.0" encoding="UTF-8"?>
<!DOCTYPE list SYSTEM "item.dtd">
<list>
	<etcitem id="17100" name="Nevit's Hourglass - 1 hour" add_name="20~39">
		<set name="delay_share_group" value="16"/>
		<set name="class" value="OTHER"/>
		<set name="ex_type" value="OTHER_ITEMS"/>
		<set name="crystal_type" value="NONE"/>
		<set name="dropable" value="false"/>
		<set name="icon" value="icon.etc_dragons_blood_i03"/>
		<set name="stackable" value="true"/>
		<set name="tradeable" value="false"/>
		<set name="type" value="OTHER"/>
		<skills>
			<skill id="9120" level="1"/>
		</skills>
	</etcitem>
	<etcitem id="17101" name="Nevit's Hourglass - 1.5 hour" add_name="20~39">
		<set name="delay_share_group" value="16"/>
		<set name="class" value="OTHER"/>
		<set name="ex_type" value="OTHER_ITEMS"/>
		<set name="crystal_type" value="NONE"/>
		<set name="dropable" value="false"/>
		<set name="icon" value="icon.etc_dragons_blood_i03"/>
		<set name="stackable" value="true"/>
		<set name="tradeable" value="false"/>
		<set name="type" value="OTHER"/>
		<skills>
			<skill id="9121" level="1"/>
		</skills>
	</etcitem>
	<etcitem id="17102" name="Nevit's Hourglass - 2 hour" add_name="20~39">
		<set name="delay_share_group" value="16"/>
		<set name="class" value="OTHER"/>
		<set name="ex_type" value="OTHER_ITEMS"/>
		<set name="crystal_type" value="NONE"/>
		<set name="dropable" value="false"/>
		<set name="icon" value="icon.etc_dragons_blood_i03"/>
		<set name="stackable" value="true"/>
		<set name="tradeable" value="false"/>
		<set name="type" value="OTHER"/>
		<skills>
			<skill id="9122" level="1"/>
		</skills>
	</etcitem>
	<etcitem id="17103" name="Nevit's Hourglass - 2.5 hour" add_name="20~39">
		<set name="delay_share_group" value="16"/>
		<set name="class" value="OTHER"/>
		<set name="ex_type" value="OTHER_ITEMS"/>
		<set name="crystal_type" value="NONE"/>
		<set name="dropable" value="false"/>
		<set name="icon" value="icon.etc_dragons_blood_i03"/>
		<set name="stackable" value="true"/>
		<set name="tradeable" value="false"/>
		<set name="type" value="OTHER"/>
		<skills>
			<skill id="9123" level="1"/>
		</skills>
	</etcitem>
	<etcitem id="17104" name="Nevit's Hourglass - 3 hour" add_name="20~39">
		<set name="delay_share_group" value="16"/>
		<set name="class" value="OTHER"/>
		<set name="ex_type" value="OTHER_ITEMS"/>
		<set name="crystal_type" value="NONE"/>
		<set name="dropable" value="false"/>
		<set name="icon" value="icon.etc_dragons_blood_i03"/>
		<set name="stackable" value="true"/>
		<set name="tradeable" value="false"/>
		<set name="type" value="OTHER"/>
		<skills>
			<skill id="9124" level="1"/>
		</skills>
	</etcitem>
	<etcitem id="17105" name="Nevit's Hourglass - 1 hour" add_name="40~51">
		<set name="delay_share_group" value="16"/>
		<set name="class" value="OTHER"/>
		<set name="ex_type" value="OTHER_ITEMS"/>
		<set name="crystal_type" value="NONE"/>
		<set name="dropable" value="false"/>
		<set name="icon" value="icon.etc_dragons_blood_i03"/>
		<set name="stackable" value="true"/>
		<set name="tradeable" value="false"/>
		<set name="type" value="OTHER"/>
		<skills>
			<skill id="9125" level="1"/>
		</skills>
	</etcitem>
	<etcitem id="17106" name="Nevit's Hourglass - 1.5 hour" add_name="40~51">
		<set name="delay_share_group" value="16"/>
		<set name="class" value="OTHER"/>
		<set name="ex_type" value="OTHER_ITEMS"/>
		<set name="crystal_type" value="NONE"/>
		<set name="dropable" value="false"/>
		<set name="icon" value="icon.etc_dragons_blood_i03"/>
		<set name="stackable" value="true"/>
		<set name="tradeable" value="false"/>
		<set name="type" value="OTHER"/>
		<skills>
			<skill id="9126" level="1"/>
		</skills>
	</etcitem>
	<etcitem id="17107" name="Nevit's Hourglass - 2 hour" add_name="40~51">
		<set name="delay_share_group" value="16"/>
		<set name="class" value="OTHER"/>
		<set name="ex_type" value="OTHER_ITEMS"/>
		<set name="crystal_type" value="NONE"/>
		<set name="dropable" value="false"/>
		<set name="icon" value="icon.etc_dragons_blood_i03"/>
		<set name="stackable" value="true"/>
		<set name="tradeable" value="false"/>
		<set name="type" value="OTHER"/>
		<skills>
			<skill id="9127" level="1"/>
		</skills>
	</etcitem>
	<etcitem id="17108" name="Nevit's Hourglass - 2.5 hour" add_name="40~51">
		<set name="delay_share_group" value="16"/>
		<set name="class" value="OTHER"/>
		<set name="ex_type" value="OTHER_ITEMS"/>
		<set name="crystal_type" value="NONE"/>
		<set name="dropable" value="false"/>
		<set name="icon" value="icon.etc_dragons_blood_i03"/>
		<set name="stackable" value="true"/>
		<set name="tradeable" value="false"/>
		<set name="type" value="OTHER"/>
		<skills>
			<skill id="9128" level="1"/>
		</skills>
	</etcitem>
	<etcitem id="17109" name="Nevit's Hourglass - 3 hour" add_name="40~51">
		<set name="delay_share_group" value="16"/>
		<set name="class" value="OTHER"/>
		<set name="ex_type" value="OTHER_ITEMS"/>
		<set name="crystal_type" value="NONE"/>
		<set name="dropable" value="false"/>
		<set name="icon" value="icon.etc_dragons_blood_i03"/>
		<set name="stackable" value="true"/>
		<set name="tradeable" value="false"/>
		<set name="type" value="OTHER"/>
		<skills>
			<skill id="9129" level="1"/>
		</skills>
	</etcitem>
	<etcitem id="17110" name="Nevit's Hourglass - 1 hour" add_name="52~60">
		<set name="delay_share_group" value="16"/>
		<set name="class" value="OTHER"/>
		<set name="ex_type" value="OTHER_ITEMS"/>
		<set name="crystal_type" value="NONE"/>
		<set name="dropable" value="false"/>
		<set name="icon" value="icon.etc_dragons_blood_i03"/>
		<set name="stackable" value="true"/>
		<set name="tradeable" value="false"/>
		<set name="type" value="OTHER"/>
		<skills>
			<skill id="9130" level="1"/>
		</skills>
	</etcitem>
	<etcitem id="17111" name="Nevit's Hourglass - 1.5 hour" add_name="52~60">
		<set name="delay_share_group" value="16"/>
		<set name="class" value="OTHER"/>
		<set name="ex_type" value="OTHER_ITEMS"/>
		<set name="crystal_type" value="NONE"/>
		<set name="dropable" value="false"/>
		<set name="icon" value="icon.etc_dragons_blood_i03"/>
		<set name="stackable" value="true"/>
		<set name="tradeable" value="false"/>
		<set name="type" value="OTHER"/>
		<skills>
			<skill id="9131" level="1"/>
		</skills>
	</etcitem>
	<etcitem id="17112" name="Nevit's Hourglass - 2 hour" add_name="52~60">
		<set name="delay_share_group" value="16"/>
		<set name="class" value="OTHER"/>
		<set name="ex_type" value="OTHER_ITEMS"/>
		<set name="crystal_type" value="NONE"/>
		<set name="dropable" value="false"/>
		<set name="icon" value="icon.etc_dragons_blood_i03"/>
		<set name="stackable" value="true"/>
		<set name="tradeable" value="false"/>
		<set name="type" value="OTHER"/>
		<skills>
			<skill id="9132" level="1"/>
		</skills>
	</etcitem>
	<etcitem id="17113" name="Nevit's Hourglass - 2.5 hour" add_name="52~60">
		<set name="delay_share_group" value="16"/>
		<set name="class" value="OTHER"/>
		<set name="ex_type" value="OTHER_ITEMS"/>
		<set name="crystal_type" value="NONE"/>
		<set name="dropable" value="false"/>
		<set name="icon" value="icon.etc_dragons_blood_i03"/>
		<set name="stackable" value="true"/>
		<set name="tradeable" value="false"/>
		<set name="type" value="OTHER"/>
		<skills>
			<skill id="9133" level="1"/>
		</skills>
	</etcitem>
	<etcitem id="17114" name="Nevit's Hourglass - 3 hour" add_name="52~60">
		<set name="delay_share_group" value="16"/>
		<set name="class" value="OTHER"/>
		<set name="ex_type" value="OTHER_ITEMS"/>
		<set name="crystal_type" value="NONE"/>
		<set name="dropable" value="false"/>
		<set name="icon" value="icon.etc_dragons_blood_i03"/>
		<set name="stackable" value="true"/>
		<set name="tradeable" value="false"/>
		<set name="type" value="OTHER"/>
		<skills>
			<skill id="9134" level="1"/>
		</skills>
	</etcitem>
	<etcitem id="17115" name="Nevit's Hourglass - 1 hour" add_name="61~75">
		<set name="delay_share_group" value="16"/>
		<set name="class" value="OTHER"/>
		<set name="ex_type" value="OTHER_ITEMS"/>
		<set name="crystal_type" value="NONE"/>
		<set name="dropable" value="false"/>
		<set name="icon" value="icon.etc_dragons_blood_i03"/>
		<set name="stackable" value="true"/>
		<set name="tradeable" value="false"/>
		<set name="type" value="OTHER"/>
		<skills>
			<skill id="9135" level="1"/>
		</skills>
	</etcitem>
	<etcitem id="17116" name="Nevit's Hourglass - 1.5 hour" add_name="61~75">
		<set name="delay_share_group" value="16"/>
		<set name="class" value="OTHER"/>
		<set name="ex_type" value="OTHER_ITEMS"/>
		<set name="crystal_type" value="NONE"/>
		<set name="dropable" value="false"/>
		<set name="icon" value="icon.etc_dragons_blood_i03"/>
		<set name="stackable" value="true"/>
		<set name="tradeable" value="false"/>
		<set name="type" value="OTHER"/>
		<skills>
			<skill id="9136" level="1"/>
		</skills>
	</etcitem>
	<etcitem id="17117" name="Nevit's Hourglass - 2 hour" add_name="61~75">
		<set name="delay_share_group" value="16"/>
		<set name="class" value="OTHER"/>
		<set name="ex_type" value="OTHER_ITEMS"/>
		<set name="crystal_type" value="NONE"/>
		<set name="dropable" value="false"/>
		<set name="icon" value="icon.etc_dragons_blood_i03"/>
		<set name="stackable" value="true"/>
		<set name="tradeable" value="false"/>
		<set name="type" value="OTHER"/>
		<skills>
			<skill id="9137" level="1"/>
		</skills>
	</etcitem>
	<etcitem id="17118" name="Nevit's Hourglass - 2.5 hour" add_name="61~75">
		<set name="delay_share_group" value="16"/>
		<set name="class" value="OTHER"/>
		<set name="ex_type" value="OTHER_ITEMS"/>
		<set name="crystal_type" value="NONE"/>
		<set name="dropable" value="false"/>
		<set name="icon" value="icon.etc_dragons_blood_i03"/>
		<set name="stackable" value="true"/>
		<set name="tradeable" value="false"/>
		<set name="type" value="OTHER"/>
		<skills>
			<skill id="9138" level="1"/>
		</skills>
	</etcitem>
	<etcitem id="17119" name="Nevit's Hourglass - 3 hour" add_name="61~75">
		<set name="delay_share_group" value="16"/>
		<set name="class" value="OTHER"/>
		<set name="ex_type" value="OTHER_ITEMS"/>
		<set name="crystal_type" value="NONE"/>
		<set name="dropable" value="false"/>
		<set name="icon" value="icon.etc_dragons_blood_i03"/>
		<set name="stackable" value="true"/>
		<set name="tradeable" value="false"/>
		<set name="type" value="OTHER"/>
		<skills>
			<skill id="9139" level="1"/>
		</skills>
	</etcitem>
	<etcitem id="17120" name="Nevit's Hourglass - 1 hour" add_name="76~79">
		<set name="delay_share_group" value="16"/>
		<set name="class" value="OTHER"/>
		<set name="ex_type" value="OTHER_ITEMS"/>
		<set name="crystal_type" value="NONE"/>
		<set name="dropable" value="false"/>
		<set name="icon" value="icon.etc_dragons_blood_i03"/>
		<set name="stackable" value="true"/>
		<set name="tradeable" value="false"/>
		<set name="type" value="OTHER"/>
		<skills>
			<skill id="9140" level="1"/>
		</skills>
	</etcitem>
	<etcitem id="17121" name="Nevit's Hourglass - 1.5 hour" add_name="76~79">
		<set name="delay_share_group" value="16"/>
		<set name="class" value="OTHER"/>
		<set name="ex_type" value="OTHER_ITEMS"/>
		<set name="crystal_type" value="NONE"/>
		<set name="dropable" value="false"/>
		<set name="icon" value="icon.etc_dragons_blood_i03"/>
		<set name="stackable" value="true"/>
		<set name="tradeable" value="false"/>
		<set name="type" value="OTHER"/>
		<skills>
			<skill id="9141" level="1"/>
		</skills>
	</etcitem>
	<etcitem id="17122" name="Nevit's Hourglass - 2 hour" add_name="76~79">
		<set name="delay_share_group" value="16"/>
		<set name="class" value="OTHER"/>
		<set name="ex_type" value="OTHER_ITEMS"/>
		<set name="crystal_type" value="NONE"/>
		<set name="dropable" value="false"/>
		<set name="icon" value="icon.etc_dragons_blood_i03"/>
		<set name="stackable" value="true"/>
		<set name="tradeable" value="false"/>
		<set name="type" value="OTHER"/>
		<skills>
			<skill id="9142" level="1"/>
		</skills>
	</etcitem>
	<etcitem id="17123" name="Nevit's Hourglass - 2.5 hour" add_name="76~79">
		<set name="delay_share_group" value="16"/>
		<set name="class" value="OTHER"/>
		<set name="ex_type" value="OTHER_ITEMS"/>
		<set name="crystal_type" value="NONE"/>
		<set name="dropable" value="false"/>
		<set name="icon" value="icon.etc_dragons_blood_i03"/>
		<set name="stackable" value="true"/>
		<set name="tradeable" value="false"/>
		<set name="type" value="OTHER"/>
		<skills>
			<skill id="9143" level="1"/>
		</skills>
	</etcitem>
	<etcitem id="17124" name="Nevit's Hourglass - 3 hour" add_name="76~79">
		<set name="delay_share_group" value="16"/>
		<set name="class" value="OTHER"/>
		<set name="ex_type" value="OTHER_ITEMS"/>
		<set name="crystal_type" value="NONE"/>
		<set name="dropable" value="false"/>
		<set name="icon" value="icon.etc_dragons_blood_i03"/>
		<set name="stackable" value="true"/>
		<set name="tradeable" value="false"/>
		<set name="type" value="OTHER"/>
		<skills>
			<skill id="9144" level="1"/>
		</skills>
	</etcitem>
	<etcitem id="17125" name="Nevit's Hourglass - 1 hour" add_name="80~85">
		<set name="delay_share_group" value="16"/>
		<set name="class" value="OTHER"/>
		<set name="ex_type" value="OTHER_ITEMS"/>
		<set name="crystal_type" value="NONE"/>
		<set name="dropable" value="false"/>
		<set name="icon" value="icon.etc_dragons_blood_i03"/>
		<set name="stackable" value="true"/>
		<set name="tradeable" value="false"/>
		<set name="type" value="OTHER"/>
		<skills>
			<skill id="9145" level="1"/>
		</skills>
	</etcitem>
	<etcitem id="17126" name="Nevit's Hourglass - 1.5 hour" add_name="80~85">
		<set name="delay_share_group" value="16"/>
		<set name="class" value="OTHER"/>
		<set name="ex_type" value="OTHER_ITEMS"/>
		<set name="crystal_type" value="NONE"/>
		<set name="dropable" value="false"/>
		<set name="icon" value="icon.etc_dragons_blood_i03"/>
		<set name="stackable" value="true"/>
		<set name="tradeable" value="false"/>
		<set name="type" value="OTHER"/>
		<skills>
			<skill id="9146" level="1"/>
		</skills>
	</etcitem>
	<etcitem id="17127" name="Nevit's Hourglass - 2 hour" add_name="80~85">
		<set name="delay_share_group" value="16"/>
		<set name="class" value="OTHER"/>
		<set name="ex_type" value="OTHER_ITEMS"/>
		<set name="crystal_type" value="NONE"/>
		<set name="dropable" value="false"/>
		<set name="icon" value="icon.etc_dragons_blood_i03"/>
		<set name="stackable" value="true"/>
		<set name="tradeable" value="false"/>
		<set name="type" value="OTHER"/>
		<skills>
			<skill id="9147" level="1"/>
		</skills>
	</etcitem>
	<etcitem id="17128" name="Nevit's Hourglass - 2.5 hour" add_name="80~85">
		<set name="delay_share_group" value="16"/>
		<set name="class" value="OTHER"/>
		<set name="ex_type" value="OTHER_ITEMS"/>
		<set name="crystal_type" value="NONE"/>
		<set name="dropable" value="false"/>
		<set name="icon" value="icon.etc_dragons_blood_i03"/>
		<set name="stackable" value="true"/>
		<set name="tradeable" value="false"/>
		<set name="type" value="OTHER"/>
		<skills>
			<skill id="9148" level="1"/>
		</skills>
	</etcitem>
	<etcitem id="17129" name="Nevit's Hourglass - 3 hour" add_name="80~85">
		<set name="delay_share_group" value="16"/>
		<set name="class" value="OTHER"/>
		<set name="ex_type" value="OTHER_ITEMS"/>
		<set name="crystal_type" value="NONE"/>
		<set name="dropable" value="false"/>
		<set name="icon" value="icon.etc_dragons_blood_i03"/>
		<set name="stackable" value="true"/>
		<set name="tradeable" value="false"/>
		<set name="type" value="OTHER"/>
		<skills>
			<skill id="9149" level="1"/>
		</skills>
	</etcitem>
	<etcitem id="17130" name="Freesia Bouquet - Event">
		<set name="class" value="OTHER"/>
		<set name="ex_type" value="OTHER_ITEMS"/>
		<set name="crystal_type" value="NONE"/>
		<set name="icon" value="icon.etc_flower_bouquet_i02"/>
		<set name="stackable" value="true"/>
		<set name="type" value="OTHER"/>
		<skills>
			<skill id="9150" level="1"/>
		</skills>
		<cond msgId="1508">
			<not>
				<player olympiad="true"/>
			</not>
		</cond>
	</etcitem>
	<etcitem id="17131" name="Baby Breath Bouquet - Event">
		<set name="class" value="OTHER"/>
		<set name="ex_type" value="OTHER_ITEMS"/>
		<set name="crystal_type" value="NONE"/>
		<set name="icon" value="icon.etc_flower_bouquet_i03"/>
		<set name="stackable" value="true"/>
		<set name="type" value="OTHER"/>
		<skills>
			<skill id="9151" level="1"/>
		</skills>
		<cond msgId="1508">
			<not>
				<player olympiad="true"/>
			</not>
		</cond>
	</etcitem>
	<etcitem id="17132" name="Pink Lady - Event">
		<set name="class" value="OTHER"/>
		<set name="ex_type" value="OTHER_ITEMS"/>
		<set name="crystal_type" value="NONE"/>
		<set name="icon" value="icon.etc_fruit_cocktail_i02"/>
		<set name="stackable" value="true"/>
		<set name="type" value="OTHER"/>
		<skills>
			<skill id="9152" level="1"/>
		</skills>
		<cond msgId="1508">
			<not>
				<player olympiad="true"/>
			</not>
		</cond>
	</etcitem>
	<etcitem id="17133" name="June Bug - Event">
		<set name="class" value="OTHER"/>
		<set name="ex_type" value="OTHER_ITEMS"/>
		<set name="crystal_type" value="NONE"/>
		<set name="icon" value="icon.etc_fruit_cocktail_i03"/>
		<set name="stackable" value="true"/>
		<set name="type" value="OTHER"/>
		<skills>
			<skill id="9153" level="1"/>
		</skills>
		<cond msgId="1508">
			<not>
				<player olympiad="true"/>
			</not>
		</cond>
	</etcitem>
	<etcitem id="17134" name="Soft Cheesecake - Event">
		<set name="class" value="OTHER"/>
		<set name="ex_type" value="OTHER_ITEMS"/>
		<set name="crystal_type" value="NONE"/>
		<set name="icon" value="icon.etc_herb_of_cheesecake"/>
		<set name="stackable" value="true"/>
		<set name="type" value="OTHER"/>
		<skills>
			<skill id="9154" level="1"/>
		</skills>
		<cond msgId="1508">
			<not>
				<player olympiad="true"/>
			</not>
		</cond>
	</etcitem>
	<etcitem id="17135" name="Freshly-Baked Baguette - Event">
		<set name="class" value="OTHER"/>
		<set name="ex_type" value="OTHER_ITEMS"/>
		<set name="crystal_type" value="NONE"/>
		<set name="icon" value="icon.etc_herb_of_baguette"/>
		<set name="stackable" value="true"/>
		<set name="type" value="OTHER"/>
		<skills>
			<skill id="9155" level="1"/>
		</skills>
		<cond msgId="1508">
			<not>
				<player olympiad="true"/>
			</not>
		</cond>
	</etcitem>
	<etcitem id="17136" name="Sweet Cream Bun - Event">
		<set name="class" value="OTHER"/>
		<set name="ex_type" value="OTHER_ITEMS"/>
		<set name="crystal_type" value="NONE"/>
		<set name="icon" value="icon.etc_herb_of_cream"/>
		<set name="stackable" value="true"/>
		<set name="type" value="OTHER"/>
		<skills>
			<skill id="9156" level="1"/>
		</skills>
		<cond msgId="1508">
			<not>
				<player olympiad="true"/>
			</not>
		</cond>
	</etcitem>
	<etcitem id="17137" name="White Day Candy - Event">
		<set name="class" value="OTHER"/>
		<set name="ex_type" value="OTHER_ITEMS"/>
		<set name="crystal_type" value="NONE"/>
		<set name="icon" value="icon.etc_whiteday_candy_i00"/>
		<set name="stackable" value="true"/>
		<set name="type" value="OTHER"/>
		<skills>
			<skill id="9157" level="1"/>
		</skills>
		<cond msgId="1508">
			<not>
				<player olympiad="true"/>
			</not>
		</cond>
	</etcitem>
	<etcitem id="17138" name="Freya's Gift">
		<set name="class" value="OTHER"/>
		<set name="ex_type" value="OTHER_ITEMS"/>
		<set name="crystal_type" value="NONE"/>
		<set name="icon" value="icon.etc_pi_gift_box_i04"/>
		<set name="stackable" value="true"/>
		<set name="type" value="OTHER"/>
		<cond msgId="1508">
			<not>
				<player olympiad="true"/>
			</not>
		</cond>
		<skills>
			<skill id="9158" level="1"/>
		</skills>
		<set name="capsuled" value="true"/>
	</etcitem>
	<etcitem id="17139" name="Transformation Scroll - Anakim">
		<set name="class" value="OTHER"/>
		<set name="ex_type" value="OTHER_ITEMS"/>
		<set name="crystal_type" value="NONE"/>
		<set name="dropable" value="false"/>
		<set name="icon" value="icon.etc_trans_4f_s_b_01"/>
		<set name="stackable" value="true"/>
		<set name="tradeable" value="false"/>
		<set name="type" value="OTHER"/>
		<skills>
			<skill id="9159" level="1"/>
		</skills>
		<cond msgId="1508">
			<not>
				<player olympiad="true"/>
			</not>
		</cond>
		<set name="capsuled" value="true"/>
	</etcitem>
	<etcitem id="17140" name="Transformation Scroll - Zaken">
		<set name="class" value="OTHER"/>
		<set name="ex_type" value="OTHER_ITEMS"/>
		<set name="crystal_type" value="NONE"/>
		<set name="dropable" value="false"/>
		<set name="icon" value="icon.etc_trans_4f_s_b_01"/>
		<set name="stackable" value="true"/>
		<set name="tradeable" value="false"/>
		<set name="type" value="OTHER"/>
		<skills>
			<skill id="9160" level="1"/>
		</skills>
		<cond msgId="1508">
			<not>
				<player olympiad="true"/>
			</not>
		</cond>
		<set name="capsuled" value="true"/>
	</etcitem>
	<etcitem id="17158" name="Vesper's Mighty Power">
		<set name="class" value="OTHER"/>
		<set name="ex_type" value="OTHER_ITEMS"/>
		<set name="crystal_type" value="NONE"/>
		<set name="icon" value=""/>
		<set name="type" value="OTHER"/>
	</etcitem>
	<etcitem id="17159" name="Vesper's Critical Attack Power">
		<set name="class" value="OTHER"/>
		<set name="ex_type" value="OTHER_ITEMS"/>
		<set name="crystal_type" value="NONE"/>
		<set name="icon" value=""/>
		<set name="type" value="OTHER"/>
	</etcitem>
	<etcitem id="17160" name="Invincible Vesper">
		<set name="class" value="OTHER"/>
		<set name="ex_type" value="OTHER_ITEMS"/>
		<set name="crystal_type" value="NONE"/>
		<set name="icon" value=""/>
		<set name="type" value="OTHER"/>
	</etcitem>
	<etcitem id="17161" name="Special Gift of April Fool's Day - Event">
		<set name="class" value="OTHER"/>
		<set name="ex_type" value="OTHER_ITEMS"/>
		<set name="crystal_type" value="NONE"/>
		<set name="icon" value="icon.etc_pi_gift_box_i04"/>
		<set name="stackable" value="true"/>
		<set name="type" value="OTHER"/>
		<cond msgId="1508">
			<not>
				<player olympiad="true"/>
			</not>
		</cond>
		<skills>
			<skill id="9164" level="1"/>
		</skills>
		<set name="capsuled" value="true"/>
	</etcitem>
	<etcitem id="17162" name="Shards of Golem">
		<set name="class" value="OTHER"/>
		<set name="ex_type" value="OTHER_ITEMS"/>
		<set name="crystal_type" value="NONE"/>
		<set name="icon" value="icon.etc_coal_i00"/>
		<set name="stackable" value="true"/>
		<set name="type" value="OTHER"/>
		<cond msgId="1508">
			<not>
				<player olympiad="true"/>
			</not>
		</cond>
	</etcitem>
	<etcitem id="17163" name="Event - Energy of Sprout">
		<set name="reuse_delay" value="3000"/>
		<set name="class" value="OTHER"/>
		<set name="ex_type" value="OTHER_ITEMS"/>
		<set name="crystal_type" value="NONE"/>
		<set name="icon" value="icon.etc_leaf_green_i00"/>
		<set name="stackable" value="true"/>
		<set name="type" value="OTHER"/>
		<cond msgId="1508">
			<not>
				<player olympiad="true"/>
			</not>
		</cond>
	</etcitem>
	<etcitem id="17164" name="Event - Pack of Energy of Sprout">
		<set name="class" value="OTHER"/>
		<set name="ex_type" value="OTHER_ITEMS"/>
		<set name="crystal_type" value="NONE"/>
		<set name="icon" value="icon.etc_pi_gift_box_i04"/>
		<set name="stackable" value="true"/>
		<set name="type" value="OTHER"/>
		<cond msgId="1508">
			<not>
				<player olympiad="true"/>
			</not>
		</cond>
	</etcitem>
	<etcitem id="17165" name="Event - Energy Replenishing Herb Tea 30 minutes">
		<set name="class" value="OTHER"/>
		<set name="ex_type" value="OTHER_ITEMS"/>
		<set name="crystal_type" value="NONE"/>
		<set name="icon" value="icon.etc_pi_gift_box_i04"/>
		<set name="stackable" value="true"/>
		<set name="type" value="OTHER"/>
		<cond msgId="1508">
			<not>
				<player olympiad="true"/>
			</not>
		</cond>
	</etcitem>
	<etcitem id="17166" name="Pack of 10 Noble Enhancement Stones">
		<set name="class" value="OTHER"/>
		<set name="ex_type" value="OTHER_ITEMS"/>
		<set name="crystal_type" value="NONE"/>
		<set name="icon" value="icon.etc_pi_gift_box_i04"/>
		<set name="stackable" value="true"/>
		<set name="type" value="OTHER"/>
		<cond msgId="1508">
			<not>
				<player olympiad="true"/>
			</not>
		</cond>
	</etcitem>
	<etcitem id="17167" name="Weapon Enchant Scroll - S Grade Pack">
		<set name="class" value="OTHER"/>
		<set name="ex_type" value="OTHER_ITEMS"/>
		<set name="crystal_type" value="NONE"/>
		<set name="icon" value="icon.etc_pi_gift_box_i04"/>
		<set name="stackable" value="true"/>
		<set name="type" value="OTHER"/>
		<cond msgId="1508">
			<not>
				<player olympiad="true"/>
			</not>
		</cond>
	</etcitem>
	<etcitem id="17168" name="Lesser Giant's Codex - Mastery Pack">
		<set name="class" value="OTHER"/>
		<set name="ex_type" value="OTHER_ITEMS"/>
		<set name="crystal_type" value="NONE"/>
		<set name="icon" value="icon.etc_pi_gift_box_i04"/>
		<set name="stackable" value="true"/>
		<set name="type" value="OTHER"/>
		<cond msgId="1508">
			<not>
				<player olympiad="true"/>
			</not>
		</cond>
	</etcitem>
	<etcitem id="17169" name="Olympiad Treasure Chest">
		<set name="class" value="OTHER"/>
		<set name="ex_type" value="OTHER_ITEMS"/>
		<set name="crystal_type" value="NONE"/>
		<set name="icon" value="icon.event_hero_treasure_box_i00"/>
		<set name="stackable" value="true"/>
		<set name="type" value="OTHER"/>
		<cond msgId="1508">
			<not>
				<player olympiad="true"/>
			</not>
		</cond>
		<skills>
			<skill id="9177" level="1"/>
		</skills>
		<set name="capsuled" value="true"/>
	</etcitem>
	<etcitem id="17184" name="500,000 SP scroll">
		<set name="icon" value="icon.etc_sp_scroll3_i00"/>
		<set name="weight" value="30"/>
		<set name="stackable" value="true"/>
		<set name="class" value="OTHER"/>
		<set name="ex_type" value="OTHER_ITEMS"/>
		<set name="crystal_type" value="NONE"/>
		<set name="type" value="OTHER"/>
		<skills>
			<skill id="2167" level="6"/>
		</skills>
	</etcitem>
	<etcitem id="17185" name="1,000,000 SP scroll">
		<set name="icon" value="icon.etc_sp_scroll3_i00"/>
		<set name="weight" value="30"/>
		<set name="stackable" value="true"/>
		<set name="class" value="OTHER"/>
		<set name="ex_type" value="OTHER_ITEMS"/>
		<set name="crystal_type" value="NONE"/>
		<set name="type" value="OTHER"/>
		<skills>
			<skill id="2167" level="7"/>
		</skills>
	</etcitem>
</list>
