<?xml version="1.0" encoding="UTF-8"?>
<!DOCTYPE list SYSTEM "item.dtd">
<list>
	<etcitem id="18103" name="Unidentified Requiem Shaper">
		<!--Done By Darvin (c)Java - Team 2012-->
		<set name="class" value="OTHER"/>
		<set name="ex_type" value="OTHER_ITEMS"/>
		<set name="crystal_type" value="NONE"/>
		<set name="stackable" value="false"/>
		<set name="type" value="OTHER"/>
		<skills>
			<skill id="12012" level="1"/>
		</skills>
	</etcitem>
	<etcitem id="18104" name="Unidentified Requiem Cutter">
		<!--Done By Darvin (c)Java - Team 2012-->
		<set name="class" value="OTHER"/>
		<set name="ex_type" value="OTHER_ITEMS"/>
		<set name="crystal_type" value="NONE"/>
		<set name="stackable" value="false"/>
		<set name="type" value="OTHER"/>
		<skills>
			<skill id="12013" level="1"/>
		</skills>
	</etcitem>
	<etcitem id="18105" name="Unidentified Requiem Slasher">
		<!--Done By Darvin (c)Java - Team 2012-->
		<set name="class" value="OTHER"/>
		<set name="ex_type" value="OTHER_ITEMS"/>
		<set name="crystal_type" value="NONE"/>
		<set name="stackable" value="false"/>
		<set name="type" value="OTHER"/>
		<skills>
			<skill id="12014" level="1"/>
		</skills>
	</etcitem>
	<etcitem id="18106" name="Unidentified Requiem Avenger">
		<!--Done By Darvin (c)Java - Team 2012-->
		<set name="class" value="OTHER"/>
		<set name="ex_type" value="OTHER_ITEMS"/>
		<set name="crystal_type" value="NONE"/>
		<set name="stackable" value="false"/>
		<set name="type" value="OTHER"/>
		<skills>
			<skill id="12015" level="1"/>
		</skills>
	</etcitem>
	<etcitem id="18107" name="Unidentified Requiem Fighter">
		<!--Done By Darvin (c)Java - Team 2012-->
		<set name="class" value="OTHER"/>
		<set name="ex_type" value="OTHER_ITEMS"/>
		<set name="crystal_type" value="NONE"/>
		<set name="stackable" value="false"/>
		<set name="type" value="OTHER"/>
		<skills>
			<skill id="12016" level="1"/>
		</skills>
	</etcitem>
	<etcitem id="18108" name="Unidentified Requiem Stormer">
		<!--Done By Darvin (c)Java - Team 2012-->
		<set name="class" value="OTHER"/>
		<set name="ex_type" value="OTHER_ITEMS"/>
		<set name="crystal_type" value="NONE"/>
		<set name="stackable" value="false"/>
		<set name="type" value="OTHER"/>
		<skills>
			<skill id="12017" level="1"/>
		</skills>
	</etcitem>
	<etcitem id="18109" name="Unidentified Requiem Thrower">
		<!--Done By Darvin (c)Java - Team 2012-->
		<set name="class" value="OTHER"/>
		<set name="ex_type" value="OTHER_ITEMS"/>
		<set name="crystal_type" value="NONE"/>
		<set name="stackable" value="false"/>
		<set name="type" value="OTHER"/>
		<skills>
			<skill id="12018" level="1"/>
		</skills>
	</etcitem>
	<etcitem id="18110" name="Unidentified Requiem Shooter">
		<!--Done By Darvin (c)Java - Team 2012-->
		<set name="class" value="OTHER"/>
		<set name="ex_type" value="OTHER_ITEMS"/>
		<set name="crystal_type" value="NONE"/>
		<set name="stackable" value="false"/>
		<set name="type" value="OTHER"/>
		<skills>
			<skill id="12019" level="1"/>
		</skills>
	</etcitem>
	<etcitem id="18111" name="Unidentified Requiem Buster">
		<!--Done By Darvin (c)Java - Team 2012-->
		<set name="class" value="OTHER"/>
		<set name="ex_type" value="OTHER_ITEMS"/>
		<set name="crystal_type" value="NONE"/>
		<set name="stackable" value="false"/>
		<set name="type" value="OTHER"/>
		<skills>
			<skill id="12020" level="1"/>
		</skills>
	</etcitem>
	<etcitem id="18112" name="Unidentified Requiem Caster">
		<!--Done By Darvin (c)Java - Team 2012-->
		<set name="class" value="OTHER"/>
		<set name="ex_type" value="OTHER_ITEMS"/>
		<set name="crystal_type" value="NONE"/>
		<set name="stackable" value="false"/>
		<set name="type" value="OTHER"/>
		<skills>
			<skill id="12021" level="1"/>
		</skills>
	</etcitem>
	<etcitem id="18113" name="Unidentified Requiem Retributer">
		<!--Done By Darvin (c)Java - Team 2012-->
		<set name="class" value="OTHER"/>
		<set name="ex_type" value="OTHER_ITEMS"/>
		<set name="crystal_type" value="NONE"/>
		<set name="stackable" value="false"/>
		<set name="type" value="OTHER"/>
		<skills>
			<skill id="12022" level="1"/>
		</skills>
	</etcitem>
	<etcitem id="18114" name="Unidentified Requiem Dual Sword">
		<!--Done By Darvin (c)Java - Team 2012-->
		<set name="class" value="OTHER"/>
		<set name="ex_type" value="OTHER_ITEMS"/>
		<set name="crystal_type" value="NONE"/>
		<set name="stackable" value="false"/>
		<set name="type" value="OTHER"/>
		<skills>
			<skill id="12023" level="1"/>
		</skills>
	</etcitem>
	<etcitem id="18115" name="Unidentified Requiem Dual Dagger">
		<!--Done By Darvin (c)Java - Team 2012-->
		<set name="class" value="OTHER"/>
		<set name="ex_type" value="OTHER_ITEMS"/>
		<set name="crystal_type" value="NONE"/>
		<set name="stackable" value="false"/>
		<set name="type" value="OTHER"/>
		<skills>
			<skill id="12024" level="1"/>
		</skills>
	</etcitem>
	<etcitem id="18116" name="Unidentified Requiem Dual Blunt Weapon">
		<!--Done By Darvin (c)Java - Team 2012-->
		<set name="class" value="OTHER"/>
		<set name="ex_type" value="OTHER_ITEMS"/>
		<set name="crystal_type" value="NONE"/>
		<set name="stackable" value="false"/>
		<set name="type" value="OTHER"/>
		<skills>
			<skill id="12025" level="1"/>
		</skills>
	</etcitem>
	<etcitem id="18117" name="Unidentified Immortal Helmet">
		<!--Done By Darvin (c)Java - Team 2012-->
		<set name="class" value="OTHER"/>
		<set name="ex_type" value="OTHER_ITEMS"/>
		<set name="crystal_type" value="NONE"/>
		<set name="stackable" value="false"/>
		<set name="type" value="OTHER"/>
		<skills>
			<skill id="12026" level="1"/>
		</skills>
	</etcitem>
	<etcitem id="18118" name="Unidentified Immortal Breastplate">
		<!--Done By Darvin (c)Java - Team 2012-->
		<set name="class" value="OTHER"/>
		<set name="ex_type" value="OTHER_ITEMS"/>
		<set name="crystal_type" value="NONE"/>
		<set name="stackable" value="false"/>
		<set name="type" value="OTHER"/>
		<skills>
			<skill id="12027" level="1"/>
		</skills>
	</etcitem>
	<etcitem id="18119" name="Unidentified Immortal Gaiters">
		<!--Done By Darvin (c)Java - Team 2012-->
		<set name="class" value="OTHER"/>
		<set name="ex_type" value="OTHER_ITEMS"/>
		<set name="crystal_type" value="NONE"/>
		<set name="stackable" value="false"/>
		<set name="type" value="OTHER"/>
		<skills>
			<skill id="12028" level="1"/>
		</skills>
	</etcitem>
	<etcitem id="18120" name="Unidentified Immortal Gauntlet">
		<!--Done By Darvin (c)Java - Team 2012-->
		<set name="class" value="OTHER"/>
		<set name="ex_type" value="OTHER_ITEMS"/>
		<set name="crystal_type" value="NONE"/>
		<set name="stackable" value="false"/>
		<set name="type" value="OTHER"/>
		<skills>
			<skill id="12029" level="1"/>
		</skills>
	</etcitem>
	<etcitem id="18121" name="Unidentified Immortal Boots">
		<!--Done By Darvin (c)Java - Team 2012-->
		<set name="class" value="OTHER"/>
		<set name="ex_type" value="OTHER_ITEMS"/>
		<set name="crystal_type" value="NONE"/>
		<set name="stackable" value="false"/>
		<set name="type" value="OTHER"/>
		<skills>
			<skill id="12030" level="1"/>
		</skills>
	</etcitem>
	<etcitem id="18122" name="Unidentified Immortal Shield">
		<!--Done By Darvin (c)Java - Team 2012-->
		<set name="class" value="OTHER"/>
		<set name="ex_type" value="OTHER_ITEMS"/>
		<set name="crystal_type" value="NONE"/>
		<set name="stackable" value="false"/>
		<set name="type" value="OTHER"/>
		<skills>
			<skill id="12031" level="1"/>
		</skills>
	</etcitem>
	<etcitem id="18123" name="Unidentified Immortal Leather Helmet">
		<!--Done By Darvin (c)Java - Team 2012-->
		<set name="class" value="OTHER"/>
		<set name="ex_type" value="OTHER_ITEMS"/>
		<set name="crystal_type" value="NONE"/>
		<set name="stackable" value="false"/>
		<set name="type" value="OTHER"/>
		<skills>
			<skill id="12032" level="1"/>
		</skills>
	</etcitem>
	<etcitem id="18124" name="Unidentified Immortal Leather Armor">
		<!--Done By Darvin (c)Java - Team 2012-->
		<set name="class" value="OTHER"/>
		<set name="ex_type" value="OTHER_ITEMS"/>
		<set name="crystal_type" value="NONE"/>
		<set name="stackable" value="false"/>
		<set name="type" value="OTHER"/>
		<skills>
			<skill id="12033" level="1"/>
		</skills>
	</etcitem>
	<etcitem id="18125" name="Unidentified Immortal Leather Leggings">
		<!--Done By Darvin (c)Java - Team 2012-->
		<set name="class" value="OTHER"/>
		<set name="ex_type" value="OTHER_ITEMS"/>
		<set name="crystal_type" value="NONE"/>
		<set name="stackable" value="false"/>
		<set name="type" value="OTHER"/>
		<skills>
			<skill id="12034" level="1"/>
		</skills>
	</etcitem>
	<etcitem id="18126" name="Unidentified Immortal Leather Gloves">
		<!--Done By Darvin (c)Java - Team 2012-->
		<set name="class" value="OTHER"/>
		<set name="ex_type" value="OTHER_ITEMS"/>
		<set name="crystal_type" value="NONE"/>
		<set name="stackable" value="false"/>
		<set name="type" value="OTHER"/>
		<skills>
			<skill id="12035" level="1"/>
		</skills>
	</etcitem>
	<etcitem id="18127" name="Unidentified Immortal Leather Boots">
		<!--Done By Darvin (c)Java - Team 2012-->
		<set name="class" value="OTHER"/>
		<set name="ex_type" value="OTHER_ITEMS"/>
		<set name="crystal_type" value="NONE"/>
		<set name="stackable" value="false"/>
		<set name="type" value="OTHER"/>
		<skills>
			<skill id="12036" level="1"/>
		</skills>
	</etcitem>
	<etcitem id="18128" name="Unidentified Immortal Circlet">
		<!--Done By Darvin (c)Java - Team 2012-->
		<set name="class" value="OTHER"/>
		<set name="ex_type" value="OTHER_ITEMS"/>
		<set name="crystal_type" value="NONE"/>
		<set name="stackable" value="false"/>
		<set name="type" value="OTHER"/>
		<skills>
			<skill id="12037" level="1"/>
		</skills>
	</etcitem>
	<etcitem id="18129" name="Unidentified Immortal Tunic">
		<!--Done By Darvin (c)Java - Team 2012-->
		<set name="class" value="OTHER"/>
		<set name="ex_type" value="OTHER_ITEMS"/>
		<set name="crystal_type" value="NONE"/>
		<set name="stackable" value="false"/>
		<set name="type" value="OTHER"/>
		<skills>
			<skill id="12038" level="1"/>
		</skills>
	</etcitem>
	<etcitem id="18130" name="Unidentified Immortal Stockings">
		<!--Done By Darvin (c)Java - Team 2012-->
		<set name="class" value="OTHER"/>
		<set name="ex_type" value="OTHER_ITEMS"/>
		<set name="crystal_type" value="NONE"/>
		<set name="stackable" value="false"/>
		<set name="type" value="OTHER"/>
		<skills>
			<skill id="12039" level="1"/>
		</skills>
	</etcitem>
	<etcitem id="18131" name="Unidentified Immortal Gloves">
		<!--Done By Darvin (c)Java - Team 2012-->
		<set name="class" value="OTHER"/>
		<set name="ex_type" value="OTHER_ITEMS"/>
		<set name="crystal_type" value="NONE"/>
		<set name="stackable" value="false"/>
		<set name="type" value="OTHER"/>
		<skills>
			<skill id="12040" level="1"/>
		</skills>
	</etcitem>
	<etcitem id="18132" name="Unidentified Immortal Shoes">
		<!--Done By Darvin (c)Java - Team 2012-->
		<set name="class" value="OTHER"/>
		<set name="ex_type" value="OTHER_ITEMS"/>
		<set name="crystal_type" value="NONE"/>
		<set name="stackable" value="false"/>
		<set name="type" value="OTHER"/>
		<skills>
			<skill id="12041" level="1"/>
		</skills>
	</etcitem>
	<etcitem id="18133" name="Unidentified Immortal Sigil">
		<!--Done By Darvin (c)Java - Team 2012-->
		<set name="class" value="OTHER"/>
		<set name="ex_type" value="OTHER_ITEMS"/>
		<set name="crystal_type" value="NONE"/>
		<set name="stackable" value="false"/>
		<set name="type" value="OTHER"/>
		<skills>
			<skill id="12042" level="1"/>
		</skills>
	</etcitem>
	<etcitem id="18134" name="Unidentified Immortal Necklace">
		<!--Done By Darvin (c)Java - Team 2012-->
		<set name="class" value="OTHER"/>
		<set name="ex_type" value="OTHER_ITEMS"/>
		<set name="crystal_type" value="NONE"/>
		<set name="stackable" value="false"/>
		<set name="type" value="OTHER"/>
		<skills>
			<skill id="12043" level="1"/>
		</skills>
	</etcitem>
	<etcitem id="18135" name="Unidentified Immortal Earring">
		<!--Done By Darvin (c)Java - Team 2012-->
		<set name="class" value="OTHER"/>
		<set name="ex_type" value="OTHER_ITEMS"/>
		<set name="crystal_type" value="NONE"/>
		<set name="stackable" value="false"/>
		<set name="type" value="OTHER"/>
		<skills>
			<skill id="12044" level="1"/>
		</skills>
	</etcitem>
	<etcitem id="18136" name="Unidentified Immortal Ring">
		<!--Done By Darvin (c)Java - Team 2012-->
		<set name="class" value="OTHER"/>
		<set name="ex_type" value="OTHER_ITEMS"/>
		<set name="crystal_type" value="NONE"/>
		<set name="stackable" value="false"/>
		<set name="type" value="OTHER"/>
		<skills>
			<skill id="12045" level="1"/>
		</skills>
	</etcitem>
	<etcitem id="18137" name="Unidentified Apocalypse Shaper">
		<!--Done By Darvin (c)Java - Team 2012-->
		<set name="class" value="OTHER"/>
		<set name="ex_type" value="OTHER_ITEMS"/>
		<set name="crystal_type" value="NONE"/>
		<set name="stackable" value="false"/>
		<set name="type" value="OTHER"/>
		<skills>
			<skill id="12046" level="1"/>
		</skills>
	</etcitem>
	<etcitem id="18138" name="Unidentified Apocalypse Cutter">
		<!--Done By Darvin (c)Java - Team 2012-->
		<set name="class" value="OTHER"/>
		<set name="ex_type" value="OTHER_ITEMS"/>
		<set name="crystal_type" value="NONE"/>
		<set name="stackable" value="false"/>
		<set name="type" value="OTHER"/>
		<skills>
			<skill id="12047" level="1"/>
		</skills>
	</etcitem>
	<etcitem id="18139" name="Unidentified Apocalypse Slasher">
		<!--Done By Darvin (c)Java - Team 2012-->
		<set name="class" value="OTHER"/>
		<set name="ex_type" value="OTHER_ITEMS"/>
		<set name="crystal_type" value="NONE"/>
		<set name="stackable" value="false"/>
		<set name="type" value="OTHER"/>
		<skills>
			<skill id="12048" level="1"/>
		</skills>
	</etcitem>
	<etcitem id="18140" name="Unidentified Apocalypse Avenger">
		<!--Done By Darvin (c)Java - Team 2012-->
		<set name="class" value="OTHER"/>
		<set name="ex_type" value="OTHER_ITEMS"/>
		<set name="crystal_type" value="NONE"/>
		<set name="stackable" value="false"/>
		<set name="type" value="OTHER"/>
		<skills>
			<skill id="12049" level="1"/>
		</skills>
	</etcitem>
	<etcitem id="18141" name="Unidentified Apocalypse Fighter">
		<!--Done By Darvin (c)Java - Team 2012-->
		<set name="class" value="OTHER"/>
		<set name="ex_type" value="OTHER_ITEMS"/>
		<set name="crystal_type" value="NONE"/>
		<set name="stackable" value="false"/>
		<set name="type" value="OTHER"/>
		<skills>
			<skill id="12050" level="1"/>
		</skills>
	</etcitem>
	<etcitem id="18142" name="Unidentified Apocalypse Stormer">
		<!--Done By Darvin (c)Java - Team 2012-->
		<set name="class" value="OTHER"/>
		<set name="ex_type" value="OTHER_ITEMS"/>
		<set name="crystal_type" value="NONE"/>
		<set name="stackable" value="false"/>
		<set name="type" value="OTHER"/>
		<skills>
			<skill id="12051" level="1"/>
		</skills>
	</etcitem>
	<etcitem id="18143" name="Unidentified Apocalypse Thrower">
		<!--Done By Darvin (c)Java - Team 2012-->
		<set name="class" value="OTHER"/>
		<set name="ex_type" value="OTHER_ITEMS"/>
		<set name="crystal_type" value="NONE"/>
		<set name="stackable" value="false"/>
		<set name="type" value="OTHER"/>
		<skills>
			<skill id="12052" level="1"/>
		</skills>
	</etcitem>
	<etcitem id="18144" name="Unidentified Apocalypse Shooter">
		<!--Done By Darvin (c)Java - Team 2012-->
		<set name="class" value="OTHER"/>
		<set name="ex_type" value="OTHER_ITEMS"/>
		<set name="crystal_type" value="NONE"/>
		<set name="stackable" value="false"/>
		<set name="type" value="OTHER"/>
		<skills>
			<skill id="12053" level="1"/>
		</skills>
	</etcitem>
	<etcitem id="18145" name="Unidentified Apocalypse Buster">
		<!--Done By Darvin (c)Java - Team 2012-->
		<set name="class" value="OTHER"/>
		<set name="ex_type" value="OTHER_ITEMS"/>
		<set name="crystal_type" value="NONE"/>
		<set name="stackable" value="false"/>
		<set name="type" value="OTHER"/>
		<skills>
			<skill id="12054" level="1"/>
		</skills>
	</etcitem>
	<etcitem id="18146" name="Unidentified Apocalypse Caster">
		<!--Done By Darvin (c)Java - Team 2012-->
		<set name="class" value="OTHER"/>
		<set name="ex_type" value="OTHER_ITEMS"/>
		<set name="crystal_type" value="NONE"/>
		<set name="stackable" value="false"/>
		<set name="type" value="OTHER"/>
		<skills>
			<skill id="12055" level="1"/>
		</skills>
	</etcitem>
	<etcitem id="18147" name="Unidentified Apocalypse Retributer">
		<!--Done By Darvin (c)Java - Team 2012-->
		<set name="class" value="OTHER"/>
		<set name="ex_type" value="OTHER_ITEMS"/>
		<set name="crystal_type" value="NONE"/>
		<set name="stackable" value="false"/>
		<set name="type" value="OTHER"/>
		<skills>
			<skill id="12056" level="1"/>
		</skills>
	</etcitem>
	<etcitem id="18148" name="Unidentified Apocalypse Dual sword">
		<!--Done By Darvin (c)Java - Team 2012-->
		<set name="class" value="OTHER"/>
		<set name="ex_type" value="OTHER_ITEMS"/>
		<set name="crystal_type" value="NONE"/>
		<set name="stackable" value="false"/>
		<set name="type" value="OTHER"/>
		<skills>
			<skill id="12057" level="1"/>
		</skills>
	</etcitem>
	<etcitem id="18149" name="Unidentified Apocalypse Dual Dagger">
		<!--Done By Darvin (c)Java - Team 2012-->
		<set name="class" value="OTHER"/>
		<set name="ex_type" value="OTHER_ITEMS"/>
		<set name="crystal_type" value="NONE"/>
		<set name="stackable" value="false"/>
		<set name="type" value="OTHER"/>
		<skills>
			<skill id="12058" level="1"/>
		</skills>
	</etcitem>
	<etcitem id="18150" name="Unidentified Apocalypse Dual Blunt Weapon">
		<!--Done By Darvin (c)Java - Team 2012-->
		<set name="class" value="OTHER"/>
		<set name="ex_type" value="OTHER_ITEMS"/>
		<set name="crystal_type" value="NONE"/>
		<set name="stackable" value="false"/>
		<set name="type" value="OTHER"/>
		<skills>
			<skill id="12059" level="1"/>
		</skills>
	</etcitem>
	<etcitem id="18151" name="Unidentified Twilight Helmet">
		<!--Done By Darvin (c)Java - Team 2012-->
		<set name="class" value="OTHER"/>
		<set name="ex_type" value="OTHER_ITEMS"/>
		<set name="crystal_type" value="NONE"/>
		<set name="stackable" value="false"/>
		<set name="type" value="OTHER"/>
		<skills>
			<skill id="12060" level="1"/>
		</skills>
	</etcitem>
	<etcitem id="18152" name="Unidentified Twilight Breastplate">
		<!--Done By Darvin (c)Java - Team 2012-->
		<set name="class" value="OTHER"/>
		<set name="ex_type" value="OTHER_ITEMS"/>
		<set name="crystal_type" value="NONE"/>
		<set name="stackable" value="false"/>
		<set name="type" value="OTHER"/>
		<skills>
			<skill id="12061" level="1"/>
		</skills>
	</etcitem>
	<etcitem id="18153" name="Unidentified Twilight Gaiters">
		<!--Done By Darvin (c)Java - Team 2012-->
		<set name="class" value="OTHER"/>
		<set name="ex_type" value="OTHER_ITEMS"/>
		<set name="crystal_type" value="NONE"/>
		<set name="stackable" value="false"/>
		<set name="type" value="OTHER"/>
		<skills>
			<skill id="12062" level="1"/>
		</skills>
	</etcitem>
	<etcitem id="18154" name="Unidentified Twilight Gauntlet">
		<!--Done By Darvin (c)Java - Team 2012-->
		<set name="class" value="OTHER"/>
		<set name="ex_type" value="OTHER_ITEMS"/>
		<set name="crystal_type" value="NONE"/>
		<set name="stackable" value="false"/>
		<set name="type" value="OTHER"/>
		<skills>
			<skill id="12063" level="1"/>
		</skills>
	</etcitem>
	<etcitem id="18155" name="Unidentified Twilight Boots">
		<!--Done By Darvin (c)Java - Team 2012-->
		<set name="class" value="OTHER"/>
		<set name="ex_type" value="OTHER_ITEMS"/>
		<set name="crystal_type" value="NONE"/>
		<set name="stackable" value="false"/>
		<set name="type" value="OTHER"/>
		<skills>
			<skill id="12064" level="1"/>
		</skills>
	</etcitem>
	<etcitem id="18156" name="Unidentified Twilight Shield">
		<!--Done By Darvin (c)Java - Team 2012-->
		<set name="class" value="OTHER"/>
		<set name="ex_type" value="OTHER_ITEMS"/>
		<set name="crystal_type" value="NONE"/>
		<set name="stackable" value="false"/>
		<set name="type" value="OTHER"/>
		<skills>
			<skill id="12065" level="1"/>
		</skills>
	</etcitem>
	<etcitem id="18157" name="Unidentified Twilight Leather Helmet">
		<!--Done By Darvin (c)Java - Team 2012-->
		<set name="class" value="OTHER"/>
		<set name="ex_type" value="OTHER_ITEMS"/>
		<set name="crystal_type" value="NONE"/>
		<set name="stackable" value="false"/>
		<set name="type" value="OTHER"/>
		<skills>
			<skill id="12066" level="1"/>
		</skills>
	</etcitem>
	<etcitem id="18158" name="Unidentified Twilight Leather Armor">
		<!--Done By Darvin (c)Java - Team 2012-->
		<set name="class" value="OTHER"/>
		<set name="ex_type" value="OTHER_ITEMS"/>
		<set name="crystal_type" value="NONE"/>
		<set name="stackable" value="false"/>
		<set name="type" value="OTHER"/>
		<skills>
			<skill id="12067" level="1"/>
		</skills>
	</etcitem>
	<etcitem id="18159" name="Unidentified Twilight Leather Legging">
		<!--Done By Darvin (c)Java - Team 2012-->
		<set name="class" value="OTHER"/>
		<set name="ex_type" value="OTHER_ITEMS"/>
		<set name="crystal_type" value="NONE"/>
		<set name="stackable" value="false"/>
		<set name="type" value="OTHER"/>
		<skills>
			<skill id="12068" level="1"/>
		</skills>
	</etcitem>
	<etcitem id="18160" name="Unidentified Twilight Leather Gloves">
		<!--Done By Darvin (c)Java - Team 2012-->
		<set name="class" value="OTHER"/>
		<set name="ex_type" value="OTHER_ITEMS"/>
		<set name="crystal_type" value="NONE"/>
		<set name="stackable" value="false"/>
		<set name="type" value="OTHER"/>
		<skills>
			<skill id="12069" level="1"/>
		</skills>
	</etcitem>
	<etcitem id="18161" name="Unidentified Twilight Leather Boots">
		<!--Done By Darvin (c)Java - Team 2012-->
		<set name="class" value="OTHER"/>
		<set name="ex_type" value="OTHER_ITEMS"/>
		<set name="crystal_type" value="NONE"/>
		<set name="stackable" value="false"/>
		<set name="type" value="OTHER"/>
		<skills>
			<skill id="12070" level="1"/>
		</skills>
	</etcitem>
	<etcitem id="18162" name="Unidentified Twilight Circlet">
		<!--Done By Darvin (c)Java - Team 2012-->
		<set name="class" value="OTHER"/>
		<set name="ex_type" value="OTHER_ITEMS"/>
		<set name="crystal_type" value="NONE"/>
		<set name="stackable" value="false"/>
		<set name="type" value="OTHER"/>
		<skills>
			<skill id="12071" level="1"/>
		</skills>
	</etcitem>
	<etcitem id="18163" name="Unidentified Twilight Tunic">
		<!--Done By Darvin (c)Java - Team 2012-->
		<set name="class" value="OTHER"/>
		<set name="ex_type" value="OTHER_ITEMS"/>
		<set name="crystal_type" value="NONE"/>
		<set name="stackable" value="false"/>
		<set name="type" value="OTHER"/>
		<skills>
			<skill id="12072" level="1"/>
		</skills>
	</etcitem>
	<etcitem id="18164" name="Unidentified Twilight Stockings">
		<!--Done By Darvin (c)Java - Team 2012-->
		<set name="class" value="OTHER"/>
		<set name="ex_type" value="OTHER_ITEMS"/>
		<set name="crystal_type" value="NONE"/>
		<set name="stackable" value="false"/>
		<set name="type" value="OTHER"/>
		<skills>
			<skill id="12073" level="1"/>
		</skills>
	</etcitem>
	<etcitem id="18165" name="Unidentified Twilight Gloves">
		<!--Done By Darvin (c)Java - Team 2012-->
		<set name="class" value="OTHER"/>
		<set name="ex_type" value="OTHER_ITEMS"/>
		<set name="crystal_type" value="NONE"/>
		<set name="stackable" value="false"/>
		<set name="type" value="OTHER"/>
		<skills>
			<skill id="12074" level="1"/>
		</skills>
	</etcitem>
	<etcitem id="18166" name="Unidentified Twilight Shoes">
		<!--Done By Darvin (c)Java - Team 2012-->
		<set name="class" value="OTHER"/>
		<set name="ex_type" value="OTHER_ITEMS"/>
		<set name="crystal_type" value="NONE"/>
		<set name="stackable" value="false"/>
		<set name="type" value="OTHER"/>
		<skills>
			<skill id="12075" level="1"/>
		</skills>
	</etcitem>
	<etcitem id="18167" name="Unidentified Twilight Sigil">
		<!--Done By Darvin (c)Java - Team 2012-->
		<set name="class" value="OTHER"/>
		<set name="ex_type" value="OTHER_ITEMS"/>
		<set name="crystal_type" value="NONE"/>
		<set name="stackable" value="false"/>
		<set name="type" value="OTHER"/>
		<skills>
			<skill id="12076" level="1"/>
		</skills>
	</etcitem>
	<etcitem id="18168" name="Unidentified Twilight Necklace">
		<!--Done By Darvin (c)Java - Team 2012-->
		<set name="class" value="OTHER"/>
		<set name="ex_type" value="OTHER_ITEMS"/>
		<set name="crystal_type" value="NONE"/>
		<set name="stackable" value="false"/>
		<set name="type" value="OTHER"/>
		<skills>
			<skill id="12077" level="1"/>
		</skills>
	</etcitem>
	<etcitem id="18169" name="Unidentified Twilight Earring">
		<!--Done By Darvin (c)Java - Team 2012-->
		<set name="class" value="OTHER"/>
		<set name="ex_type" value="OTHER_ITEMS"/>
		<set name="crystal_type" value="NONE"/>
		<set name="stackable" value="false"/>
		<set name="type" value="OTHER"/>
		<skills>
			<skill id="12078" level="1"/>
		</skills>
	</etcitem>
	<etcitem id="18170" name="Unidentified Twilight Ring">
		<!--Done By Darvin (c)Java - Team 2012-->
		<set name="class" value="OTHER"/>
		<set name="ex_type" value="OTHER_ITEMS"/>
		<set name="crystal_type" value="NONE"/>
		<set name="stackable" value="false"/>
		<set name="type" value="OTHER"/>
		<skills>
			<skill id="12079" level="1"/>
		</skills>
	</etcitem>
	<etcitem id="18171" name="Unidentified Specter Shaper">
		<!--Done By Darvin (c)Java - Team 2012-->
		<set name="class" value="OTHER"/>
		<set name="ex_type" value="OTHER_ITEMS"/>
		<set name="crystal_type" value="NONE"/>
		<set name="stackable" value="false"/>
		<set name="type" value="OTHER"/>
		<skills>
			<skill id="12080" level="1"/>
		</skills>
	</etcitem>
	<etcitem id="18172" name="Unidentified Specter Cutter">
		<!--Done By Darvin (c)Java - Team 2012-->
		<set name="class" value="OTHER"/>
		<set name="ex_type" value="OTHER_ITEMS"/>
		<set name="crystal_type" value="NONE"/>
		<set name="stackable" value="false"/>
		<set name="type" value="OTHER"/>
		<skills>
			<skill id="12081" level="1"/>
		</skills>
	</etcitem>
	<etcitem id="18173" name="Unidentified Specter Slasher">
		<!--Done By Darvin (c)Java - Team 2012-->
		<set name="class" value="OTHER"/>
		<set name="ex_type" value="OTHER_ITEMS"/>
		<set name="crystal_type" value="NONE"/>
		<set name="stackable" value="false"/>
		<set name="type" value="OTHER"/>
		<skills>
			<skill id="12082" level="1"/>
		</skills>
	</etcitem>
	<etcitem id="18174" name="Unidentified Specter Avenger">
		<!--Done By Darvin (c)Java - Team 2012-->
		<set name="class" value="OTHER"/>
		<set name="ex_type" value="OTHER_ITEMS"/>
		<set name="crystal_type" value="NONE"/>
		<set name="stackable" value="false"/>
		<set name="type" value="OTHER"/>
		<skills>
			<skill id="12083" level="1"/>
		</skills>
	</etcitem>
	<etcitem id="18175" name="Unidentified Specter Fighter">
		<!--Done By Darvin (c)Java - Team 2012-->
		<set name="class" value="OTHER"/>
		<set name="ex_type" value="OTHER_ITEMS"/>
		<set name="crystal_type" value="NONE"/>
		<set name="stackable" value="false"/>
		<set name="type" value="OTHER"/>
		<skills>
			<skill id="12084" level="1"/>
		</skills>
	</etcitem>
	<etcitem id="18176" name="Unidentified Specter Stormer">
		<!--Done By Darvin (c)Java - Team 2012-->
		<set name="class" value="OTHER"/>
		<set name="ex_type" value="OTHER_ITEMS"/>
		<set name="crystal_type" value="NONE"/>
		<set name="stackable" value="false"/>
		<set name="type" value="OTHER"/>
		<skills>
			<skill id="12085" level="1"/>
		</skills>
	</etcitem>
	<etcitem id="18177" name="Unidentified Specter Thrower">
		<!--Done By Darvin (c)Java - Team 2012-->
		<set name="class" value="OTHER"/>
		<set name="ex_type" value="OTHER_ITEMS"/>
		<set name="crystal_type" value="NONE"/>
		<set name="stackable" value="false"/>
		<set name="type" value="OTHER"/>
		<skills>
			<skill id="12086" level="1"/>
		</skills>
	</etcitem>
	<etcitem id="18178" name="Unidentified Specter Shooter">
		<!--Done By Darvin (c)Java - Team 2012-->
		<set name="class" value="OTHER"/>
		<set name="ex_type" value="OTHER_ITEMS"/>
		<set name="crystal_type" value="NONE"/>
		<set name="stackable" value="false"/>
		<set name="type" value="OTHER"/>
		<skills>
			<skill id="12087" level="1"/>
		</skills>
	</etcitem>
	<etcitem id="18179" name="Unidentified Specter Buster">
		<!--Done By Darvin (c)Java - Team 2012-->
		<set name="class" value="OTHER"/>
		<set name="ex_type" value="OTHER_ITEMS"/>
		<set name="crystal_type" value="NONE"/>
		<set name="stackable" value="false"/>
		<set name="type" value="OTHER"/>
		<skills>
			<skill id="12088" level="1"/>
		</skills>
	</etcitem>
	<etcitem id="18180" name="Unidentified Specter Caster">
		<!--Done By Darvin (c)Java - Team 2012-->
		<set name="class" value="OTHER"/>
		<set name="ex_type" value="OTHER_ITEMS"/>
		<set name="crystal_type" value="NONE"/>
		<set name="stackable" value="false"/>
		<set name="type" value="OTHER"/>
		<skills>
			<skill id="12089" level="1"/>
		</skills>
	</etcitem>
	<etcitem id="18181" name="Unidentified Specter Retributer">
		<!--Done By Darvin (c)Java - Team 2012-->
		<set name="class" value="OTHER"/>
		<set name="ex_type" value="OTHER_ITEMS"/>
		<set name="crystal_type" value="NONE"/>
		<set name="stackable" value="false"/>
		<set name="type" value="OTHER"/>
		<skills>
			<skill id="12090" level="1"/>
		</skills>
	</etcitem>
	<etcitem id="18182" name="Unidentified Specter Dual Sword">
		<!--Done By Darvin (c)Java - Team 2012-->
		<set name="class" value="OTHER"/>
		<set name="ex_type" value="OTHER_ITEMS"/>
		<set name="crystal_type" value="NONE"/>
		<set name="stackable" value="false"/>
		<set name="type" value="OTHER"/>
		<skills>
			<skill id="12091" level="1"/>
		</skills>
	</etcitem>
	<etcitem id="18183" name="Unidentified Specter Dual Dagger">
		<!--Done By Darvin (c)Java - Team 2012-->
		<set name="class" value="OTHER"/>
		<set name="ex_type" value="OTHER_ITEMS"/>
		<set name="crystal_type" value="NONE"/>
		<set name="stackable" value="false"/>
		<set name="type" value="OTHER"/>
		<skills>
			<skill id="12092" level="1"/>
		</skills>
	</etcitem>
	<etcitem id="18184" name="Unidentified Specter Dual Blunt Weapon">
		<!--Done By Darvin (c)Java - Team 2012-->
		<set name="class" value="OTHER"/>
		<set name="ex_type" value="OTHER_ITEMS"/>
		<set name="crystal_type" value="NONE"/>
		<set name="stackable" value="false"/>
		<set name="type" value="OTHER"/>
		<skills>
			<skill id="12093" level="1"/>
		</skills>
	</etcitem>
	<etcitem id="18185" name="Unidentified Seraph Helmet">
		<!--Done By Darvin (c)Java - Team 2012-->
		<set name="class" value="OTHER"/>
		<set name="ex_type" value="OTHER_ITEMS"/>
		<set name="crystal_type" value="NONE"/>
		<set name="stackable" value="false"/>
		<set name="type" value="OTHER"/>
		<skills>
			<skill id="12094" level="1"/>
		</skills>
	</etcitem>
	<etcitem id="18186" name="Unidentified Seraph Breastplate">
		<!--Done By Darvin (c)Java - Team 2012-->
		<set name="class" value="OTHER"/>
		<set name="ex_type" value="OTHER_ITEMS"/>
		<set name="crystal_type" value="NONE"/>
		<set name="stackable" value="false"/>
		<set name="type" value="OTHER"/>
		<skills>
			<skill id="12095" level="1"/>
		</skills>
	</etcitem>
	<etcitem id="18187" name="Unidentified Seraph Gaiters">
		<!--Done By Darvin (c)Java - Team 2012-->
		<set name="class" value="OTHER"/>
		<set name="ex_type" value="OTHER_ITEMS"/>
		<set name="crystal_type" value="NONE"/>
		<set name="stackable" value="false"/>
		<set name="type" value="OTHER"/>
		<skills>
			<skill id="12096" level="1"/>
		</skills>
	</etcitem>
	<etcitem id="18188" name="Unidentified Seraph Gauntlet">
		<!--Done By Darvin (c)Java - Team 2012-->
		<set name="class" value="OTHER"/>
		<set name="ex_type" value="OTHER_ITEMS"/>
		<set name="crystal_type" value="NONE"/>
		<set name="stackable" value="false"/>
		<set name="type" value="OTHER"/>
		<skills>
			<skill id="12097" level="1"/>
		</skills>
	</etcitem>
	<etcitem id="18189" name="Unidentified Seraph Boots">
		<!--Done By Darvin (c)Java - Team 2012-->
		<set name="class" value="OTHER"/>
		<set name="ex_type" value="OTHER_ITEMS"/>
		<set name="crystal_type" value="NONE"/>
		<set name="stackable" value="false"/>
		<set name="type" value="OTHER"/>
		<skills>
			<skill id="12098" level="1"/>
		</skills>
	</etcitem>
	<etcitem id="18190" name="Unidentified Seraph Shield">
		<!--Done By Darvin (c)Java - Team 2012-->
		<set name="class" value="OTHER"/>
		<set name="ex_type" value="OTHER_ITEMS"/>
		<set name="crystal_type" value="NONE"/>
		<set name="stackable" value="false"/>
		<set name="type" value="OTHER"/>
		<skills>
			<skill id="12099" level="1"/>
		</skills>
	</etcitem>
	<etcitem id="18191" name="Unidentified Seraph Leather Helmet">
		<!--Done By Darvin (c)Java - Team 2012-->
		<set name="class" value="OTHER"/>
		<set name="ex_type" value="OTHER_ITEMS"/>
		<set name="crystal_type" value="NONE"/>
		<set name="stackable" value="false"/>
		<set name="type" value="OTHER"/>
		<skills>
			<skill id="12100" level="1"/>
		</skills>
	</etcitem>
	<etcitem id="18192" name="Unidentified Seraph Leather Armor">
		<!--Done By Darvin (c)Java - Team 2012-->
		<set name="class" value="OTHER"/>
		<set name="ex_type" value="OTHER_ITEMS"/>
		<set name="crystal_type" value="NONE"/>
		<set name="stackable" value="false"/>
		<set name="type" value="OTHER"/>
		<skills>
			<skill id="12101" level="1"/>
		</skills>
	</etcitem>
	<etcitem id="18193" name="Unidentified Seraph Leather Leggings">
		<!--Done By Darvin (c)Java - Team 2012-->
		<set name="class" value="OTHER"/>
		<set name="ex_type" value="OTHER_ITEMS"/>
		<set name="crystal_type" value="NONE"/>
		<set name="stackable" value="false"/>
		<set name="type" value="OTHER"/>
		<skills>
			<skill id="12102" level="1"/>
		</skills>
	</etcitem>
	<etcitem id="18194" name="Unidentified Seraph Leather Gloves">
		<!--Done By Darvin (c)Java - Team 2012-->
		<set name="class" value="OTHER"/>
		<set name="ex_type" value="OTHER_ITEMS"/>
		<set name="crystal_type" value="NONE"/>
		<set name="stackable" value="false"/>
		<set name="type" value="OTHER"/>
		<skills>
			<skill id="12103" level="1"/>
		</skills>
	</etcitem>
	<etcitem id="18195" name="Unidentified Seraph Leather Boots">
		<!--Done By Darvin (c)Java - Team 2012-->
		<set name="class" value="OTHER"/>
		<set name="ex_type" value="OTHER_ITEMS"/>
		<set name="crystal_type" value="NONE"/>
		<set name="stackable" value="false"/>
		<set name="type" value="OTHER"/>
		<skills>
			<skill id="12104" level="1"/>
		</skills>
	</etcitem>
	<etcitem id="18196" name="Unidentified Seraph Circlet">
		<!--Done By Darvin (c)Java - Team 2012-->
		<set name="class" value="OTHER"/>
		<set name="ex_type" value="OTHER_ITEMS"/>
		<set name="crystal_type" value="NONE"/>
		<set name="stackable" value="false"/>
		<set name="type" value="OTHER"/>
		<skills>
			<skill id="12105" level="1"/>
		</skills>
	</etcitem>
	<etcitem id="18197" name="Unidentified Seraph Tunic">
		<!--Done By Darvin (c)Java - Team 2012-->
		<set name="class" value="OTHER"/>
		<set name="ex_type" value="OTHER_ITEMS"/>
		<set name="crystal_type" value="NONE"/>
		<set name="stackable" value="false"/>
		<set name="type" value="OTHER"/>
		<skills>
			<skill id="12106" level="1"/>
		</skills>
	</etcitem>
	<etcitem id="18198" name="Unidentified Seraph Stockings">
		<!--Done By Darvin (c)Java - Team 2012-->
		<set name="class" value="OTHER"/>
		<set name="ex_type" value="OTHER_ITEMS"/>
		<set name="crystal_type" value="NONE"/>
		<set name="stackable" value="false"/>
		<set name="type" value="OTHER"/>
		<skills>
			<skill id="12107" level="1"/>
		</skills>
	</etcitem>
	<etcitem id="18199" name="Unidentified Seraph Gloves">
		<!--Done By Darvin (c)Java - Team 2012-->
		<set name="class" value="OTHER"/>
		<set name="ex_type" value="OTHER_ITEMS"/>
		<set name="crystal_type" value="NONE"/>
		<set name="stackable" value="false"/>
		<set name="type" value="OTHER"/>
		<skills>
			<skill id="12108" level="1"/>
		</skills>
	</etcitem>
</list>
