<?xml version="1.0" encoding="UTF-8"?>
<!DOCTYPE list SYSTEM "item.dtd">
<list>
	<etcitem id="19166" name="Accessory Life Stone (R-Grade)">
		<!--Done By Darvin (c)Java - Team 2012-->
		<set name="class" value="MISC"/>
		<set name="crystal_type" value="NONE"/>
		<set name="icon" value="icon.etc_mineral_general_i03"/>
		<set name="price" value="24000"/>
		<set name="stackable" value="true"/>
		<set name="type" value="OTHER"/>
		<set name="weight" value="2"/>
	</etcitem>
	<etcitem id="19167" name="Accessory Life Stone (R95-Grade)">
		<!--Done By Darvin (c)Java - Team 2012-->
		<set name="class" value="MISC"/>
		<set name="crystal_type" value="NONE"/>
		<set name="icon" value="icon.etc_mineral_general_i03"/>
		<set name="price" value="24000"/>
		<set name="stackable" value="true"/>
		<set name="type" value="OTHER"/>
		<set name="weight" value="2"/>
	</etcitem>
	<etcitem id="19168" name="Accessory Life Stone (R99-Grade)">
		<!--Done By Darvin (c)Java - Team 2012-->
		<set name="class" value="MISC"/>
		<set name="crystal_type" value="NONE"/>
		<set name="icon" value="icon.etc_mineral_general_i03"/>
		<set name="price" value="24000"/>
		<set name="stackable" value="true"/>
		<set name="type" value="OTHER"/>
		<set name="weight" value="2"/>
	</etcitem>
	<etcitem id="19169" name="Unidentified Requiem Shaper Fragment">
		<!--Done By Darvin (c)Java - Team 2012-->
		<set name="class" value="OTHER"/>
		<set name="ex_type" value="OTHER_ITEMS"/>
		<set name="crystal_type" value="NONE"/>
		<set name="weight" value="60"/>
		<set name="stackable" value="true"/>
		<set name="type" value="OTHER"/>
	</etcitem>
	<etcitem id="19170" name="Unidentified Requiem Cutter Fragment">
		<!--Done By Darvin (c)Java - Team 2012-->
		<set name="class" value="OTHER"/>
		<set name="ex_type" value="OTHER_ITEMS"/>
		<set name="crystal_type" value="NONE"/>
		<set name="weight" value="60"/>
		<set name="stackable" value="true"/>
		<set name="type" value="OTHER"/>
	</etcitem>
	<etcitem id="19171" name="Unidentified Requiem Slasher Fragment">
		<!--Done By Darvin (c)Java - Team 2012-->
		<set name="class" value="OTHER"/>
		<set name="ex_type" value="OTHER_ITEMS"/>
		<set name="crystal_type" value="NONE"/>
		<set name="weight" value="60"/>
		<set name="stackable" value="true"/>
		<set name="type" value="OTHER"/>
	</etcitem>
	<etcitem id="19172" name="Unidentified Requiem Avenger Fragment">
		<!--Done By Darvin (c)Java - Team 2012-->
		<set name="class" value="OTHER"/>
		<set name="ex_type" value="OTHER_ITEMS"/>
		<set name="crystal_type" value="NONE"/>
		<set name="weight" value="60"/>
		<set name="stackable" value="true"/>
		<set name="type" value="OTHER"/>
	</etcitem>
	<etcitem id="19173" name="Unidentified Requiem Fighter Fragment">
		<!--Done By Darvin (c)Java - Team 2012-->
		<set name="class" value="OTHER"/>
		<set name="ex_type" value="OTHER_ITEMS"/>
		<set name="crystal_type" value="NONE"/>
		<set name="weight" value="60"/>
		<set name="stackable" value="true"/>
		<set name="type" value="OTHER"/>
	</etcitem>
	<etcitem id="19174" name="Unidentified Requiem Stormer Fragment">
		<!--Done By Darvin (c)Java - Team 2012-->
		<set name="class" value="OTHER"/>
		<set name="ex_type" value="OTHER_ITEMS"/>
		<set name="crystal_type" value="NONE"/>
		<set name="weight" value="60"/>
		<set name="stackable" value="true"/>
		<set name="type" value="OTHER"/>
	</etcitem>
	<etcitem id="19175" name="Unidentified Requiem Thrower Fragment">
		<!--Done By Darvin (c)Java - Team 2012-->
		<set name="class" value="OTHER"/>
		<set name="ex_type" value="OTHER_ITEMS"/>
		<set name="crystal_type" value="NONE"/>
		<set name="weight" value="60"/>
		<set name="stackable" value="true"/>
		<set name="type" value="OTHER"/>
	</etcitem>
	<etcitem id="19176" name="Unidentified Requiem Shooter Fragment">
		<!--Done By Darvin (c)Java - Team 2012-->
		<set name="class" value="OTHER"/>
		<set name="ex_type" value="OTHER_ITEMS"/>
		<set name="crystal_type" value="NONE"/>
		<set name="weight" value="60"/>
		<set name="stackable" value="true"/>
		<set name="type" value="OTHER"/>
	</etcitem>
	<etcitem id="19177" name="Unidentified Requiem Buster Fragment">
		<!--Done By Darvin (c)Java - Team 2012-->
		<set name="class" value="OTHER"/>
		<set name="ex_type" value="OTHER_ITEMS"/>
		<set name="crystal_type" value="NONE"/>
		<set name="weight" value="60"/>
		<set name="stackable" value="true"/>
		<set name="type" value="OTHER"/>
	</etcitem>
	<etcitem id="19178" name="Unidentified Requiem Caster Fragment">
		<!--Done By Darvin (c)Java - Team 2012-->
		<set name="class" value="OTHER"/>
		<set name="ex_type" value="OTHER_ITEMS"/>
		<set name="crystal_type" value="NONE"/>
		<set name="weight" value="60"/>
		<set name="stackable" value="true"/>
		<set name="type" value="OTHER"/>
	</etcitem>
	<etcitem id="19179" name="Unidentified Requiem Retributer Fragment">
		<!--Done By Darvin (c)Java - Team 2012-->
		<set name="class" value="OTHER"/>
		<set name="ex_type" value="OTHER_ITEMS"/>
		<set name="crystal_type" value="NONE"/>
		<set name="weight" value="60"/>
		<set name="stackable" value="true"/>
		<set name="type" value="OTHER"/>
	</etcitem>
	<etcitem id="19183" name="Unidentified Immortal Helmet Ingredient">
		<!--Done By Darvin (c)Java - Team 2012-->
		<set name="class" value="OTHER"/>
		<set name="ex_type" value="OTHER_ITEMS"/>
		<set name="crystal_type" value="NONE"/>
		<set name="weight" value="60"/>
		<set name="stackable" value="true"/>
		<set name="type" value="OTHER"/>
	</etcitem>
	<etcitem id="19184" name="Unidentified Immortal Breastplate Ingredient">
		<!--Done By Darvin (c)Java - Team 2012-->
		<set name="class" value="OTHER"/>
		<set name="ex_type" value="OTHER_ITEMS"/>
		<set name="crystal_type" value="NONE"/>
		<set name="weight" value="60"/>
		<set name="stackable" value="true"/>
		<set name="type" value="OTHER"/>
	</etcitem>
	<etcitem id="19185" name="Unidentified Immortal Gaiters Ingredient">
		<!--Done By Darvin (c)Java - Team 2012-->
		<set name="class" value="OTHER"/>
		<set name="ex_type" value="OTHER_ITEMS"/>
		<set name="crystal_type" value="NONE"/>
		<set name="weight" value="60"/>
		<set name="stackable" value="true"/>
		<set name="type" value="OTHER"/>
	</etcitem>
	<etcitem id="19186" name="Unidentified Immortal Gauntlet Ingredient">
		<!--Done By Darvin (c)Java - Team 2012-->
		<set name="class" value="OTHER"/>
		<set name="ex_type" value="OTHER_ITEMS"/>
		<set name="crystal_type" value="NONE"/>
		<set name="weight" value="60"/>
		<set name="stackable" value="true"/>
		<set name="type" value="OTHER"/>
	</etcitem>
	<etcitem id="19187" name="Unidentified Immortal Boots Ingredients">
		<!--Done By Darvin (c)Java - Team 2012-->
		<set name="class" value="OTHER"/>
		<set name="ex_type" value="OTHER_ITEMS"/>
		<set name="crystal_type" value="NONE"/>
		<set name="weight" value="60"/>
		<set name="stackable" value="true"/>
		<set name="type" value="OTHER"/>
	</etcitem>
	<etcitem id="19188" name="Unidentified Immortal Shield Ingredient">
		<!--Done By Darvin (c)Java - Team 2012-->
		<set name="class" value="OTHER"/>
		<set name="ex_type" value="OTHER_ITEMS"/>
		<set name="crystal_type" value="NONE"/>
		<set name="weight" value="60"/>
		<set name="stackable" value="true"/>
		<set name="type" value="OTHER"/>
	</etcitem>
	<etcitem id="19189" name="Unidentified Immortal Leather Helmet Ingredient">
		<!--Done By Darvin (c)Java - Team 2012-->
		<set name="class" value="OTHER"/>
		<set name="ex_type" value="OTHER_ITEMS"/>
		<set name="crystal_type" value="NONE"/>
		<set name="weight" value="60"/>
		<set name="stackable" value="true"/>
		<set name="type" value="OTHER"/>
	</etcitem>
	<etcitem id="19190" name="Unidentified Immortal Leather Armor Ingredient">
		<!--Done By Darvin (c)Java - Team 2012-->
		<set name="class" value="OTHER"/>
		<set name="ex_type" value="OTHER_ITEMS"/>
		<set name="crystal_type" value="NONE"/>
		<set name="weight" value="60"/>
		<set name="stackable" value="true"/>
		<set name="type" value="OTHER"/>
	</etcitem>
	<etcitem id="19191" name="Unidentified Immortal Leather Leggings Ingredient">
		<!--Done By Darvin (c)Java - Team 2012-->
		<set name="class" value="OTHER"/>
		<set name="ex_type" value="OTHER_ITEMS"/>
		<set name="crystal_type" value="NONE"/>
		<set name="weight" value="60"/>
		<set name="stackable" value="true"/>
		<set name="type" value="OTHER"/>
	</etcitem>
	<etcitem id="19192" name="Unidentified Immortal Leather Gloves Ingredient">
		<!--Done By Darvin (c)Java - Team 2012-->
		<set name="class" value="OTHER"/>
		<set name="ex_type" value="OTHER_ITEMS"/>
		<set name="crystal_type" value="NONE"/>
		<set name="weight" value="60"/>
		<set name="stackable" value="true"/>
		<set name="type" value="OTHER"/>
	</etcitem>
	<etcitem id="19193" name="Unidentified Immortal Leather Boots Ingredient">
		<!--Done By Darvin (c)Java - Team 2012-->
		<set name="class" value="OTHER"/>
		<set name="ex_type" value="OTHER_ITEMS"/>
		<set name="crystal_type" value="NONE"/>
		<set name="weight" value="60"/>
		<set name="stackable" value="true"/>
		<set name="type" value="OTHER"/>
	</etcitem>
	<etcitem id="19194" name="Unidentified Immortal Circlet Ingredient">
		<!--Done By Darvin (c)Java - Team 2012-->
		<set name="class" value="OTHER"/>
		<set name="ex_type" value="OTHER_ITEMS"/>
		<set name="crystal_type" value="NONE"/>
		<set name="weight" value="60"/>
		<set name="stackable" value="true"/>
		<set name="type" value="OTHER"/>
	</etcitem>
	<etcitem id="19195" name="Unidentified Immortal Tunic Ingredient">
		<!--Done By Darvin (c)Java - Team 2012-->
		<set name="class" value="OTHER"/>
		<set name="ex_type" value="OTHER_ITEMS"/>
		<set name="crystal_type" value="NONE"/>
		<set name="weight" value="60"/>
		<set name="stackable" value="true"/>
		<set name="type" value="OTHER"/>
	</etcitem>
	<etcitem id="19196" name="Unidentified Immortal Stockings Ingredient">
		<!--Done By Darvin (c)Java - Team 2012-->
		<set name="class" value="OTHER"/>
		<set name="ex_type" value="OTHER_ITEMS"/>
		<set name="crystal_type" value="NONE"/>
		<set name="weight" value="60"/>
		<set name="stackable" value="true"/>
		<set name="type" value="OTHER"/>
	</etcitem>
	<etcitem id="19197" name="Unidentified Immortal Gloves Ingredient">
		<!--Done By Darvin (c)Java - Team 2012-->
		<set name="class" value="OTHER"/>
		<set name="ex_type" value="OTHER_ITEMS"/>
		<set name="crystal_type" value="NONE"/>
		<set name="weight" value="60"/>
		<set name="stackable" value="true"/>
		<set name="type" value="OTHER"/>
	</etcitem>
	<etcitem id="19198" name="Unidentified Immortal Shoes Ingredient">
		<!--Done By Darvin (c)Java - Team 2012-->
		<set name="class" value="OTHER"/>
		<set name="ex_type" value="OTHER_ITEMS"/>
		<set name="crystal_type" value="NONE"/>
		<set name="weight" value="60"/>
		<set name="stackable" value="true"/>
		<set name="type" value="OTHER"/>
	</etcitem>
	<etcitem id="19199" name="Unidentified Immortal Sigil Ingredient">
		<!--Done By Darvin (c)Java - Team 2012-->
		<set name="class" value="OTHER"/>
		<set name="ex_type" value="OTHER_ITEMS"/>
		<set name="crystal_type" value="NONE"/>
		<set name="weight" value="60"/>
		<set name="stackable" value="true"/>
		<set name="type" value="OTHER"/>
	</etcitem>
</list>
