<?xml version="1.0" encoding="UTF-8"?>
<!DOCTYPE list SYSTEM "item.dtd">
<list>
	<etcitem id="20000" name="Spicy Kimchee">
		<set name="class" value="OTHER"/>
		<set name="ex_type" value="OTHER_ITEMS"/>
		<set name="crystal_type" value="NONE"/>
		<set name="icon" value="BranchSys.icon.etc_kimchi_power_i00"/>
		<set name="type" value="HERB"/>
		<cond msgId="1508">
			<not>
				<player olympiad="true"/>
			</not>
		</cond>
	</etcitem>
	<etcitem id="20001" name="Spicy Kimchee">
		<set name="class" value="OTHER"/>
		<set name="ex_type" value="OTHER_ITEMS"/>
		<set name="crystal_type" value="NONE"/>
		<set name="icon" value="BranchSys.icon.etc_kimchi_power_i00"/>
		<set name="type" value="HERB"/>
		<cond msgId="1508">
			<not>
				<player olympiad="true"/>
			</not>
		</cond>
	</etcitem>
	<etcitem id="20002" name="Spicy Kimchee">
		<set name="class" value="OTHER"/>
		<set name="ex_type" value="OTHER_ITEMS"/>
		<set name="crystal_type" value="NONE"/>
		<set name="icon" value="BranchSys.icon.etc_kimchi_power_i00"/>
		<set name="type" value="HERB"/>
		<cond msgId="1508">
			<not>
				<player olympiad="true"/>
			</not>
		</cond>
	</etcitem>
	<etcitem id="20003" name="Sweet-and-Sour White Kimchee">
		<set name="class" value="OTHER"/>
		<set name="ex_type" value="OTHER_ITEMS"/>
		<set name="crystal_type" value="NONE"/>
		<set name="icon" value="BranchSys.icon.etc_kimchi_time_i00"/>
		<set name="type" value="HERB"/>
		<skills>
			<skill id="22003" level="1"/>
		</skills>
		<cond msgId="1508">
			<not>
				<player olympiad="true"/>
			</not>
		</cond>
	</etcitem>
	<etcitem id="20004" name="Energy Ginseng">
		<set name="class" value="OTHER"/>
		<set name="ex_type" value="OTHER_ITEMS"/>
		<set name="crystal_type" value="NONE"/>
		<set name="icon" value="BranchSys.icon.etc_ginseng_recovery_i00"/>
		<set name="type" value="HERB"/>
		<cond msgId="1508">
			<not>
				<player olympiad="true"/>
			</not>
		</cond>
	</etcitem>
	<etcitem id="20005" name="Energy Red Ginseng">
		<set name="class" value="OTHER"/>
		<set name="ex_type" value="OTHER_ITEMS"/>
		<set name="crystal_type" value="NONE"/>
		<set name="icon" value=""/>
		<set name="type" value="HERB"/>
		<cond msgId="1508">
			<not>
				<player olympiad="true"/>
			</not>
		</cond>
	</etcitem>
	<etcitem id="20025" name="My Teleport Spellbook">
		<set name="freightable" value="true"/>
		<set name="class" value="OTHER"/>
		<set name="ex_type" value="OTHER_ITEMS"/>
		<set name="crystal_type" value="NONE"/>
		<set name="icon" value="icon.bookmark_scroll_i00"/>
		<set name="stackable" value="true"/>
		<set name="type" value="OTHER"/>
		<set name="weight" value="5"/>
	</etcitem>
	<etcitem id="20026" name="Extra Entrance Pass - Kamaloka (Hall of the Abyss)">
		<set name="freightable" value="true"/>
		<set name="class" value="OTHER"/>
		<set name="ex_type" value="OTHER_ITEMS"/>
		<set name="crystal_type" value="NONE"/>
		<set name="icon" value="icon.ticket_i00"/>
		<set name="stackable" value="true"/>
		<set name="type" value="OTHER"/>
		<set name="weight" value="5"/>
	</etcitem>
	<etcitem id="20027" name="Extra Entrance Pass - Near Kamaloka">
		<set name="freightable" value="true"/>
		<set name="class" value="OTHER"/>
		<set name="ex_type" value="OTHER_ITEMS"/>
		<set name="crystal_type" value="NONE"/>
		<set name="icon" value="icon.ticket_i00"/>
		<set name="stackable" value="true"/>
		<set name="type" value="OTHER"/>
		<set name="weight" value="5"/>
	</etcitem>
	<etcitem id="20028" name="Extra Entrance Pass - Kamaloka (Labyrinth of the Abyss)">
		<set name="freightable" value="true"/>
		<set name="class" value="OTHER"/>
		<set name="ex_type" value="OTHER_ITEMS"/>
		<set name="crystal_type" value="NONE"/>
		<set name="icon" value="icon.ticket_i00"/>
		<set name="stackable" value="true"/>
		<set name="type" value="OTHER"/>
		<set name="weight" value="5"/>
	</etcitem>
	<etcitem id="20033" name="My Teleport Flag">
		<set name="freightable" value="true"/>
		<set name="class" value="OTHER"/>
		<set name="ex_type" value="OTHER_ITEMS"/>
		<set name="crystal_type" value="NONE"/>
		<set name="icon" value="BranchSys.icon.br_flag_of_bookmark_i00"/>
		<set name="stackable" value="true"/>
		<set name="type" value="OTHER"/>
		<set name="weight" value="5"/>
	</etcitem>
	<etcitem id="20034" name="Revita-Pop">
		<set name="reuse_delay" value="3000"/>
		<set name="class" value="OTHER"/>
		<set name="ex_type" value="OTHER_ITEMS"/>
		<set name="crystal_type" value="NONE"/>
		<set name="dropable" value="false"/>
		<set name="icon" value="BranchSys.br_hallowinday_candy_i00"/>
		<set name="stackable" value="true"/>
		<set name="tradeable" value="false"/>
		<set name="type" value="SCROLL"/>
		<set name="weight" value="5"/>
		<skills>
			<skill id="22006" level="1"/>
		</skills>
	</etcitem>
	<etcitem id="20035" name="Majo Agathion Pack">
		<set name="freightable" value="true"/>
		<set name="class" value="OTHER"/>
		<set name="ex_type" value="OTHER_ITEMS"/>
		<set name="crystal_type" value="NONE"/>
		<set name="dropable" value="false"/>
		<set name="icon" value="icon.etc_pi_gift_box_i00"/>
		<set name="stackable" value="true"/>
		<set name="tradeable" value="false"/>
		<set name="type" value="OTHER"/>
		<set name="weight" value="100"/>
	</etcitem>
	<etcitem id="20036" name="Gold Crown Majo Agathion Pack">
		<set name="freightable" value="true"/>
		<set name="class" value="OTHER"/>
		<set name="ex_type" value="OTHER_ITEMS"/>
		<set name="crystal_type" value="NONE"/>
		<set name="dropable" value="false"/>
		<set name="icon" value="icon.etc_pi_gift_box_i00"/>
		<set name="stackable" value="true"/>
		<set name="tradeable" value="false"/>
		<set name="type" value="OTHER"/>
		<set name="weight" value="100"/>
	</etcitem>
	<etcitem id="20037" name="Black Crown Majo Agathion Pack">
		<set name="freightable" value="true"/>
		<set name="class" value="OTHER"/>
		<set name="ex_type" value="OTHER_ITEMS"/>
		<set name="crystal_type" value="NONE"/>
		<set name="dropable" value="false"/>
		<set name="icon" value="icon.etc_pi_gift_box_i00"/>
		<set name="stackable" value="true"/>
		<set name="tradeable" value="false"/>
		<set name="type" value="OTHER"/>
		<set name="weight" value="100"/>
	</etcitem>
	<etcitem id="20038" name="Majo Agathion 30-Day Pack" add_name="Big Head">
		<set name="freightable" value="true"/>
		<set name="class" value="OTHER"/>
		<set name="ex_type" value="OTHER_ITEMS"/>
		<set name="crystal_type" value="NONE"/>
		<set name="dropable" value="false"/>
		<set name="icon" value="icon.etc_pi_gift_box_i00"/>
		<set name="stackable" value="true"/>
		<set name="tradeable" value="false"/>
		<set name="type" value="OTHER"/>
		<set name="weight" value="100"/>
	</etcitem>
	<etcitem id="20039" name="Gold Crown Majo Agathion 30-Day Pack" add_name="Resurrection">
		<set name="freightable" value="true"/>
		<set name="class" value="OTHER"/>
		<set name="ex_type" value="OTHER_ITEMS"/>
		<set name="crystal_type" value="NONE"/>
		<set name="dropable" value="false"/>
		<set name="icon" value="icon.etc_pi_gift_box_i00"/>
		<set name="stackable" value="true"/>
		<set name="tradeable" value="false"/>
		<set name="type" value="OTHER"/>
		<set name="weight" value="100"/>
	</etcitem>
	<etcitem id="20040" name="Black Crown Majo Agathion 30-Day Pack" add_name="Leave">
		<set name="freightable" value="true"/>
		<set name="class" value="OTHER"/>
		<set name="ex_type" value="OTHER_ITEMS"/>
		<set name="crystal_type" value="NONE"/>
		<set name="dropable" value="false"/>
		<set name="icon" value="icon.etc_pi_gift_box_i00"/>
		<set name="stackable" value="true"/>
		<set name="tradeable" value="false"/>
		<set name="type" value="OTHER"/>
		<set name="weight" value="100"/>
	</etcitem>
	<etcitem id="20041" name="Plaipitak Agathion Pack">
		<set name="freightable" value="true"/>
		<set name="class" value="OTHER"/>
		<set name="ex_type" value="OTHER_ITEMS"/>
		<set name="crystal_type" value="NONE"/>
		<set name="dropable" value="false"/>
		<set name="icon" value="icon.etc_pi_gift_box_i00"/>
		<set name="stackable" value="true"/>
		<set name="tradeable" value="false"/>
		<set name="type" value="OTHER"/>
		<set name="weight" value="100"/>
	</etcitem>
	<etcitem id="20042" name="Plaipitak Agathion 30-Day Pack" add_name="Big Head">
		<set name="freightable" value="true"/>
		<set name="class" value="OTHER"/>
		<set name="ex_type" value="OTHER_ITEMS"/>
		<set name="crystal_type" value="NONE"/>
		<set name="dropable" value="false"/>
		<set name="icon" value="icon.etc_pi_gift_box_i00"/>
		<set name="stackable" value="true"/>
		<set name="tradeable" value="false"/>
		<set name="type" value="OTHER"/>
		<set name="weight" value="100"/>
	</etcitem>
	<etcitem id="20043" name="Plaipitak Agathion 30-Day Pack" add_name="Resurrection">
		<set name="freightable" value="true"/>
		<set name="class" value="OTHER"/>
		<set name="ex_type" value="OTHER_ITEMS"/>
		<set name="crystal_type" value="NONE"/>
		<set name="dropable" value="false"/>
		<set name="icon" value="icon.etc_pi_gift_box_i00"/>
		<set name="stackable" value="true"/>
		<set name="tradeable" value="false"/>
		<set name="type" value="OTHER"/>
		<set name="weight" value="100"/>
	</etcitem>
	<etcitem id="20044" name="Plaipitak Agathion 30-Day Pack" add_name="Leave">
		<set name="freightable" value="true"/>
		<set name="class" value="OTHER"/>
		<set name="ex_type" value="OTHER_ITEMS"/>
		<set name="crystal_type" value="NONE"/>
		<set name="dropable" value="false"/>
		<set name="icon" value="icon.etc_pi_gift_box_i00"/>
		<set name="stackable" value="true"/>
		<set name="tradeable" value="false"/>
		<set name="type" value="OTHER"/>
		<set name="weight" value="100"/>
	</etcitem>
	<etcitem id="20045" name="Horn-Rimmed Glasses Pack" add_name="Agility">
		<set name="freightable" value="true"/>
		<set name="class" value="OTHER"/>
		<set name="ex_type" value="OTHER_ITEMS"/>
		<set name="crystal_type" value="NONE"/>
		<set name="dropable" value="false"/>
		<set name="icon" value="icon.etc_pi_gift_box_i00"/>
		<set name="stackable" value="true"/>
		<set name="tradeable" value="false"/>
		<set name="type" value="OTHER"/>
		<set name="weight" value="100"/>
	</etcitem>
	<etcitem id="20046" name="Afro Hair Pack">
		<set name="freightable" value="true"/>
		<set name="class" value="OTHER"/>
		<set name="ex_type" value="OTHER_ITEMS"/>
		<set name="crystal_type" value="NONE"/>
		<set name="icon" value="icon.etc_pi_gift_box_i00"/>
		<set name="stackable" value="true"/>
		<set name="type" value="OTHER"/>
		<set name="weight" value="100"/>
	</etcitem>
	<etcitem id="20047" name="Afro Hair Pack" add_name="Big Head, Firework">
		<set name="freightable" value="true"/>
		<set name="class" value="OTHER"/>
		<set name="ex_type" value="OTHER_ITEMS"/>
		<set name="crystal_type" value="NONE"/>
		<set name="icon" value="icon.etc_pi_gift_box_i00"/>
		<set name="stackable" value="true"/>
		<set name="type" value="OTHER"/>
		<set name="weight" value="100"/>
	</etcitem>
	<etcitem id="20048" name="Afro Hair Pack" add_name="Wind Walk">
		<set name="freightable" value="true"/>
		<set name="class" value="OTHER"/>
		<set name="ex_type" value="OTHER_ITEMS"/>
		<set name="crystal_type" value="NONE"/>
		<set name="icon" value="icon.etc_pi_gift_box_i00"/>
		<set name="stackable" value="true"/>
		<set name="type" value="OTHER"/>
		<set name="weight" value="100"/>
	</etcitem>
	<etcitem id="20049" name="Uniform Hat Pack">
		<set name="freightable" value="true"/>
		<set name="class" value="OTHER"/>
		<set name="ex_type" value="OTHER_ITEMS"/>
		<set name="crystal_type" value="NONE"/>
		<set name="icon" value="icon.etc_pi_gift_box_i00"/>
		<set name="stackable" value="true"/>
		<set name="type" value="OTHER"/>
		<set name="weight" value="100"/>
	</etcitem>
	<etcitem id="20050" name="Assassin's Bamboo Hat Pack">
		<set name="freightable" value="true"/>
		<set name="class" value="OTHER"/>
		<set name="ex_type" value="OTHER_ITEMS"/>
		<set name="crystal_type" value="NONE"/>
		<set name="icon" value="icon.etc_pi_gift_box_i00"/>
		<set name="stackable" value="true"/>
		<set name="type" value="OTHER"/>
		<set name="weight" value="100"/>
	</etcitem>
	<etcitem id="20051" name="Ruthless Tribe Mask Pack">
		<set name="freightable" value="true"/>
		<set name="class" value="OTHER"/>
		<set name="ex_type" value="OTHER_ITEMS"/>
		<set name="crystal_type" value="NONE"/>
		<set name="icon" value="icon.etc_pi_gift_box_i00"/>
		<set name="stackable" value="true"/>
		<set name="type" value="OTHER"/>
		<set name="weight" value="100"/>
	</etcitem>
	<etcitem id="20052" name="Ribbon Hairband Pack">
		<set name="freightable" value="true"/>
		<set name="class" value="OTHER"/>
		<set name="ex_type" value="OTHER_ITEMS"/>
		<set name="crystal_type" value="NONE"/>
		<set name="icon" value="icon.etc_pi_gift_box_i00"/>
		<set name="stackable" value="true"/>
		<set name="type" value="OTHER"/>
		<set name="weight" value="100"/>
	</etcitem>
	<etcitem id="20053" name="Visor Pack">
		<set name="freightable" value="true"/>
		<set name="class" value="OTHER"/>
		<set name="ex_type" value="OTHER_ITEMS"/>
		<set name="crystal_type" value="NONE"/>
		<set name="icon" value="icon.etc_pi_gift_box_i00"/>
		<set name="stackable" value="true"/>
		<set name="type" value="OTHER"/>
		<set name="weight" value="100"/>
	</etcitem>
	<etcitem id="20054" name="My Teleport Spellbook 1-Sheet Pack">
		<set name="freightable" value="true"/>
		<set name="class" value="OTHER"/>
		<set name="ex_type" value="OTHER_ITEMS"/>
		<set name="crystal_type" value="NONE"/>
		<set name="icon" value="icon.etc_pi_gift_box_i00"/>
		<set name="stackable" value="true"/>
		<set name="type" value="OTHER"/>
		<set name="weight" value="100"/>
	</etcitem>
	<etcitem id="20055" name="Extra Entrance Pass - Kamaloka (Hall of the Abyss) 1-Sheet Pack">
		<set name="freightable" value="true"/>
		<set name="class" value="OTHER"/>
		<set name="ex_type" value="OTHER_ITEMS"/>
		<set name="crystal_type" value="NONE"/>
		<set name="icon" value="icon.etc_pi_gift_box_i00"/>
		<set name="stackable" value="true"/>
		<set name="type" value="OTHER"/>
		<set name="weight" value="100"/>
	</etcitem>
	<etcitem id="20056" name="Extra Entrance Pass - Near Kamaloka 1-Sheet Pack">
		<set name="freightable" value="true"/>
		<set name="class" value="OTHER"/>
		<set name="ex_type" value="OTHER_ITEMS"/>
		<set name="crystal_type" value="NONE"/>
		<set name="icon" value="icon.etc_pi_gift_box_i00"/>
		<set name="stackable" value="true"/>
		<set name="type" value="OTHER"/>
		<set name="weight" value="100"/>
	</etcitem>
	<etcitem id="20057" name="Extra Entrance Pass - Kamaloka (Labyrinth of the Abyss) 1-Sheet Pack">
		<set name="freightable" value="true"/>
		<set name="class" value="OTHER"/>
		<set name="ex_type" value="OTHER_ITEMS"/>
		<set name="crystal_type" value="NONE"/>
		<set name="icon" value="icon.etc_pi_gift_box_i00"/>
		<set name="stackable" value="true"/>
		<set name="type" value="OTHER"/>
		<set name="weight" value="100"/>
	</etcitem>
	<etcitem id="20058" name="Light Purple-Maned Horse Bracelet Pack">
		<set name="freightable" value="true"/>
		<set name="class" value="OTHER"/>
		<set name="ex_type" value="OTHER_ITEMS"/>
		<set name="crystal_type" value="NONE"/>
		<set name="dropable" value="false"/>
		<set name="icon" value="icon.etc_pi_gift_box_i00"/>
		<set name="stackable" value="true"/>
		<set name="tradeable" value="false"/>
		<set name="type" value="OTHER"/>
		<set name="weight" value="100"/>
	</etcitem>
	<etcitem id="20059" name="Light Purple Maned Horse Bracelet 30-Day Pack">
		<set name="freightable" value="true"/>
		<set name="class" value="OTHER"/>
		<set name="ex_type" value="OTHER_ITEMS"/>
		<set name="crystal_type" value="NONE"/>
		<set name="dropable" value="false"/>
		<set name="icon" value="icon.etc_pi_gift_box_i00"/>
		<set name="stackable" value="true"/>
		<set name="tradeable" value="false"/>
		<set name="type" value="OTHER"/>
		<set name="weight" value="100"/>
	</etcitem>
	<etcitem id="20060" name="Kat the Cat Hat Pack">
		<set name="freightable" value="true"/>
		<set name="class" value="OTHER"/>
		<set name="ex_type" value="OTHER_ITEMS"/>
		<set name="crystal_type" value="NONE"/>
		<set name="icon" value="icon.etc_pi_gift_box_i00"/>
		<set name="stackable" value="true"/>
		<set name="type" value="OTHER"/>
		<set name="weight" value="100"/>
	</etcitem>
	<etcitem id="20061" name="Skull Hat Pack">
		<set name="freightable" value="true"/>
		<set name="class" value="OTHER"/>
		<set name="ex_type" value="OTHER_ITEMS"/>
		<set name="crystal_type" value="NONE"/>
		<set name="icon" value="icon.etc_pi_gift_box_i00"/>
		<set name="stackable" value="true"/>
		<set name="type" value="OTHER"/>
		<set name="weight" value="100"/>
	</etcitem>
	<etcitem id="20062" name="My Teleport Flag Pack">
		<set name="freightable" value="true"/>
		<set name="class" value="OTHER"/>
		<set name="ex_type" value="OTHER_ITEMS"/>
		<set name="crystal_type" value="NONE"/>
		<set name="icon" value="icon.etc_pi_gift_box_i00"/>
		<set name="stackable" value="true"/>
		<set name="type" value="OTHER"/>
		<set name="weight" value="100"/>
	</etcitem>
	<etcitem id="20069" name="Baby Panda Agathion Pack">
		<set name="freightable" value="true"/>
		<set name="class" value="OTHER"/>
		<set name="ex_type" value="OTHER_ITEMS"/>
		<set name="crystal_type" value="NONE"/>
		<set name="dropable" value="false"/>
		<set name="icon" value="icon.etc_pi_gift_box_i00"/>
		<set name="stackable" value="true"/>
		<set name="tradeable" value="false"/>
		<set name="type" value="OTHER"/>
		<set name="weight" value="100"/>
	</etcitem>
	<etcitem id="20070" name="Bamboo Panda Agathion Pack">
		<set name="freightable" value="true"/>
		<set name="class" value="OTHER"/>
		<set name="ex_type" value="OTHER_ITEMS"/>
		<set name="crystal_type" value="NONE"/>
		<set name="dropable" value="false"/>
		<set name="icon" value="icon.etc_pi_gift_box_i00"/>
		<set name="stackable" value="true"/>
		<set name="tradeable" value="false"/>
		<set name="type" value="OTHER"/>
		<set name="weight" value="100"/>
	</etcitem>
	<etcitem id="20071" name="Sexy Panda Agathion Pack">
		<set name="freightable" value="true"/>
		<set name="class" value="OTHER"/>
		<set name="ex_type" value="OTHER_ITEMS"/>
		<set name="crystal_type" value="NONE"/>
		<set name="dropable" value="false"/>
		<set name="icon" value="icon.etc_pi_gift_box_i00"/>
		<set name="stackable" value="true"/>
		<set name="tradeable" value="false"/>
		<set name="type" value="OTHER"/>
		<set name="weight" value="100"/>
	</etcitem>
	<etcitem id="20072" name="Agathion of Baby Panda 15 Day Pack" add_name="Big Head">
		<set name="freightable" value="true"/>
		<set name="class" value="OTHER"/>
		<set name="ex_type" value="OTHER_ITEMS"/>
		<set name="crystal_type" value="NONE"/>
		<set name="dropable" value="false"/>
		<set name="icon" value="icon.etc_pi_gift_box_i00"/>
		<set name="stackable" value="true"/>
		<set name="tradeable" value="false"/>
		<set name="type" value="OTHER"/>
		<set name="weight" value="100"/>
	</etcitem>
	<etcitem id="20073" name="Bamboo Panda Agathion 15 Day Pack" add_name="Resurrection">
		<set name="freightable" value="true"/>
		<set name="class" value="OTHER"/>
		<set name="ex_type" value="OTHER_ITEMS"/>
		<set name="crystal_type" value="NONE"/>
		<set name="dropable" value="false"/>
		<set name="icon" value="icon.etc_pi_gift_box_i00"/>
		<set name="stackable" value="true"/>
		<set name="tradeable" value="false"/>
		<set name="type" value="OTHER"/>
		<set name="weight" value="100"/>
	</etcitem>
	<etcitem id="20074" name="Agathion of Sexy Panda 15 Day Pack" add_name="Escape">
		<set name="freightable" value="true"/>
		<set name="class" value="OTHER"/>
		<set name="ex_type" value="OTHER_ITEMS"/>
		<set name="crystal_type" value="NONE"/>
		<set name="dropable" value="false"/>
		<set name="icon" value="icon.etc_pi_gift_box_i00"/>
		<set name="stackable" value="true"/>
		<set name="tradeable" value="false"/>
		<set name="type" value="OTHER"/>
		<set name="weight" value="100"/>
	</etcitem>
	<etcitem id="20075" name="Santa Claus' Gift - Joy" add_name="4 Hour Expiration Period">
		<set name="class" value="OTHER"/>
		<set name="ex_type" value="OTHER_ITEMS"/>
		<set name="crystal_type" value="NONE"/>
		<set name="dropable" value="false"/>
		<set name="durability" value="240"/>
		<set name="icon" value="BranchSys.icon.br_xmas_present_joy_i00"/>
		<set name="temporal" value="true"/>
		<set name="tradeable" value="false"/>
		<set name="type" value="OTHER"/>
		<set name="weight" value="10"/>
		<skills>
			<skill id="22011" level="1"/>
		</skills>
		<cond msgId="1508">
			<not>
				<player olympiad="true"/>
			</not>
		</cond>
		<set name="capsuled" value="true"/>
	</etcitem>
	<etcitem id="20076" name="Santa Claus' Gift - Enjoyment" add_name="4 Hour Expiration Period">
		<set name="class" value="OTHER"/>
		<set name="ex_type" value="OTHER_ITEMS"/>
		<set name="crystal_type" value="NONE"/>
		<set name="dropable" value="false"/>
		<set name="durability" value="240"/>
		<set name="icon" value="BranchSys.icon.br_xmas_present_fun_i00"/>
		<set name="temporal" value="true"/>
		<set name="tradeable" value="false"/>
		<set name="type" value="OTHER"/>
		<set name="weight" value="10"/>
		<skills>
			<skill id="22012" level="1"/>
		</skills>
		<cond msgId="1508">
			<not>
				<player olympiad="true"/>
			</not>
		</cond>
		<set name="capsuled" value="true"/>
	</etcitem>
	<etcitem id="20077" name="Santa Claus' Gift - Luck" add_name="4 Hour Expiration Period">
		<set name="class" value="OTHER"/>
		<set name="ex_type" value="OTHER_ITEMS"/>
		<set name="crystal_type" value="NONE"/>
		<set name="dropable" value="false"/>
		<set name="durability" value="240"/>
		<set name="icon" value="BranchSys.icon.br_xmas_present_luck_i00"/>
		<set name="temporal" value="true"/>
		<set name="tradeable" value="false"/>
		<set name="type" value="OTHER"/>
		<set name="weight" value="10"/>
		<skills>
			<skill id="22017" level="1"/>
		</skills>
		<cond msgId="1508">
			<not>
				<player olympiad="true"/>
			</not>
		</cond>
		<set name="capsuled" value="true"/>
	</etcitem>
	<etcitem id="20078" name="Santa Claus' Gift - Luck" add_name="4 Hour Expiration Period">
		<set name="class" value="OTHER"/>
		<set name="ex_type" value="OTHER_ITEMS"/>
		<set name="crystal_type" value="NONE"/>
		<set name="dropable" value="false"/>
		<set name="durability" value="240"/>
		<set name="icon" value="BranchSys.icon.br_xmas_present_luck_i00"/>
		<set name="temporal" value="true"/>
		<set name="tradeable" value="false"/>
		<set name="type" value="OTHER"/>
		<set name="weight" value="10"/>
		<skills>
			<skill id="22018" level="1"/>
		</skills>
		<cond msgId="1508">
			<not>
				<player olympiad="true"/>
			</not>
		</cond>
		<set name="capsuled" value="true"/>
	</etcitem>
	<etcitem id="20079" name="Good Luck Lucky Bag Pack">
		<set name="freightable" value="true"/>
		<set name="class" value="OTHER"/>
		<set name="ex_type" value="OTHER_ITEMS"/>
		<set name="crystal_type" value="NONE"/>
		<set name="dropable" value="false"/>
		<set name="icon" value="BranchSys.icon.br_four_leaf_clover_box_i00"/>
		<set name="stackable" value="true"/>
		<set name="tradeable" value="false"/>
		<set name="type" value="OTHER"/>
		<set name="weight" value="100"/>
	</etcitem>
	<etcitem id="20080" name="Lucky Four-leaf Clover Pack">
		<set name="freightable" value="true"/>
		<set name="class" value="OTHER"/>
		<set name="ex_type" value="OTHER_ITEMS"/>
		<set name="crystal_type" value="NONE"/>
		<set name="dropable" value="false"/>
		<set name="icon" value="BranchSys.icon.br_four_leaf_clover_box_i00"/>
		<set name="stackable" value="true"/>
		<set name="tradeable" value="false"/>
		<set name="type" value="OTHER"/>
		<set name="weight" value="100"/>
	</etcitem>
	<etcitem id="20081" name="Good Luck Lucky Bag">
		<set name="freightable" value="true"/>
		<set name="class" value="OTHER"/>
		<set name="ex_type" value="OTHER_ITEMS"/>
		<set name="crystal_type" value="NONE"/>
		<set name="dropable" value="false"/>
		<set name="icon" value="BranchSys.icon.br_lucky_bag_i00"/>
		<set name="stackable" value="true"/>
		<set name="tradeable" value="false"/>
		<set name="type" value="OTHER"/>
		<set name="weight" value="10"/>
		<skills>
			<skill id="22007" level="1"/>
		</skills>
		<cond msgId="1508">
			<not>
				<player olympiad="true"/>
			</not>
		</cond>
		<set name="capsuled" value="true"/>
	</etcitem>
	<etcitem id="20082" name="Lucky Four-leaf Clover">
		<set name="freightable" value="true"/>
		<set name="class" value="OTHER"/>
		<set name="ex_type" value="OTHER_ITEMS"/>
		<set name="crystal_type" value="NONE"/>
		<set name="dropable" value="false"/>
		<set name="icon" value="BranchSys.icon.br_four_leaf_clover_i00"/>
		<set name="stackable" value="true"/>
		<set name="tradeable" value="false"/>
		<set name="type" value="OTHER"/>
		<set name="weight" value="10"/>
		<skills>
			<skill id="22008" level="1"/>
		</skills>
		<cond msgId="1508">
			<not>
				<player olympiad="true"/>
			</not>
		</cond>
		<set name="capsuled" value="true"/>
	</etcitem>
	<etcitem id="20092" name="Holiday Spirit Pack">
		<set name="freightable" value="true"/>
		<set name="class" value="OTHER"/>
		<set name="ex_type" value="OTHER_ITEMS"/>
		<set name="crystal_type" value="NONE"/>
		<set name="dropable" value="false"/>
		<set name="icon" value="BranchSys.icon.br_four_leaf_clover_box_i00"/>
		<set name="stackable" value="true"/>
		<set name="tradeable" value="false"/>
		<set name="type" value="OTHER"/>
		<set name="weight" value="100"/>
	</etcitem>
	<etcitem id="20093" name="Spirit of the Holiday">
		<set name="freightable" value="true"/>
		<set name="class" value="OTHER"/>
		<set name="ex_type" value="OTHER_ITEMS"/>
		<set name="crystal_type" value="NONE"/>
		<set name="dropable" value="false"/>
		<set name="icon" value="BranchSys.icon.br_xmas_miracle_i00"/>
		<set name="stackable" value="true"/>
		<set name="tradeable" value="false"/>
		<set name="type" value="OTHER"/>
		<set name="weight" value="100"/>
		<skills>
			<skill id="22009" level="1"/>
		</skills>
		<cond msgId="1508">
			<not>
				<player olympiad="true"/>
			</not>
		</cond>
		<set name="capsuled" value="true"/>
	</etcitem>
	<etcitem id="20096" name="Mysterious Formal Dress - Event Pack">
		<set name="class" value="OTHER"/>
		<set name="ex_type" value="OTHER_ITEMS"/>
		<set name="crystal_type" value="NONE"/>
		<set name="dropable" value="false"/>
		<set name="icon" value="BranchSys.icon.br_lucky_bag_box_i00"/>
		<set name="stackable" value="true"/>
		<set name="tradeable" value="false"/>
		<set name="type" value="OTHER"/>
		<set name="weight" value="100"/>
	</etcitem>
	<etcitem id="20097" name="Mysterious Formal Dress - Event Pack">
		<set name="class" value="OTHER"/>
		<set name="ex_type" value="OTHER_ITEMS"/>
		<set name="crystal_type" value="NONE"/>
		<set name="dropable" value="false"/>
		<set name="icon" value="BranchSys.icon.br_mysterious_wedding_i00"/>
		<set name="stackable" value="true"/>
		<set name="tradeable" value="false"/>
		<set name="type" value="OTHER"/>
		<set name="weight" value="10"/>
		<skills>
			<skill id="22010" level="1"/>
		</skills>
		<set name="capsuled" value="true"/>
	</etcitem>
</list>
