<?xml version="1.0" encoding="UTF-8"?>
<!DOCTYPE list SYSTEM "item.dtd">
<list>
	<etcitem id="21400" name="Gold Maned Lion Mounting Bracelet 30-Day Pack" add_name="Event">
		<set name="icon" value="BranchSys.icon.br_four_leaf_clover_box_i00"/>
		<set name="stackable" value="true"/>
		<set name="class" value="OTHER"/>
		<set name="ex_type" value="OTHER_ITEMS"/>
		<set name="crystal_type" value="NONE"/>
		<set name="type" value="OTHER"/>
	</etcitem>
	<etcitem id="21401" name="Gold Maned Lion Mounting Bracelet Pack">
		<set name="icon" value="BranchSys.icon.br_four_leaf_clover_box_i00"/>
		<set name="stackable" value="true"/>
		<set name="class" value="OTHER"/>
		<set name="ex_type" value="OTHER_ITEMS"/>
		<set name="crystal_type" value="NONE"/>
		<set name="type" value="OTHER"/>
	</etcitem>
	<etcitem id="21402" name="Gold Maned Lion Mounting Bracelet Pack" add_name="Event">
		<set name="icon" value="BranchSys.icon.br_four_leaf_clover_box_i00"/>
		<set name="stackable" value="true"/>
		<set name="class" value="OTHER"/>
		<set name="ex_type" value="OTHER_ITEMS"/>
		<set name="crystal_type" value="NONE"/>
		<set name="type" value="OTHER"/>
	</etcitem>
	<etcitem id="21409" name="Jet Bike Mounting Bracelet 7-Day Pack">
		<set name="icon" value="BranchSys.icon.br_four_leaf_clover_box_i00"/>
		<set name="stackable" value="true"/>
		<set name="class" value="OTHER"/>
		<set name="ex_type" value="OTHER_ITEMS"/>
		<set name="crystal_type" value="NONE"/>
		<set name="type" value="OTHER"/>
	</etcitem>
	<etcitem id="21410" name="Jet Bike Mounting Bracelet 7-Day Pack" add_name="Event">
		<set name="icon" value="BranchSys.icon.br_four_leaf_clover_box_i00"/>
		<set name="stackable" value="true"/>
		<set name="class" value="OTHER"/>
		<set name="ex_type" value="OTHER_ITEMS"/>
		<set name="crystal_type" value="NONE"/>
		<set name="type" value="OTHER"/>
	</etcitem>
	<etcitem id="21411" name="Jet Bike Mounting Bracelet 30-Day Pack">
		<set name="icon" value="BranchSys.icon.br_four_leaf_clover_box_i00"/>
		<set name="stackable" value="true"/>
		<set name="class" value="OTHER"/>
		<set name="ex_type" value="OTHER_ITEMS"/>
		<set name="crystal_type" value="NONE"/>
		<set name="type" value="OTHER"/>
	</etcitem>
	<etcitem id="21412" name="Jet Bike Mounting Bracelet 30-Day Pack" add_name="Event">
		<set name="icon" value="BranchSys.icon.br_four_leaf_clover_box_i00"/>
		<set name="stackable" value="true"/>
		<set name="class" value="OTHER"/>
		<set name="ex_type" value="OTHER_ITEMS"/>
		<set name="crystal_type" value="NONE"/>
		<set name="type" value="OTHER"/>
	</etcitem>
	<etcitem id="21413" name="Jet Bike Mounting Bracelet Pack">
		<set name="icon" value="BranchSys.icon.br_four_leaf_clover_box_i00"/>
		<set name="stackable" value="true"/>
		<set name="class" value="OTHER"/>
		<set name="ex_type" value="OTHER_ITEMS"/>
		<set name="crystal_type" value="NONE"/>
		<set name="type" value="OTHER"/>
	</etcitem>
	<etcitem id="21414" name="Jet Bike Mounting Bracelet Pack" add_name="Event">
		<set name="icon" value="BranchSys.icon.br_four_leaf_clover_box_i00"/>
		<set name="stackable" value="true"/>
		<set name="class" value="OTHER"/>
		<set name="ex_type" value="OTHER_ITEMS"/>
		<set name="crystal_type" value="NONE"/>
		<set name="type" value="OTHER"/>
	</etcitem>
	<etcitem id="21421" name="Color Name Pack">
		<set name="icon" value="BranchSys.icon.br_four_leaf_clover_box_i00"/>
		<set name="stackable" value="true"/>
		<set name="class" value="OTHER"/>
		<set name="ex_type" value="OTHER_ITEMS"/>
		<set name="crystal_type" value="NONE"/>
		<set name="type" value="OTHER"/>
	</etcitem>
	<etcitem id="21422" name="Color Name Pack" add_name="Event">
		<set name="icon" value="BranchSys.icon.br_four_leaf_clover_box_i00"/>
		<set name="stackable" value="true"/>
		<set name="class" value="OTHER"/>
		<set name="ex_type" value="OTHER_ITEMS"/>
		<set name="crystal_type" value="NONE"/>
		<set name="type" value="OTHER"/>
	</etcitem>
	<etcitem id="21423" name="Brown Bear Hat 7-Day Pack">
		<set name="icon" value="BranchSys.icon.br_four_leaf_clover_box_i00"/>
		<set name="stackable" value="true"/>
		<set name="class" value="OTHER"/>
		<set name="ex_type" value="OTHER_ITEMS"/>
		<set name="crystal_type" value="NONE"/>
		<set name="type" value="OTHER"/>
	</etcitem>
	<etcitem id="21424" name="Brown Bear Hat 7-Day Pack" add_name="Event">
		<set name="icon" value="BranchSys.icon.br_four_leaf_clover_box_i00"/>
		<set name="stackable" value="true"/>
		<set name="class" value="OTHER"/>
		<set name="ex_type" value="OTHER_ITEMS"/>
		<set name="crystal_type" value="NONE"/>
		<set name="type" value="OTHER"/>
	</etcitem>
	<etcitem id="21425" name="Brown Bear Hat 30-Day Pack">
		<set name="icon" value="BranchSys.icon.br_four_leaf_clover_box_i00"/>
		<set name="stackable" value="true"/>
		<set name="class" value="OTHER"/>
		<set name="ex_type" value="OTHER_ITEMS"/>
		<set name="crystal_type" value="NONE"/>
		<set name="type" value="OTHER"/>
	</etcitem>
	<etcitem id="21426" name="Brown Bear Hat 30-Day Pack" add_name="Event">
		<set name="icon" value="BranchSys.icon.br_four_leaf_clover_box_i00"/>
		<set name="stackable" value="true"/>
		<set name="class" value="OTHER"/>
		<set name="ex_type" value="OTHER_ITEMS"/>
		<set name="crystal_type" value="NONE"/>
		<set name="type" value="OTHER"/>
	</etcitem>
	<etcitem id="21427" name="Brown Bear Hat Pack">
		<set name="icon" value="BranchSys.icon.br_four_leaf_clover_box_i00"/>
		<set name="stackable" value="true"/>
		<set name="class" value="OTHER"/>
		<set name="ex_type" value="OTHER_ITEMS"/>
		<set name="crystal_type" value="NONE"/>
		<set name="type" value="OTHER"/>
	</etcitem>
	<etcitem id="21428" name="Brown Bear Hat Pack" add_name="Event">
		<set name="icon" value="BranchSys.icon.br_four_leaf_clover_box_i00"/>
		<set name="stackable" value="true"/>
		<set name="class" value="OTHER"/>
		<set name="ex_type" value="OTHER_ITEMS"/>
		<set name="crystal_type" value="NONE"/>
		<set name="type" value="OTHER"/>
	</etcitem>
	<etcitem id="21435" name="Chicken Hat 7-Day Pack">
		<set name="icon" value="BranchSys.icon.br_four_leaf_clover_box_i00"/>
		<set name="stackable" value="true"/>
		<set name="class" value="OTHER"/>
		<set name="ex_type" value="OTHER_ITEMS"/>
		<set name="crystal_type" value="NONE"/>
		<set name="type" value="OTHER"/>
	</etcitem>
	<etcitem id="21436" name="Chicken Hat 7-Day Pack" add_name="Event">
		<set name="icon" value="BranchSys.icon.br_four_leaf_clover_box_i00"/>
		<set name="stackable" value="true"/>
		<set name="class" value="OTHER"/>
		<set name="ex_type" value="OTHER_ITEMS"/>
		<set name="crystal_type" value="NONE"/>
		<set name="type" value="OTHER"/>
	</etcitem>
	<etcitem id="21437" name="Chicken Hat 30-Day Pack">
		<set name="icon" value="BranchSys.icon.br_four_leaf_clover_box_i00"/>
		<set name="stackable" value="true"/>
		<set name="class" value="OTHER"/>
		<set name="ex_type" value="OTHER_ITEMS"/>
		<set name="crystal_type" value="NONE"/>
		<set name="type" value="OTHER"/>
	</etcitem>
	<etcitem id="21438" name="Chicken Hat 30-Day Pack" add_name="Event">
		<set name="icon" value="BranchSys.icon.br_four_leaf_clover_box_i00"/>
		<set name="stackable" value="true"/>
		<set name="class" value="OTHER"/>
		<set name="ex_type" value="OTHER_ITEMS"/>
		<set name="crystal_type" value="NONE"/>
		<set name="type" value="OTHER"/>
	</etcitem>
	<etcitem id="21439" name="Chicken Hat Pack">
		<set name="icon" value="BranchSys.icon.br_four_leaf_clover_box_i00"/>
		<set name="stackable" value="true"/>
		<set name="class" value="OTHER"/>
		<set name="ex_type" value="OTHER_ITEMS"/>
		<set name="crystal_type" value="NONE"/>
		<set name="type" value="OTHER"/>
	</etcitem>
	<etcitem id="21440" name="Chicken Hat Pack" add_name="Event">
		<set name="icon" value="BranchSys.icon.br_four_leaf_clover_box_i00"/>
		<set name="stackable" value="true"/>
		<set name="class" value="OTHER"/>
		<set name="ex_type" value="OTHER_ITEMS"/>
		<set name="crystal_type" value="NONE"/>
		<set name="type" value="OTHER"/>
	</etcitem>
	<etcitem id="21447" name="Coronet 7-Day Pack">
		<set name="icon" value="BranchSys.icon.br_four_leaf_clover_box_i00"/>
		<set name="stackable" value="true"/>
		<set name="class" value="OTHER"/>
		<set name="ex_type" value="OTHER_ITEMS"/>
		<set name="crystal_type" value="NONE"/>
		<set name="type" value="OTHER"/>
	</etcitem>
	<etcitem id="21448" name="Coronet 7-Day Pack" add_name="Event">
		<set name="icon" value="BranchSys.icon.br_four_leaf_clover_box_i00"/>
		<set name="stackable" value="true"/>
		<set name="class" value="OTHER"/>
		<set name="ex_type" value="OTHER_ITEMS"/>
		<set name="crystal_type" value="NONE"/>
		<set name="type" value="OTHER"/>
	</etcitem>
	<etcitem id="21449" name="Coronet 30-Day Pack">
		<set name="icon" value="BranchSys.icon.br_four_leaf_clover_box_i00"/>
		<set name="stackable" value="true"/>
		<set name="class" value="OTHER"/>
		<set name="ex_type" value="OTHER_ITEMS"/>
		<set name="crystal_type" value="NONE"/>
		<set name="type" value="OTHER"/>
	</etcitem>
	<etcitem id="21450" name="Coronet 30-Day Pack" add_name="Event">
		<set name="icon" value="BranchSys.icon.br_four_leaf_clover_box_i00"/>
		<set name="stackable" value="true"/>
		<set name="class" value="OTHER"/>
		<set name="ex_type" value="OTHER_ITEMS"/>
		<set name="crystal_type" value="NONE"/>
		<set name="type" value="OTHER"/>
	</etcitem>
	<etcitem id="21451" name="Coronet Pack">
		<set name="icon" value="BranchSys.icon.br_four_leaf_clover_box_i00"/>
		<set name="stackable" value="true"/>
		<set name="class" value="OTHER"/>
		<set name="ex_type" value="OTHER_ITEMS"/>
		<set name="crystal_type" value="NONE"/>
		<set name="type" value="OTHER"/>
	</etcitem>
	<etcitem id="21452" name="Coronet Pack" add_name="Event">
		<set name="icon" value="BranchSys.icon.br_four_leaf_clover_box_i00"/>
		<set name="stackable" value="true"/>
		<set name="class" value="OTHER"/>
		<set name="ex_type" value="OTHER_ITEMS"/>
		<set name="crystal_type" value="NONE"/>
		<set name="type" value="OTHER"/>
	</etcitem>
	<etcitem id="21459" name="White Sheep Hat 7-Day Pack">
		<set name="icon" value="BranchSys.icon.br_four_leaf_clover_box_i00"/>
		<set name="stackable" value="true"/>
		<set name="class" value="OTHER"/>
		<set name="ex_type" value="OTHER_ITEMS"/>
		<set name="crystal_type" value="NONE"/>
		<set name="type" value="OTHER"/>
	</etcitem>
	<etcitem id="21460" name="White Sheep Hat 7-Day Pack" add_name="Event">
		<set name="icon" value="BranchSys.icon.br_four_leaf_clover_box_i00"/>
		<set name="stackable" value="true"/>
		<set name="class" value="OTHER"/>
		<set name="ex_type" value="OTHER_ITEMS"/>
		<set name="crystal_type" value="NONE"/>
		<set name="type" value="OTHER"/>
	</etcitem>
	<etcitem id="21461" name="White Sheep Hat 30-Day Pack">
		<set name="icon" value="BranchSys.icon.br_four_leaf_clover_box_i00"/>
		<set name="stackable" value="true"/>
		<set name="class" value="OTHER"/>
		<set name="ex_type" value="OTHER_ITEMS"/>
		<set name="crystal_type" value="NONE"/>
		<set name="type" value="OTHER"/>
	</etcitem>
	<etcitem id="21462" name="White Sheep Hat 30-Day Pack" add_name="Event">
		<set name="icon" value="BranchSys.icon.br_four_leaf_clover_box_i00"/>
		<set name="stackable" value="true"/>
		<set name="class" value="OTHER"/>
		<set name="ex_type" value="OTHER_ITEMS"/>
		<set name="crystal_type" value="NONE"/>
		<set name="type" value="OTHER"/>
	</etcitem>
	<etcitem id="21463" name="White Sheep Hat Pack">
		<set name="icon" value="BranchSys.icon.br_four_leaf_clover_box_i00"/>
		<set name="stackable" value="true"/>
		<set name="class" value="OTHER"/>
		<set name="ex_type" value="OTHER_ITEMS"/>
		<set name="crystal_type" value="NONE"/>
		<set name="type" value="OTHER"/>
	</etcitem>
	<etcitem id="21464" name="White Sheep Hat Pack" add_name="Event">
		<set name="icon" value="BranchSys.icon.br_four_leaf_clover_box_i00"/>
		<set name="stackable" value="true"/>
		<set name="class" value="OTHER"/>
		<set name="ex_type" value="OTHER_ITEMS"/>
		<set name="crystal_type" value="NONE"/>
		<set name="type" value="OTHER"/>
	</etcitem>
	<etcitem id="21471" name="Frog Hat 7-Day Pack">
		<set name="icon" value="BranchSys.icon.br_four_leaf_clover_box_i00"/>
		<set name="stackable" value="true"/>
		<set name="class" value="OTHER"/>
		<set name="ex_type" value="OTHER_ITEMS"/>
		<set name="crystal_type" value="NONE"/>
		<set name="type" value="OTHER"/>
	</etcitem>
	<etcitem id="21472" name="Frog Hat 7-Day Pack" add_name="Event">
		<set name="icon" value="BranchSys.icon.br_four_leaf_clover_box_i00"/>
		<set name="stackable" value="true"/>
		<set name="class" value="OTHER"/>
		<set name="ex_type" value="OTHER_ITEMS"/>
		<set name="crystal_type" value="NONE"/>
		<set name="type" value="OTHER"/>
	</etcitem>
	<etcitem id="21473" name="Frog Hat 30-Day Pack">
		<set name="icon" value="BranchSys.icon.br_four_leaf_clover_box_i00"/>
		<set name="stackable" value="true"/>
		<set name="class" value="OTHER"/>
		<set name="ex_type" value="OTHER_ITEMS"/>
		<set name="crystal_type" value="NONE"/>
		<set name="type" value="OTHER"/>
	</etcitem>
	<etcitem id="21474" name="Frog Hat 30-Day Pack" add_name="Event">
		<set name="icon" value="BranchSys.icon.br_four_leaf_clover_box_i00"/>
		<set name="stackable" value="true"/>
		<set name="class" value="OTHER"/>
		<set name="ex_type" value="OTHER_ITEMS"/>
		<set name="crystal_type" value="NONE"/>
		<set name="type" value="OTHER"/>
	</etcitem>
	<etcitem id="21475" name="Frog Hat Pack">
		<set name="icon" value="BranchSys.icon.br_four_leaf_clover_box_i00"/>
		<set name="stackable" value="true"/>
		<set name="class" value="OTHER"/>
		<set name="ex_type" value="OTHER_ITEMS"/>
		<set name="crystal_type" value="NONE"/>
		<set name="type" value="OTHER"/>
	</etcitem>
	<etcitem id="21476" name="Frog Hat Pack" add_name="Event">
		<set name="icon" value="BranchSys.icon.br_four_leaf_clover_box_i00"/>
		<set name="stackable" value="true"/>
		<set name="class" value="OTHER"/>
		<set name="ex_type" value="OTHER_ITEMS"/>
		<set name="crystal_type" value="NONE"/>
		<set name="type" value="OTHER"/>
	</etcitem>
	<etcitem id="21483" name="Kat the Cat Hat 7-Day Pack">
		<set name="icon" value="BranchSys.icon.br_four_leaf_clover_box_i00"/>
		<set name="stackable" value="true"/>
		<set name="class" value="OTHER"/>
		<set name="ex_type" value="OTHER_ITEMS"/>
		<set name="crystal_type" value="NONE"/>
		<set name="type" value="OTHER"/>
	</etcitem>
	<etcitem id="21484" name="Kat the Cat Hat 7-Day Pack" add_name="Event">
		<set name="icon" value="BranchSys.icon.br_four_leaf_clover_box_i00"/>
		<set name="stackable" value="true"/>
		<set name="class" value="OTHER"/>
		<set name="ex_type" value="OTHER_ITEMS"/>
		<set name="crystal_type" value="NONE"/>
		<set name="type" value="OTHER"/>
	</etcitem>
	<etcitem id="21485" name="Kat the Cat Hat 30-Day Pack">
		<set name="icon" value="BranchSys.icon.br_four_leaf_clover_box_i00"/>
		<set name="stackable" value="true"/>
		<set name="class" value="OTHER"/>
		<set name="ex_type" value="OTHER_ITEMS"/>
		<set name="crystal_type" value="NONE"/>
		<set name="type" value="OTHER"/>
	</etcitem>
	<etcitem id="21486" name="Kat the Cat Hat 30-Day Pack" add_name="Event">
		<set name="icon" value="BranchSys.icon.br_four_leaf_clover_box_i00"/>
		<set name="stackable" value="true"/>
		<set name="class" value="OTHER"/>
		<set name="ex_type" value="OTHER_ITEMS"/>
		<set name="crystal_type" value="NONE"/>
		<set name="type" value="OTHER"/>
	</etcitem>
	<etcitem id="21487" name="Kat the Cat Hat Pack">
		<set name="icon" value="BranchSys.icon.br_four_leaf_clover_box_i00"/>
		<set name="stackable" value="true"/>
		<set name="class" value="OTHER"/>
		<set name="ex_type" value="OTHER_ITEMS"/>
		<set name="crystal_type" value="NONE"/>
		<set name="type" value="OTHER"/>
	</etcitem>
	<etcitem id="21488" name="Kat the Cat Hat Pack" add_name="Event">
		<set name="icon" value="BranchSys.icon.br_four_leaf_clover_box_i00"/>
		<set name="stackable" value="true"/>
		<set name="class" value="OTHER"/>
		<set name="ex_type" value="OTHER_ITEMS"/>
		<set name="crystal_type" value="NONE"/>
		<set name="type" value="OTHER"/>
	</etcitem>
	<etcitem id="21495" name="Kai the Cat Hat 7-Day Pack">
		<set name="icon" value="BranchSys.icon.br_four_leaf_clover_box_i00"/>
		<set name="stackable" value="true"/>
		<set name="class" value="OTHER"/>
		<set name="ex_type" value="OTHER_ITEMS"/>
		<set name="crystal_type" value="NONE"/>
		<set name="type" value="OTHER"/>
	</etcitem>
	<etcitem id="21496" name="Kai the Cat Hat 7-Day Pack" add_name="Event">
		<set name="icon" value="BranchSys.icon.br_four_leaf_clover_box_i00"/>
		<set name="stackable" value="true"/>
		<set name="class" value="OTHER"/>
		<set name="ex_type" value="OTHER_ITEMS"/>
		<set name="crystal_type" value="NONE"/>
		<set name="type" value="OTHER"/>
	</etcitem>
	<etcitem id="21497" name="Kai the Cat Hat 30-Day Pack">
		<set name="icon" value="BranchSys.icon.br_four_leaf_clover_box_i00"/>
		<set name="stackable" value="true"/>
		<set name="class" value="OTHER"/>
		<set name="ex_type" value="OTHER_ITEMS"/>
		<set name="crystal_type" value="NONE"/>
		<set name="type" value="OTHER"/>
	</etcitem>
	<etcitem id="21498" name="Kai the Cat Hat 30-Day Pack" add_name="Event">
		<set name="icon" value="BranchSys.icon.br_four_leaf_clover_box_i00"/>
		<set name="stackable" value="true"/>
		<set name="class" value="OTHER"/>
		<set name="ex_type" value="OTHER_ITEMS"/>
		<set name="crystal_type" value="NONE"/>
		<set name="type" value="OTHER"/>
	</etcitem>
	<etcitem id="21499" name="Kai the Cat Hat Pack">
		<set name="icon" value="BranchSys.icon.br_four_leaf_clover_box_i00"/>
		<set name="stackable" value="true"/>
		<set name="class" value="OTHER"/>
		<set name="ex_type" value="OTHER_ITEMS"/>
		<set name="crystal_type" value="NONE"/>
		<set name="type" value="OTHER"/>
	</etcitem>
</list>
