<?xml version="1.0" encoding="UTF-8"?>
<!DOCTYPE list SYSTEM "item.dtd">
<list>
	<etcitem id="21500" name="Kai the Cat Hat Pack" add_name="Event">
		<set name="icon" value="BranchSys.icon.br_four_leaf_clover_box_i00"/>
		<set name="stackable" value="true"/>
		<set name="class" value="OTHER"/>
		<set name="ex_type" value="OTHER_ITEMS"/>
		<set name="crystal_type" value="NONE"/>
		<set name="type" value="OTHER"/>
	</etcitem>
	<etcitem id="21507" name="Feline Queen Hat 7-Day Pack">
		<set name="icon" value="BranchSys.icon.br_four_leaf_clover_box_i00"/>
		<set name="stackable" value="true"/>
		<set name="class" value="OTHER"/>
		<set name="ex_type" value="OTHER_ITEMS"/>
		<set name="crystal_type" value="NONE"/>
		<set name="type" value="OTHER"/>
	</etcitem>
	<etcitem id="21508" name="Feline Queen Hat 7-Day Pack" add_name="Event">
		<set name="icon" value="BranchSys.icon.br_four_leaf_clover_box_i00"/>
		<set name="stackable" value="true"/>
		<set name="class" value="OTHER"/>
		<set name="ex_type" value="OTHER_ITEMS"/>
		<set name="crystal_type" value="NONE"/>
		<set name="type" value="OTHER"/>
	</etcitem>
	<etcitem id="21509" name="Feline Queen Hat 30-Day Pack">
		<set name="icon" value="BranchSys.icon.br_four_leaf_clover_box_i00"/>
		<set name="stackable" value="true"/>
		<set name="class" value="OTHER"/>
		<set name="ex_type" value="OTHER_ITEMS"/>
		<set name="crystal_type" value="NONE"/>
		<set name="type" value="OTHER"/>
	</etcitem>
	<etcitem id="21510" name="Feline Queen Hat 30-Day Pack" add_name="Event">
		<set name="icon" value="BranchSys.icon.br_four_leaf_clover_box_i00"/>
		<set name="stackable" value="true"/>
		<set name="class" value="OTHER"/>
		<set name="ex_type" value="OTHER_ITEMS"/>
		<set name="crystal_type" value="NONE"/>
		<set name="type" value="OTHER"/>
	</etcitem>
	<etcitem id="21511" name="Feline Queen Hat Pack">
		<set name="icon" value="BranchSys.icon.br_four_leaf_clover_box_i00"/>
		<set name="stackable" value="true"/>
		<set name="class" value="OTHER"/>
		<set name="ex_type" value="OTHER_ITEMS"/>
		<set name="crystal_type" value="NONE"/>
		<set name="type" value="OTHER"/>
	</etcitem>
	<etcitem id="21512" name="Feline Queen Hat Pack" add_name="Event">
		<set name="icon" value="BranchSys.icon.br_four_leaf_clover_box_i00"/>
		<set name="stackable" value="true"/>
		<set name="class" value="OTHER"/>
		<set name="ex_type" value="OTHER_ITEMS"/>
		<set name="crystal_type" value="NONE"/>
		<set name="type" value="OTHER"/>
	</etcitem>
	<etcitem id="21519" name="Feline King Hat 7-Day Pack">
		<set name="icon" value="BranchSys.icon.br_four_leaf_clover_box_i00"/>
		<set name="stackable" value="true"/>
		<set name="class" value="OTHER"/>
		<set name="ex_type" value="OTHER_ITEMS"/>
		<set name="crystal_type" value="NONE"/>
		<set name="type" value="OTHER"/>
	</etcitem>
	<etcitem id="21520" name="Feline King Hat 7-Day Pack" add_name="Event">
		<set name="icon" value="BranchSys.icon.br_four_leaf_clover_box_i00"/>
		<set name="stackable" value="true"/>
		<set name="class" value="OTHER"/>
		<set name="ex_type" value="OTHER_ITEMS"/>
		<set name="crystal_type" value="NONE"/>
		<set name="type" value="OTHER"/>
	</etcitem>
	<etcitem id="21521" name="Feline King Hat 30-Day Pack">
		<set name="icon" value="BranchSys.icon.br_four_leaf_clover_box_i00"/>
		<set name="stackable" value="true"/>
		<set name="class" value="OTHER"/>
		<set name="ex_type" value="OTHER_ITEMS"/>
		<set name="crystal_type" value="NONE"/>
		<set name="type" value="OTHER"/>
	</etcitem>
	<etcitem id="21522" name="Feline King Hat 30-Day Pack" add_name="Event">
		<set name="icon" value="BranchSys.icon.br_four_leaf_clover_box_i00"/>
		<set name="stackable" value="true"/>
		<set name="class" value="OTHER"/>
		<set name="ex_type" value="OTHER_ITEMS"/>
		<set name="crystal_type" value="NONE"/>
		<set name="type" value="OTHER"/>
	</etcitem>
	<etcitem id="21523" name="Feline King Hat Pack">
		<set name="icon" value="BranchSys.icon.br_four_leaf_clover_box_i00"/>
		<set name="stackable" value="true"/>
		<set name="class" value="OTHER"/>
		<set name="ex_type" value="OTHER_ITEMS"/>
		<set name="crystal_type" value="NONE"/>
		<set name="type" value="OTHER"/>
	</etcitem>
	<etcitem id="21524" name="Feline King Hat Pack" add_name="Event">
		<set name="icon" value="BranchSys.icon.br_four_leaf_clover_box_i00"/>
		<set name="stackable" value="true"/>
		<set name="class" value="OTHER"/>
		<set name="ex_type" value="OTHER_ITEMS"/>
		<set name="crystal_type" value="NONE"/>
		<set name="type" value="OTHER"/>
	</etcitem>
	<etcitem id="21531" name="Ribbon Hairband 7-Day Pack">
		<set name="icon" value="BranchSys.icon.br_four_leaf_clover_box_i00"/>
		<set name="stackable" value="true"/>
		<set name="class" value="OTHER"/>
		<set name="ex_type" value="OTHER_ITEMS"/>
		<set name="crystal_type" value="NONE"/>
		<set name="type" value="OTHER"/>
	</etcitem>
	<etcitem id="21532" name="Ribbon Hairband 7-Day Pack" add_name="Event">
		<set name="icon" value="BranchSys.icon.br_four_leaf_clover_box_i00"/>
		<set name="stackable" value="true"/>
		<set name="class" value="OTHER"/>
		<set name="ex_type" value="OTHER_ITEMS"/>
		<set name="crystal_type" value="NONE"/>
		<set name="type" value="OTHER"/>
	</etcitem>
	<etcitem id="21533" name="Ribbon Hairband 30-Day Pack">
		<set name="icon" value="BranchSys.icon.br_four_leaf_clover_box_i00"/>
		<set name="stackable" value="true"/>
		<set name="class" value="OTHER"/>
		<set name="ex_type" value="OTHER_ITEMS"/>
		<set name="crystal_type" value="NONE"/>
		<set name="type" value="OTHER"/>
	</etcitem>
	<etcitem id="21534" name="Ribbon Hairband 30-Day Pack" add_name="Event">
		<set name="icon" value="BranchSys.icon.br_four_leaf_clover_box_i00"/>
		<set name="stackable" value="true"/>
		<set name="class" value="OTHER"/>
		<set name="ex_type" value="OTHER_ITEMS"/>
		<set name="crystal_type" value="NONE"/>
		<set name="type" value="OTHER"/>
	</etcitem>
	<etcitem id="21535" name="Ribbon Hairband Pack">
		<set name="icon" value="BranchSys.icon.br_four_leaf_clover_box_i00"/>
		<set name="stackable" value="true"/>
		<set name="class" value="OTHER"/>
		<set name="ex_type" value="OTHER_ITEMS"/>
		<set name="crystal_type" value="NONE"/>
		<set name="type" value="OTHER"/>
	</etcitem>
	<etcitem id="21536" name="Ribbon Hairband Pack" add_name="Event">
		<set name="icon" value="BranchSys.icon.br_four_leaf_clover_box_i00"/>
		<set name="stackable" value="true"/>
		<set name="class" value="OTHER"/>
		<set name="ex_type" value="OTHER_ITEMS"/>
		<set name="crystal_type" value="NONE"/>
		<set name="type" value="OTHER"/>
	</etcitem>
	<etcitem id="21543" name="Refined Dapper Cap 7-Day Pack">
		<set name="icon" value="BranchSys.icon.br_four_leaf_clover_box_i00"/>
		<set name="stackable" value="true"/>
		<set name="class" value="OTHER"/>
		<set name="ex_type" value="OTHER_ITEMS"/>
		<set name="crystal_type" value="NONE"/>
		<set name="type" value="OTHER"/>
	</etcitem>
	<etcitem id="21544" name="Refined Dapper Cap 7-Day Pack" add_name="Event">
		<set name="icon" value="BranchSys.icon.br_four_leaf_clover_box_i00"/>
		<set name="stackable" value="true"/>
		<set name="class" value="OTHER"/>
		<set name="ex_type" value="OTHER_ITEMS"/>
		<set name="crystal_type" value="NONE"/>
		<set name="type" value="OTHER"/>
	</etcitem>
	<etcitem id="21545" name="Refined Dapper Cap 30-Day Pack">
		<set name="icon" value="BranchSys.icon.br_four_leaf_clover_box_i00"/>
		<set name="stackable" value="true"/>
		<set name="class" value="OTHER"/>
		<set name="ex_type" value="OTHER_ITEMS"/>
		<set name="crystal_type" value="NONE"/>
		<set name="type" value="OTHER"/>
	</etcitem>
	<etcitem id="21546" name="Refined Dapper Cap 30-Day Pack" add_name="Event">
		<set name="icon" value="BranchSys.icon.br_four_leaf_clover_box_i00"/>
		<set name="stackable" value="true"/>
		<set name="class" value="OTHER"/>
		<set name="ex_type" value="OTHER_ITEMS"/>
		<set name="crystal_type" value="NONE"/>
		<set name="type" value="OTHER"/>
	</etcitem>
	<etcitem id="21547" name="Refined Dapper Cap Pack">
		<set name="icon" value="BranchSys.icon.br_four_leaf_clover_box_i00"/>
		<set name="stackable" value="true"/>
		<set name="class" value="OTHER"/>
		<set name="ex_type" value="OTHER_ITEMS"/>
		<set name="crystal_type" value="NONE"/>
		<set name="type" value="OTHER"/>
	</etcitem>
	<etcitem id="21548" name="Refined Dapper Cap Pack" add_name="Event">
		<set name="icon" value="BranchSys.icon.br_four_leaf_clover_box_i00"/>
		<set name="stackable" value="true"/>
		<set name="class" value="OTHER"/>
		<set name="ex_type" value="OTHER_ITEMS"/>
		<set name="crystal_type" value="NONE"/>
		<set name="type" value="OTHER"/>
	</etcitem>
	<etcitem id="21555" name="Valkyrie Circlet 7-Day Pack">
		<set name="icon" value="BranchSys.icon.br_four_leaf_clover_box_i00"/>
		<set name="stackable" value="true"/>
		<set name="class" value="OTHER"/>
		<set name="ex_type" value="OTHER_ITEMS"/>
		<set name="crystal_type" value="NONE"/>
		<set name="type" value="OTHER"/>
	</etcitem>
	<etcitem id="21556" name="Valkyrie Circlet 7-Day Pack" add_name="Event">
		<set name="icon" value="BranchSys.icon.br_four_leaf_clover_box_i00"/>
		<set name="stackable" value="true"/>
		<set name="class" value="OTHER"/>
		<set name="ex_type" value="OTHER_ITEMS"/>
		<set name="crystal_type" value="NONE"/>
		<set name="type" value="OTHER"/>
	</etcitem>
	<etcitem id="21557" name="Valkyrie Circlet 30-Day Pack">
		<set name="icon" value="BranchSys.icon.br_four_leaf_clover_box_i00"/>
		<set name="stackable" value="true"/>
		<set name="class" value="OTHER"/>
		<set name="ex_type" value="OTHER_ITEMS"/>
		<set name="crystal_type" value="NONE"/>
		<set name="type" value="OTHER"/>
	</etcitem>
	<etcitem id="21558" name="Valkyrie Circlet 30-Day Pack" add_name="Event">
		<set name="icon" value="BranchSys.icon.br_four_leaf_clover_box_i00"/>
		<set name="stackable" value="true"/>
		<set name="class" value="OTHER"/>
		<set name="ex_type" value="OTHER_ITEMS"/>
		<set name="crystal_type" value="NONE"/>
		<set name="type" value="OTHER"/>
	</etcitem>
	<etcitem id="21559" name="Valkyrie Circlet Pack">
		<set name="icon" value="BranchSys.icon.br_four_leaf_clover_box_i00"/>
		<set name="stackable" value="true"/>
		<set name="class" value="OTHER"/>
		<set name="ex_type" value="OTHER_ITEMS"/>
		<set name="crystal_type" value="NONE"/>
		<set name="type" value="OTHER"/>
	</etcitem>
	<etcitem id="21560" name="Valkyrie Circlet Pack" add_name="Event">
		<set name="icon" value="BranchSys.icon.br_four_leaf_clover_box_i00"/>
		<set name="stackable" value="true"/>
		<set name="class" value="OTHER"/>
		<set name="ex_type" value="OTHER_ITEMS"/>
		<set name="crystal_type" value="NONE"/>
		<set name="type" value="OTHER"/>
	</etcitem>
	<etcitem id="21567" name="Plastic Hair 7-Day Pack">
		<set name="icon" value="BranchSys.icon.br_four_leaf_clover_box_i00"/>
		<set name="stackable" value="true"/>
		<set name="class" value="OTHER"/>
		<set name="ex_type" value="OTHER_ITEMS"/>
		<set name="crystal_type" value="NONE"/>
		<set name="type" value="OTHER"/>
	</etcitem>
	<etcitem id="21568" name="Plastic Hair 7-Day Pack" add_name="Event">
		<set name="icon" value="BranchSys.icon.br_four_leaf_clover_box_i00"/>
		<set name="stackable" value="true"/>
		<set name="class" value="OTHER"/>
		<set name="ex_type" value="OTHER_ITEMS"/>
		<set name="crystal_type" value="NONE"/>
		<set name="type" value="OTHER"/>
	</etcitem>
	<etcitem id="21569" name="Plastic Hair 30-Day Pack">
		<set name="icon" value="BranchSys.icon.br_four_leaf_clover_box_i00"/>
		<set name="stackable" value="true"/>
		<set name="class" value="OTHER"/>
		<set name="ex_type" value="OTHER_ITEMS"/>
		<set name="crystal_type" value="NONE"/>
		<set name="type" value="OTHER"/>
	</etcitem>
	<etcitem id="21570" name="Plastic Hair 30-Day Pack" add_name="Event">
		<set name="icon" value="BranchSys.icon.br_four_leaf_clover_box_i00"/>
		<set name="stackable" value="true"/>
		<set name="class" value="OTHER"/>
		<set name="ex_type" value="OTHER_ITEMS"/>
		<set name="crystal_type" value="NONE"/>
		<set name="type" value="OTHER"/>
	</etcitem>
	<etcitem id="21571" name="Plastic Hair Pack">
		<set name="icon" value="BranchSys.icon.br_four_leaf_clover_box_i00"/>
		<set name="stackable" value="true"/>
		<set name="class" value="OTHER"/>
		<set name="ex_type" value="OTHER_ITEMS"/>
		<set name="crystal_type" value="NONE"/>
		<set name="type" value="OTHER"/>
	</etcitem>
	<etcitem id="21572" name="Plastic Hair Pack" add_name="Event">
		<set name="icon" value="BranchSys.icon.br_four_leaf_clover_box_i00"/>
		<set name="stackable" value="true"/>
		<set name="class" value="OTHER"/>
		<set name="ex_type" value="OTHER_ITEMS"/>
		<set name="crystal_type" value="NONE"/>
		<set name="type" value="OTHER"/>
	</etcitem>
	<etcitem id="21579" name="Neolithic Crystal - S84">
		<set name="icon" value="BranchSys2.icon.etc_warding_orb_gold_i00"/>
		<set name="weight" value="20"/>
		<set name="stackable" value="true"/>
		<set name="class" value="OTHER"/>
		<set name="ex_type" value="OTHER_ITEMS"/>
		<set name="crystal_type" value="NONE"/>
		<set name="type" value="OTHER"/>
	</etcitem>
	<etcitem id="21581" name="Olf's T-shirt Enchant Scroll">
		<set name="icon" value="BranchSys2.icon.etc_scroll_of_enchant_shirt_i01"/>
		<set name="weight" value="120"/>
		<set name="stackable" value="true"/>
		<set name="class" value="OTHER"/>
		<set name="ex_type" value="OTHER_ITEMS"/>
		<set name="crystal_type" value="NONE"/>
		<set name="type" value="OTHER"/>
	</etcitem>
	<etcitem id="21582" name="Blessed Olf's T-shirt Enchant Scroll">
		<set name="icon" value="BranchSys2.icon.etc_scroll_of_enchant_shirt_i00"/>
		<set name="weight" value="120"/>
		<set name="stackable" value="true"/>
		<set name="class" value="OTHER"/>
		<set name="ex_type" value="OTHER_ITEMS"/>
		<set name="crystal_type" value="NONE"/>
		<set name="type" value="OTHER"/>
	</etcitem>
	<etcitem id="21584" name="Festival's Cloak - True Black Pack">
		<set name="icon" value="BranchSys.icon.br_four_leaf_clover_box_i00"/>
		<set name="stackable" value="true"/>
		<set name="class" value="OTHER"/>
		<set name="ex_type" value="OTHER_ITEMS"/>
		<set name="crystal_type" value="NONE"/>
		<set name="type" value="OTHER"/>
	</etcitem>
	<etcitem id="21586" name="Festival's Cloak - True Black Pack" add_name="Event">
		<set name="icon" value="BranchSys.icon.br_four_leaf_clover_box_i00"/>
		<set name="stackable" value="true"/>
		<set name="class" value="OTHER"/>
		<set name="ex_type" value="OTHER_ITEMS"/>
		<set name="crystal_type" value="NONE"/>
		<set name="type" value="OTHER"/>
	</etcitem>
	<etcitem id="21589" name="Festival's Cloak - Pearl White Pack">
		<set name="icon" value="BranchSys.icon.br_four_leaf_clover_box_i00"/>
		<set name="stackable" value="true"/>
		<set name="class" value="OTHER"/>
		<set name="ex_type" value="OTHER_ITEMS"/>
		<set name="crystal_type" value="NONE"/>
		<set name="type" value="OTHER"/>
	</etcitem>
	<etcitem id="21591" name="Festival's Cloak - Pearl White Pack" add_name="Event">
		<set name="icon" value="BranchSys.icon.br_four_leaf_clover_box_i00"/>
		<set name="stackable" value="true"/>
		<set name="class" value="OTHER"/>
		<set name="ex_type" value="OTHER_ITEMS"/>
		<set name="crystal_type" value="NONE"/>
		<set name="type" value="OTHER"/>
	</etcitem>
	<etcitem id="21592" name="Magic Defense Accessory 5 Type Pack">
		<set name="icon" value="BranchSys.icon.br_four_leaf_clover_box_i00"/>
		<set name="stackable" value="true"/>
		<set name="class" value="OTHER"/>
		<set name="ex_type" value="OTHER_ITEMS"/>
		<set name="crystal_type" value="NONE"/>
		<set name="type" value="OTHER"/>
	</etcitem>
	<etcitem id="21593" name="Ziggo's Jewel">
		<set name="icon" value="icon.etc_jewel_red_i00"/>
		<set name="stackable" value="true"/>
		<set name="class" value="OTHER"/>
		<set name="ex_type" value="OTHER_ITEMS"/>
		<set name="crystal_type" value="NONE"/>
		<set name="type" value="OTHER"/>
	</etcitem>
	<etcitem id="21595" name="Birthday Cake">
		<set name="icon" value="BranchSys.icon.br_birthday_cake_i00"/>
		<set name="weight" value="10"/>
		<set name="stackable" value="true"/>
		<set name="class" value="OTHER"/>
		<set name="ex_type" value="OTHER_ITEMS"/>
		<set name="crystal_type" value="NONE"/>
		<set name="type" value="OTHER"/>
		<set name="sellable" value="false"/>
		<set name="tradeable" value="false"/>
		<set name="dropable" value="false"/>
		<set name="reuse_delay" value="3600000"/>
		<skills>
			<skill id="22035" level="1"/>
		</skills>
		<cond msgId="1508">
			<not>
				<player olympiad="true"/>
			</not>
		</cond>
	</etcitem>
	<etcitem id="21596" name="Blessing Package 100">
		<set name="icon" value="icon.etc_pi_gift_box_i04"/>
		<set name="stackable" value="true"/>
		<set name="class" value="OTHER"/>
		<set name="ex_type" value="OTHER_ITEMS"/>
		<set name="crystal_type" value="NONE"/>
		<set name="type" value="OTHER"/>
	</etcitem>
	<etcitem id="21597" name="Hunting Package 100">
		<set name="icon" value="icon.etc_pi_gift_box_i04"/>
		<set name="stackable" value="true"/>
		<set name="class" value="OTHER"/>
		<set name="ex_type" value="OTHER_ITEMS"/>
		<set name="crystal_type" value="NONE"/>
		<set name="type" value="OTHER"/>
	</etcitem>
	<etcitem id="21598" name="Blessing Package 200">
		<set name="icon" value="icon.etc_pi_gift_box_i04"/>
		<set name="stackable" value="true"/>
		<set name="class" value="OTHER"/>
		<set name="ex_type" value="OTHER_ITEMS"/>
		<set name="crystal_type" value="NONE"/>
		<set name="type" value="OTHER"/>
	</etcitem>
	<etcitem id="21599" name="Hunting Package 200">
		<set name="icon" value="icon.etc_pi_gift_box_i04"/>
		<set name="stackable" value="true"/>
		<set name="class" value="OTHER"/>
		<set name="ex_type" value="OTHER_ITEMS"/>
		<set name="crystal_type" value="NONE"/>
		<set name="type" value="OTHER"/>
	</etcitem>
</list>
