<?xml version="1.0" encoding="UTF-8"?>
<!DOCTYPE list SYSTEM "item.dtd">
<list>
	<etcitem id="21600" name="Standard Package 300">
		<set name="icon" value="icon.etc_pi_gift_box_i04"/>
		<set name="stackable" value="true"/>
		<set name="class" value="OTHER"/>
		<set name="ex_type" value="OTHER_ITEMS"/>
		<set name="crystal_type" value="NONE"/>
		<set name="type" value="OTHER"/>
	</etcitem>
	<etcitem id="21601" name="Rune of Experience Points 30% 5-Hour Pack">
		<set name="freightable" value="true"/>
		<set name="icon" value="BranchSys.icon.br_four_leaf_clover_box_i00"/>
		<set name="weight" value="100"/>
		<set name="stackable" value="true"/>
		<set name="class" value="OTHER"/>
		<set name="ex_type" value="OTHER_ITEMS"/>
		<set name="crystal_type" value="NONE"/>
		<set name="type" value="OTHER"/>
	</etcitem>
	<etcitem id="21602" name="Rune of Experience Points 50% 5-Hour Pack">
		<set name="freightable" value="true"/>
		<set name="icon" value="BranchSys.icon.br_four_leaf_clover_box_i00"/>
		<set name="weight" value="100"/>
		<set name="stackable" value="true"/>
		<set name="class" value="OTHER"/>
		<set name="ex_type" value="OTHER_ITEMS"/>
		<set name="crystal_type" value="NONE"/>
		<set name="type" value="OTHER"/>
	</etcitem>
	<etcitem id="21603" name="Rune of Experience Points 30% 10-Hour Pack">
		<set name="freightable" value="true"/>
		<set name="icon" value="BranchSys.icon.br_four_leaf_clover_box_i00"/>
		<set name="weight" value="100"/>
		<set name="stackable" value="true"/>
		<set name="class" value="OTHER"/>
		<set name="ex_type" value="OTHER_ITEMS"/>
		<set name="crystal_type" value="NONE"/>
		<set name="type" value="OTHER"/>
	</etcitem>
	<etcitem id="21604" name="Rune of Experience Points 50% 10-Hour Pack">
		<set name="freightable" value="true"/>
		<set name="icon" value="BranchSys.icon.br_four_leaf_clover_box_i00"/>
		<set name="weight" value="100"/>
		<set name="stackable" value="true"/>
		<set name="class" value="OTHER"/>
		<set name="ex_type" value="OTHER_ITEMS"/>
		<set name="crystal_type" value="NONE"/>
		<set name="type" value="OTHER"/>
	</etcitem>
	<etcitem id="21605" name="Rune of Experience Points 30% 7-Day Pack">
		<set name="freightable" value="true"/>
		<set name="icon" value="BranchSys.icon.br_four_leaf_clover_box_i00"/>
		<set name="weight" value="100"/>
		<set name="stackable" value="true"/>
		<set name="class" value="OTHER"/>
		<set name="ex_type" value="OTHER_ITEMS"/>
		<set name="crystal_type" value="NONE"/>
		<set name="type" value="OTHER"/>
	</etcitem>
	<etcitem id="21606" name="Rune of Experience Points 50% 7-Day Pack">
		<set name="freightable" value="true"/>
		<set name="icon" value="BranchSys.icon.br_four_leaf_clover_box_i00"/>
		<set name="weight" value="100"/>
		<set name="stackable" value="true"/>
		<set name="class" value="OTHER"/>
		<set name="ex_type" value="OTHER_ITEMS"/>
		<set name="crystal_type" value="NONE"/>
		<set name="type" value="OTHER"/>
	</etcitem>
	<etcitem id="21607" name="Rune of SP 30% 5-Hour Pack">
		<set name="freightable" value="true"/>
		<set name="icon" value="BranchSys.icon.br_four_leaf_clover_box_i00"/>
		<set name="weight" value="100"/>
		<set name="stackable" value="true"/>
		<set name="class" value="OTHER"/>
		<set name="ex_type" value="OTHER_ITEMS"/>
		<set name="crystal_type" value="NONE"/>
		<set name="type" value="OTHER"/>
	</etcitem>
	<etcitem id="21608" name="Rune of SP 50% 5-Hour Pack">
		<set name="freightable" value="true"/>
		<set name="icon" value="BranchSys.icon.br_four_leaf_clover_box_i00"/>
		<set name="weight" value="100"/>
		<set name="stackable" value="true"/>
		<set name="class" value="OTHER"/>
		<set name="ex_type" value="OTHER_ITEMS"/>
		<set name="crystal_type" value="NONE"/>
		<set name="type" value="OTHER"/>
	</etcitem>
	<etcitem id="21609" name="Rune of SP 30% 10-Hour Pack">
		<set name="freightable" value="true"/>
		<set name="icon" value="BranchSys.icon.br_four_leaf_clover_box_i00"/>
		<set name="weight" value="100"/>
		<set name="stackable" value="true"/>
		<set name="class" value="OTHER"/>
		<set name="ex_type" value="OTHER_ITEMS"/>
		<set name="crystal_type" value="NONE"/>
		<set name="type" value="OTHER"/>
	</etcitem>
	<etcitem id="21610" name="Rune of SP 50% 10-Hour Pack">
		<set name="freightable" value="true"/>
		<set name="icon" value="BranchSys.icon.br_four_leaf_clover_box_i00"/>
		<set name="weight" value="100"/>
		<set name="stackable" value="true"/>
		<set name="class" value="OTHER"/>
		<set name="ex_type" value="OTHER_ITEMS"/>
		<set name="crystal_type" value="NONE"/>
		<set name="type" value="OTHER"/>
	</etcitem>
	<etcitem id="21611" name="Rune of SP 30% 7-Day Pack">
		<set name="freightable" value="true"/>
		<set name="icon" value="BranchSys.icon.br_four_leaf_clover_box_i00"/>
		<set name="weight" value="100"/>
		<set name="stackable" value="true"/>
		<set name="class" value="OTHER"/>
		<set name="ex_type" value="OTHER_ITEMS"/>
		<set name="crystal_type" value="NONE"/>
		<set name="type" value="OTHER"/>
	</etcitem>
	<etcitem id="21612" name="Rune of SP 50% 7-Day Pack">
		<set name="freightable" value="true"/>
		<set name="icon" value="BranchSys.icon.br_four_leaf_clover_box_i00"/>
		<set name="weight" value="100"/>
		<set name="stackable" value="true"/>
		<set name="class" value="OTHER"/>
		<set name="ex_type" value="OTHER_ITEMS"/>
		<set name="crystal_type" value="NONE"/>
		<set name="type" value="OTHER"/>
	</etcitem>
	<etcitem id="21613" name="Rune of Crystal Level 3 5-Hour Pack">
		<set name="freightable" value="true"/>
		<set name="icon" value="BranchSys.icon.br_four_leaf_clover_box_i00"/>
		<set name="weight" value="100"/>
		<set name="stackable" value="true"/>
		<set name="class" value="OTHER"/>
		<set name="ex_type" value="OTHER_ITEMS"/>
		<set name="crystal_type" value="NONE"/>
		<set name="type" value="OTHER"/>
	</etcitem>
	<etcitem id="21614" name="Rune of Crystal Level 5 5-Hour Pack">
		<set name="freightable" value="true"/>
		<set name="icon" value="BranchSys.icon.br_four_leaf_clover_box_i00"/>
		<set name="weight" value="100"/>
		<set name="stackable" value="true"/>
		<set name="class" value="OTHER"/>
		<set name="ex_type" value="OTHER_ITEMS"/>
		<set name="crystal_type" value="NONE"/>
		<set name="type" value="OTHER"/>
	</etcitem>
	<etcitem id="21615" name="Rune of Crystal Level 3 10-Hour Pack">
		<set name="freightable" value="true"/>
		<set name="icon" value="BranchSys.icon.br_four_leaf_clover_box_i00"/>
		<set name="weight" value="100"/>
		<set name="stackable" value="true"/>
		<set name="class" value="OTHER"/>
		<set name="ex_type" value="OTHER_ITEMS"/>
		<set name="crystal_type" value="NONE"/>
		<set name="type" value="OTHER"/>
	</etcitem>
	<etcitem id="21616" name="Rune of Crystal Level 5 10-Hour Pack">
		<set name="freightable" value="true"/>
		<set name="icon" value="BranchSys.icon.br_four_leaf_clover_box_i00"/>
		<set name="weight" value="100"/>
		<set name="stackable" value="true"/>
		<set name="class" value="OTHER"/>
		<set name="ex_type" value="OTHER_ITEMS"/>
		<set name="crystal_type" value="NONE"/>
		<set name="type" value="OTHER"/>
	</etcitem>
	<etcitem id="21617" name="Rune of Crystal Level 3 7-Day Pack">
		<set name="freightable" value="true"/>
		<set name="icon" value="BranchSys.icon.br_four_leaf_clover_box_i00"/>
		<set name="weight" value="100"/>
		<set name="stackable" value="true"/>
		<set name="class" value="OTHER"/>
		<set name="ex_type" value="OTHER_ITEMS"/>
		<set name="crystal_type" value="NONE"/>
		<set name="type" value="OTHER"/>
	</etcitem>
	<etcitem id="21618" name="Rune of Crystal Level 5 7-Day Pack">
		<set name="freightable" value="true"/>
		<set name="icon" value="BranchSys.icon.br_four_leaf_clover_box_i00"/>
		<set name="weight" value="100"/>
		<set name="stackable" value="true"/>
		<set name="class" value="OTHER"/>
		<set name="ex_type" value="OTHER_ITEMS"/>
		<set name="crystal_type" value="NONE"/>
		<set name="type" value="OTHER"/>
	</etcitem>
	<etcitem id="21619" name="Rune of Feather 24-Hour Pack">
		<set name="freightable" value="true"/>
		<set name="icon" value="BranchSys.icon.br_four_leaf_clover_box_i00"/>
		<set name="weight" value="100"/>
		<set name="stackable" value="true"/>
		<set name="class" value="OTHER"/>
		<set name="ex_type" value="OTHER_ITEMS"/>
		<set name="crystal_type" value="NONE"/>
		<set name="type" value="OTHER"/>
	</etcitem>
	<etcitem id="21620" name="Weapon-type Enhance Backup Stone (D-Grade Pack)">
		<set name="freightable" value="true"/>
		<set name="icon" value="BranchSys.icon.br_four_leaf_clover_box_i00"/>
		<set name="weight" value="100"/>
		<set name="stackable" value="true"/>
		<set name="class" value="OTHER"/>
		<set name="ex_type" value="OTHER_ITEMS"/>
		<set name="crystal_type" value="NONE"/>
		<set name="type" value="OTHER"/>
	</etcitem>
	<etcitem id="21621" name="Weapon-type Enhance Backup Stone (C-Grade Pack)">
		<set name="freightable" value="true"/>
		<set name="icon" value="BranchSys.icon.br_four_leaf_clover_box_i00"/>
		<set name="weight" value="100"/>
		<set name="stackable" value="true"/>
		<set name="class" value="OTHER"/>
		<set name="ex_type" value="OTHER_ITEMS"/>
		<set name="crystal_type" value="NONE"/>
		<set name="type" value="OTHER"/>
	</etcitem>
	<etcitem id="21622" name="Weapon-type Enhance Backup Stone (B-Grade Pack)">
		<set name="freightable" value="true"/>
		<set name="icon" value="BranchSys.icon.br_four_leaf_clover_box_i00"/>
		<set name="weight" value="100"/>
		<set name="stackable" value="true"/>
		<set name="class" value="OTHER"/>
		<set name="ex_type" value="OTHER_ITEMS"/>
		<set name="crystal_type" value="NONE"/>
		<set name="type" value="OTHER"/>
	</etcitem>
	<etcitem id="21623" name="Weapon-type Enhance Backup Stone (A-Grade Pack)">
		<set name="freightable" value="true"/>
		<set name="icon" value="BranchSys.icon.br_four_leaf_clover_box_i00"/>
		<set name="weight" value="100"/>
		<set name="stackable" value="true"/>
		<set name="class" value="OTHER"/>
		<set name="ex_type" value="OTHER_ITEMS"/>
		<set name="crystal_type" value="NONE"/>
		<set name="type" value="OTHER"/>
	</etcitem>
	<etcitem id="21624" name="Weapon-type Enhance Backup Stone (S-Grade Pack)">
		<set name="freightable" value="true"/>
		<set name="icon" value="BranchSys.icon.br_four_leaf_clover_box_i00"/>
		<set name="weight" value="100"/>
		<set name="stackable" value="true"/>
		<set name="class" value="OTHER"/>
		<set name="ex_type" value="OTHER_ITEMS"/>
		<set name="crystal_type" value="NONE"/>
		<set name="type" value="OTHER"/>
	</etcitem>
	<etcitem id="21625" name="Armor-type Enhance Backup Stone (D-Grade Pack)">
		<set name="freightable" value="true"/>
		<set name="icon" value="BranchSys.icon.br_four_leaf_clover_box_i00"/>
		<set name="weight" value="100"/>
		<set name="stackable" value="true"/>
		<set name="class" value="OTHER"/>
		<set name="ex_type" value="OTHER_ITEMS"/>
		<set name="crystal_type" value="NONE"/>
		<set name="type" value="OTHER"/>
	</etcitem>
	<etcitem id="21626" name="Armor-type Enhance Backup Stone (C-Grade Pack)">
		<set name="freightable" value="true"/>
		<set name="icon" value="BranchSys.icon.br_four_leaf_clover_box_i00"/>
		<set name="weight" value="100"/>
		<set name="stackable" value="true"/>
		<set name="class" value="OTHER"/>
		<set name="ex_type" value="OTHER_ITEMS"/>
		<set name="crystal_type" value="NONE"/>
		<set name="type" value="OTHER"/>
	</etcitem>
	<etcitem id="21627" name="Armor-type Enhance Backup Stone (B-Grade Pack)">
		<set name="freightable" value="true"/>
		<set name="icon" value="BranchSys.icon.br_four_leaf_clover_box_i00"/>
		<set name="weight" value="100"/>
		<set name="stackable" value="true"/>
		<set name="class" value="OTHER"/>
		<set name="ex_type" value="OTHER_ITEMS"/>
		<set name="crystal_type" value="NONE"/>
		<set name="type" value="OTHER"/>
	</etcitem>
	<etcitem id="21628" name="Armor-type Enhance Backup Stone (A-Grade Pack)">
		<set name="freightable" value="true"/>
		<set name="icon" value="BranchSys.icon.br_four_leaf_clover_box_i00"/>
		<set name="weight" value="100"/>
		<set name="stackable" value="true"/>
		<set name="class" value="OTHER"/>
		<set name="ex_type" value="OTHER_ITEMS"/>
		<set name="crystal_type" value="NONE"/>
		<set name="type" value="OTHER"/>
	</etcitem>
	<etcitem id="21629" name="Armor-type Enhance Backup Stone (S-Grade Pack)">
		<set name="freightable" value="true"/>
		<set name="icon" value="BranchSys.icon.br_four_leaf_clover_box_i00"/>
		<set name="weight" value="100"/>
		<set name="stackable" value="true"/>
		<set name="class" value="OTHER"/>
		<set name="ex_type" value="OTHER_ITEMS"/>
		<set name="crystal_type" value="NONE"/>
		<set name="type" value="OTHER"/>
	</etcitem>
	<etcitem id="21630" name="Vitality Maintaining Potion Pack">
		<set name="freightable" value="true"/>
		<set name="icon" value="BranchSys.icon.br_four_leaf_clover_box_i00"/>
		<set name="weight" value="100"/>
		<set name="stackable" value="true"/>
		<set name="class" value="OTHER"/>
		<set name="ex_type" value="OTHER_ITEMS"/>
		<set name="crystal_type" value="NONE"/>
		<set name="type" value="OTHER"/>
	</etcitem>
	<etcitem id="21631" name="Vitality Replenishing Potion Pack">
		<set name="freightable" value="true"/>
		<set name="icon" value="BranchSys.icon.br_four_leaf_clover_box_i00"/>
		<set name="weight" value="100"/>
		<set name="stackable" value="true"/>
		<set name="class" value="OTHER"/>
		<set name="ex_type" value="OTHER_ITEMS"/>
		<set name="crystal_type" value="NONE"/>
		<set name="type" value="OTHER"/>
	</etcitem>
	<etcitem id="21632" name="Sweet Fruit Cocktail Pack">
		<set name="freightable" value="true"/>
		<set name="icon" value="BranchSys.icon.br_four_leaf_clover_box_i00"/>
		<set name="weight" value="100"/>
		<set name="stackable" value="true"/>
		<set name="class" value="OTHER"/>
		<set name="ex_type" value="OTHER_ITEMS"/>
		<set name="crystal_type" value="NONE"/>
		<set name="type" value="OTHER"/>
	</etcitem>
	<etcitem id="21633" name="Fresh Fruit Cocktail Pack">
		<set name="freightable" value="true"/>
		<set name="icon" value="BranchSys.icon.br_four_leaf_clover_box_i00"/>
		<set name="weight" value="100"/>
		<set name="stackable" value="true"/>
		<set name="class" value="OTHER"/>
		<set name="ex_type" value="OTHER_ITEMS"/>
		<set name="crystal_type" value="NONE"/>
		<set name="type" value="OTHER"/>
	</etcitem>
	<etcitem id="21634" name="Light Purple Maned Horse Mounting Bracelet 7-Day Pack">
		<set name="freightable" value="true"/>
		<set name="icon" value="BranchSys.icon.br_four_leaf_clover_box_i00"/>
		<set name="weight" value="100"/>
		<set name="stackable" value="true"/>
		<set name="class" value="OTHER"/>
		<set name="ex_type" value="OTHER_ITEMS"/>
		<set name="crystal_type" value="NONE"/>
		<set name="type" value="OTHER"/>
	</etcitem>
	<etcitem id="21635" name="Light Purple Maned Horse Mounting Bracelet 30-Day Pack">
		<set name="freightable" value="true"/>
		<set name="icon" value="BranchSys.icon.br_four_leaf_clover_box_i00"/>
		<set name="weight" value="100"/>
		<set name="stackable" value="true"/>
		<set name="class" value="OTHER"/>
		<set name="ex_type" value="OTHER_ITEMS"/>
		<set name="crystal_type" value="NONE"/>
		<set name="type" value="OTHER"/>
	</etcitem>
	<etcitem id="21636" name="Light Purple Maned Horse Mounting Bracelet Pack">
		<set name="freightable" value="true"/>
		<set name="icon" value="BranchSys.icon.br_four_leaf_clover_box_i00"/>
		<set name="weight" value="100"/>
		<set name="stackable" value="true"/>
		<set name="class" value="OTHER"/>
		<set name="ex_type" value="OTHER_ITEMS"/>
		<set name="crystal_type" value="NONE"/>
		<set name="type" value="OTHER"/>
	</etcitem>
	<etcitem id="21637" name="Steam Beatle Mounting Bracelet 7-Day Pack">
		<set name="freightable" value="true"/>
		<set name="icon" value="BranchSys.icon.br_four_leaf_clover_box_i00"/>
		<set name="weight" value="100"/>
		<set name="stackable" value="true"/>
		<set name="class" value="OTHER"/>
		<set name="ex_type" value="OTHER_ITEMS"/>
		<set name="crystal_type" value="NONE"/>
		<set name="type" value="OTHER"/>
	</etcitem>
	<etcitem id="21638" name="Steam Beatle Mounting Bracelet 30-Day Pack">
		<set name="freightable" value="true"/>
		<set name="icon" value="BranchSys.icon.br_four_leaf_clover_box_i00"/>
		<set name="weight" value="100"/>
		<set name="stackable" value="true"/>
		<set name="class" value="OTHER"/>
		<set name="ex_type" value="OTHER_ITEMS"/>
		<set name="crystal_type" value="NONE"/>
		<set name="type" value="OTHER"/>
	</etcitem>
	<etcitem id="21639" name="Steam Beatle Mounting Bracelet Pack">
		<set name="freightable" value="true"/>
		<set name="icon" value="BranchSys.icon.br_four_leaf_clover_box_i00"/>
		<set name="weight" value="100"/>
		<set name="stackable" value="true"/>
		<set name="class" value="OTHER"/>
		<set name="ex_type" value="OTHER_ITEMS"/>
		<set name="crystal_type" value="NONE"/>
		<set name="type" value="OTHER"/>
	</etcitem>
	<etcitem id="21640" name="Gold Maned Lion Mounting Bracelet 30-Day Pack">
		<set name="freightable" value="true"/>
		<set name="icon" value="BranchSys.icon.br_four_leaf_clover_box_i00"/>
		<set name="weight" value="100"/>
		<set name="stackable" value="true"/>
		<set name="class" value="OTHER"/>
		<set name="ex_type" value="OTHER_ITEMS"/>
		<set name="crystal_type" value="NONE"/>
		<set name="type" value="OTHER"/>
	</etcitem>
	<etcitem id="21641" name="Gold Maned Lion Mounting Bracelet Pack">
		<set name="freightable" value="true"/>
		<set name="icon" value="BranchSys.icon.br_four_leaf_clover_box_i00"/>
		<set name="weight" value="100"/>
		<set name="stackable" value="true"/>
		<set name="class" value="OTHER"/>
		<set name="ex_type" value="OTHER_ITEMS"/>
		<set name="crystal_type" value="NONE"/>
		<set name="type" value="OTHER"/>
	</etcitem>
	<etcitem id="21642" name="Jet Bike 7-Day Pack">
		<set name="freightable" value="true"/>
		<set name="icon" value="BranchSys.icon.br_four_leaf_clover_box_i00"/>
		<set name="weight" value="100"/>
		<set name="stackable" value="true"/>
		<set name="class" value="OTHER"/>
		<set name="ex_type" value="OTHER_ITEMS"/>
		<set name="crystal_type" value="NONE"/>
		<set name="type" value="OTHER"/>
	</etcitem>
	<etcitem id="21643" name="Jet Bike 30-Day Pack">
		<set name="freightable" value="true"/>
		<set name="icon" value="BranchSys.icon.br_four_leaf_clover_box_i00"/>
		<set name="weight" value="100"/>
		<set name="stackable" value="true"/>
		<set name="class" value="OTHER"/>
		<set name="ex_type" value="OTHER_ITEMS"/>
		<set name="crystal_type" value="NONE"/>
		<set name="type" value="OTHER"/>
	</etcitem>
	<etcitem id="21644" name="Jet Bike Pack">
		<set name="freightable" value="true"/>
		<set name="icon" value="BranchSys.icon.br_four_leaf_clover_box_i00"/>
		<set name="weight" value="100"/>
		<set name="stackable" value="true"/>
		<set name="class" value="OTHER"/>
		<set name="ex_type" value="OTHER_ITEMS"/>
		<set name="crystal_type" value="NONE"/>
		<set name="type" value="OTHER"/>
	</etcitem>
	<etcitem id="21645" name="Napoleon Hat 7-Day Pack" add_name="Mana Regeneration">
		<set name="freightable" value="true"/>
		<set name="icon" value="BranchSys.icon.br_four_leaf_clover_box_i00"/>
		<set name="weight" value="100"/>
		<set name="stackable" value="true"/>
		<set name="class" value="OTHER"/>
		<set name="ex_type" value="OTHER_ITEMS"/>
		<set name="crystal_type" value="NONE"/>
		<set name="type" value="OTHER"/>
	</etcitem>
	<etcitem id="21646" name="Napoleon Hat Pack">
		<set name="freightable" value="true"/>
		<set name="icon" value="BranchSys.icon.br_four_leaf_clover_box_i00"/>
		<set name="weight" value="100"/>
		<set name="stackable" value="true"/>
		<set name="class" value="OTHER"/>
		<set name="ex_type" value="OTHER_ITEMS"/>
		<set name="crystal_type" value="NONE"/>
		<set name="type" value="OTHER"/>
	</etcitem>
	<etcitem id="21647" name="Horn Hairband 7-Day Pack" add_name="Reflect Damage">
		<set name="freightable" value="true"/>
		<set name="icon" value="BranchSys.icon.br_four_leaf_clover_box_i00"/>
		<set name="weight" value="100"/>
		<set name="stackable" value="true"/>
		<set name="class" value="OTHER"/>
		<set name="ex_type" value="OTHER_ITEMS"/>
		<set name="crystal_type" value="NONE"/>
		<set name="type" value="OTHER"/>
	</etcitem>
	<etcitem id="21648" name="Horn Hairband Pack">
		<set name="freightable" value="true"/>
		<set name="icon" value="BranchSys.icon.br_four_leaf_clover_box_i00"/>
		<set name="weight" value="100"/>
		<set name="stackable" value="true"/>
		<set name="class" value="OTHER"/>
		<set name="ex_type" value="OTHER_ITEMS"/>
		<set name="crystal_type" value="NONE"/>
		<set name="type" value="OTHER"/>
	</etcitem>
	<etcitem id="21649" name="Black Gem Mask 7-Day Pack" add_name="Energy">
		<set name="freightable" value="true"/>
		<set name="icon" value="BranchSys.icon.br_four_leaf_clover_box_i00"/>
		<set name="weight" value="100"/>
		<set name="stackable" value="true"/>
		<set name="class" value="OTHER"/>
		<set name="ex_type" value="OTHER_ITEMS"/>
		<set name="crystal_type" value="NONE"/>
		<set name="type" value="OTHER"/>
	</etcitem>
	<etcitem id="21650" name="Black Gem Mask Pack">
		<set name="freightable" value="true"/>
		<set name="icon" value="BranchSys.icon.br_four_leaf_clover_box_i00"/>
		<set name="weight" value="100"/>
		<set name="stackable" value="true"/>
		<set name="class" value="OTHER"/>
		<set name="ex_type" value="OTHER_ITEMS"/>
		<set name="crystal_type" value="NONE"/>
		<set name="type" value="OTHER"/>
	</etcitem>
	<etcitem id="21651" name="Plastic Hair 7-Day Pack" add_name="Blessed Scroll of Escape">
		<set name="freightable" value="true"/>
		<set name="icon" value="BranchSys.icon.br_four_leaf_clover_box_i00"/>
		<set name="weight" value="100"/>
		<set name="stackable" value="true"/>
		<set name="class" value="OTHER"/>
		<set name="ex_type" value="OTHER_ITEMS"/>
		<set name="crystal_type" value="NONE"/>
		<set name="type" value="OTHER"/>
	</etcitem>
	<etcitem id="21652" name="Plastic Hair Pack">
		<set name="freightable" value="true"/>
		<set name="icon" value="BranchSys.icon.br_four_leaf_clover_box_i00"/>
		<set name="weight" value="100"/>
		<set name="stackable" value="true"/>
		<set name="class" value="OTHER"/>
		<set name="ex_type" value="OTHER_ITEMS"/>
		<set name="crystal_type" value="NONE"/>
		<set name="type" value="OTHER"/>
	</etcitem>
	<etcitem id="21653" name="Daisy Hairpin 7-Day Pack" add_name="Resist Unholy">
		<set name="freightable" value="true"/>
		<set name="icon" value="BranchSys.icon.br_four_leaf_clover_box_i00"/>
		<set name="weight" value="100"/>
		<set name="stackable" value="true"/>
		<set name="class" value="OTHER"/>
		<set name="ex_type" value="OTHER_ITEMS"/>
		<set name="crystal_type" value="NONE"/>
		<set name="type" value="OTHER"/>
	</etcitem>
	<etcitem id="21654" name="Daisy Hairpin Pack">
		<set name="freightable" value="true"/>
		<set name="icon" value="BranchSys.icon.br_four_leaf_clover_box_i00"/>
		<set name="weight" value="100"/>
		<set name="stackable" value="true"/>
		<set name="class" value="OTHER"/>
		<set name="ex_type" value="OTHER_ITEMS"/>
		<set name="crystal_type" value="NONE"/>
		<set name="type" value="OTHER"/>
	</etcitem>
	<etcitem id="21655" name="Forget-me-not Hairpin 7-Day Pack" add_name="Wind Walk">
		<set name="freightable" value="true"/>
		<set name="icon" value="BranchSys.icon.br_four_leaf_clover_box_i00"/>
		<set name="weight" value="100"/>
		<set name="stackable" value="true"/>
		<set name="class" value="OTHER"/>
		<set name="ex_type" value="OTHER_ITEMS"/>
		<set name="crystal_type" value="NONE"/>
		<set name="type" value="OTHER"/>
	</etcitem>
	<etcitem id="21656" name="Forget-me-not Hairpin Pack">
		<set name="freightable" value="true"/>
		<set name="icon" value="BranchSys.icon.br_four_leaf_clover_box_i00"/>
		<set name="weight" value="100"/>
		<set name="stackable" value="true"/>
		<set name="class" value="OTHER"/>
		<set name="ex_type" value="OTHER_ITEMS"/>
		<set name="crystal_type" value="NONE"/>
		<set name="type" value="OTHER"/>
	</etcitem>
	<etcitem id="21657" name="Outlaw's Eyepatch 7-Day Pack" add_name="Death Whisper">
		<set name="freightable" value="true"/>
		<set name="icon" value="BranchSys.icon.br_four_leaf_clover_box_i00"/>
		<set name="weight" value="100"/>
		<set name="stackable" value="true"/>
		<set name="class" value="OTHER"/>
		<set name="ex_type" value="OTHER_ITEMS"/>
		<set name="crystal_type" value="NONE"/>
		<set name="type" value="OTHER"/>
	</etcitem>
	<etcitem id="21658" name="Outlaw's Eyepatch">
		<set name="freightable" value="true"/>
		<set name="icon" value="BranchSys.icon.br_four_leaf_clover_box_i00"/>
		<set name="weight" value="100"/>
		<set name="stackable" value="true"/>
		<set name="class" value="OTHER"/>
		<set name="ex_type" value="OTHER_ITEMS"/>
		<set name="crystal_type" value="NONE"/>
		<set name="type" value="OTHER"/>
	</etcitem>
	<etcitem id="21659" name="Pirate's Eyepatch 7-Day Pack" add_name="Agility">
		<set name="freightable" value="true"/>
		<set name="icon" value="BranchSys.icon.br_four_leaf_clover_box_i00"/>
		<set name="weight" value="100"/>
		<set name="stackable" value="true"/>
		<set name="class" value="OTHER"/>
		<set name="ex_type" value="OTHER_ITEMS"/>
		<set name="crystal_type" value="NONE"/>
		<set name="type" value="OTHER"/>
	</etcitem>
	<etcitem id="21660" name="Pirate's Eyepatch Pack">
		<set name="freightable" value="true"/>
		<set name="icon" value="BranchSys.icon.br_four_leaf_clover_box_i00"/>
		<set name="weight" value="100"/>
		<set name="stackable" value="true"/>
		<set name="class" value="OTHER"/>
		<set name="ex_type" value="OTHER_ITEMS"/>
		<set name="crystal_type" value="NONE"/>
		<set name="type" value="OTHER"/>
	</etcitem>
	<etcitem id="21661" name="Monocle 7-Day Pack" add_name="Wild Magic">
		<set name="freightable" value="true"/>
		<set name="icon" value="BranchSys.icon.br_four_leaf_clover_box_i00"/>
		<set name="weight" value="100"/>
		<set name="stackable" value="true"/>
		<set name="class" value="OTHER"/>
		<set name="ex_type" value="OTHER_ITEMS"/>
		<set name="crystal_type" value="NONE"/>
		<set name="type" value="OTHER"/>
	</etcitem>
	<etcitem id="21662" name="Monocle Pack">
		<set name="freightable" value="true"/>
		<set name="icon" value="BranchSys.icon.br_four_leaf_clover_box_i00"/>
		<set name="weight" value="100"/>
		<set name="stackable" value="true"/>
		<set name="class" value="OTHER"/>
		<set name="ex_type" value="OTHER_ITEMS"/>
		<set name="crystal_type" value="NONE"/>
		<set name="type" value="OTHER"/>
	</etcitem>
	<etcitem id="21663" name="Red Mask of Victory 7-Day Pack" add_name="Mana Regeneration">
		<set name="freightable" value="true"/>
		<set name="icon" value="BranchSys.icon.br_four_leaf_clover_box_i00"/>
		<set name="weight" value="100"/>
		<set name="stackable" value="true"/>
		<set name="class" value="OTHER"/>
		<set name="ex_type" value="OTHER_ITEMS"/>
		<set name="crystal_type" value="NONE"/>
		<set name="type" value="OTHER"/>
	</etcitem>
	<etcitem id="21664" name="Red Mask of Victory">
		<set name="freightable" value="true"/>
		<set name="icon" value="BranchSys.icon.br_four_leaf_clover_box_i00"/>
		<set name="weight" value="100"/>
		<set name="stackable" value="true"/>
		<set name="class" value="OTHER"/>
		<set name="ex_type" value="OTHER_ITEMS"/>
		<set name="crystal_type" value="NONE"/>
		<set name="type" value="OTHER"/>
	</etcitem>
	<etcitem id="21665" name="Red Horn of Victory 7-Day Pack" add_name="Reflect Damage">
		<set name="freightable" value="true"/>
		<set name="icon" value="BranchSys.icon.br_four_leaf_clover_box_i00"/>
		<set name="weight" value="100"/>
		<set name="stackable" value="true"/>
		<set name="class" value="OTHER"/>
		<set name="ex_type" value="OTHER_ITEMS"/>
		<set name="crystal_type" value="NONE"/>
		<set name="type" value="OTHER"/>
	</etcitem>
	<etcitem id="21666" name="Red Horn of Victory Pack">
		<set name="freightable" value="true"/>
		<set name="icon" value="BranchSys.icon.br_four_leaf_clover_box_i00"/>
		<set name="weight" value="100"/>
		<set name="stackable" value="true"/>
		<set name="class" value="OTHER"/>
		<set name="ex_type" value="OTHER_ITEMS"/>
		<set name="crystal_type" value="NONE"/>
		<set name="type" value="OTHER"/>
	</etcitem>
	<etcitem id="21667" name="Party Mask 7-Day Pack" add_name="Greater Heal">
		<set name="freightable" value="true"/>
		<set name="icon" value="BranchSys.icon.br_four_leaf_clover_box_i00"/>
		<set name="weight" value="100"/>
		<set name="stackable" value="true"/>
		<set name="class" value="OTHER"/>
		<set name="ex_type" value="OTHER_ITEMS"/>
		<set name="crystal_type" value="NONE"/>
		<set name="type" value="OTHER"/>
	</etcitem>
	<etcitem id="21668" name="Party Mask Pack">
		<set name="freightable" value="true"/>
		<set name="icon" value="BranchSys.icon.br_four_leaf_clover_box_i00"/>
		<set name="weight" value="100"/>
		<set name="stackable" value="true"/>
		<set name="class" value="OTHER"/>
		<set name="ex_type" value="OTHER_ITEMS"/>
		<set name="crystal_type" value="NONE"/>
		<set name="type" value="OTHER"/>
	</etcitem>
	<etcitem id="21669" name="Red Party Mask 7-Day Pack" add_name="Resist Unholy">
		<set name="freightable" value="true"/>
		<set name="icon" value="BranchSys.icon.br_four_leaf_clover_box_i00"/>
		<set name="weight" value="100"/>
		<set name="stackable" value="true"/>
		<set name="class" value="OTHER"/>
		<set name="ex_type" value="OTHER_ITEMS"/>
		<set name="crystal_type" value="NONE"/>
		<set name="type" value="OTHER"/>
	</etcitem>
	<etcitem id="21670" name="Red Party Mask Pack">
		<set name="freightable" value="true"/>
		<set name="icon" value="BranchSys.icon.br_four_leaf_clover_box_i00"/>
		<set name="weight" value="100"/>
		<set name="stackable" value="true"/>
		<set name="class" value="OTHER"/>
		<set name="ex_type" value="OTHER_ITEMS"/>
		<set name="crystal_type" value="NONE"/>
		<set name="type" value="OTHER"/>
	</etcitem>
	<etcitem id="21671" name="Cat Ears 7-Day Pack" add_name="Wind Walk">
		<set name="freightable" value="true"/>
		<set name="icon" value="BranchSys.icon.br_four_leaf_clover_box_i00"/>
		<set name="weight" value="100"/>
		<set name="stackable" value="true"/>
		<set name="class" value="OTHER"/>
		<set name="ex_type" value="OTHER_ITEMS"/>
		<set name="crystal_type" value="NONE"/>
		<set name="type" value="OTHER"/>
	</etcitem>
	<etcitem id="21672" name="Cat Ears Pack">
		<set name="freightable" value="true"/>
		<set name="icon" value="BranchSys.icon.br_four_leaf_clover_box_i00"/>
		<set name="weight" value="100"/>
		<set name="stackable" value="true"/>
		<set name="class" value="OTHER"/>
		<set name="ex_type" value="OTHER_ITEMS"/>
		<set name="crystal_type" value="NONE"/>
		<set name="type" value="OTHER"/>
	</etcitem>
	<etcitem id="21673" name="Lady's Hair Pin 7-Day Pack" add_name="Death Whisper">
		<set name="freightable" value="true"/>
		<set name="icon" value="BranchSys.icon.br_four_leaf_clover_box_i00"/>
		<set name="weight" value="100"/>
		<set name="stackable" value="true"/>
		<set name="class" value="OTHER"/>
		<set name="ex_type" value="OTHER_ITEMS"/>
		<set name="crystal_type" value="NONE"/>
		<set name="type" value="OTHER"/>
	</etcitem>
	<etcitem id="21674" name="Lady's Hair Pin Pack">
		<set name="freightable" value="true"/>
		<set name="icon" value="BranchSys.icon.br_four_leaf_clover_box_i00"/>
		<set name="weight" value="100"/>
		<set name="stackable" value="true"/>
		<set name="class" value="OTHER"/>
		<set name="ex_type" value="OTHER_ITEMS"/>
		<set name="crystal_type" value="NONE"/>
		<set name="type" value="OTHER"/>
	</etcitem>
	<etcitem id="21675" name="Raccoon Ears 7-Day Pack" add_name="Agility">
		<set name="freightable" value="true"/>
		<set name="icon" value="BranchSys.icon.br_four_leaf_clover_box_i00"/>
		<set name="weight" value="100"/>
		<set name="stackable" value="true"/>
		<set name="class" value="OTHER"/>
		<set name="ex_type" value="OTHER_ITEMS"/>
		<set name="crystal_type" value="NONE"/>
		<set name="type" value="OTHER"/>
	</etcitem>
	<etcitem id="21676" name="Raccoon Ears Pack">
		<set name="freightable" value="true"/>
		<set name="icon" value="BranchSys.icon.br_four_leaf_clover_box_i00"/>
		<set name="weight" value="100"/>
		<set name="stackable" value="true"/>
		<set name="class" value="OTHER"/>
		<set name="ex_type" value="OTHER_ITEMS"/>
		<set name="crystal_type" value="NONE"/>
		<set name="type" value="OTHER"/>
	</etcitem>
	<etcitem id="21677" name="Rabbit Ears 7-Day Pack" add_name="Wild Magic">
		<set name="freightable" value="true"/>
		<set name="icon" value="BranchSys.icon.br_four_leaf_clover_box_i00"/>
		<set name="weight" value="100"/>
		<set name="stackable" value="true"/>
		<set name="class" value="OTHER"/>
		<set name="ex_type" value="OTHER_ITEMS"/>
		<set name="crystal_type" value="NONE"/>
		<set name="type" value="OTHER"/>
	</etcitem>
	<etcitem id="21678" name="Rabbit Ears Pack">
		<set name="freightable" value="true"/>
		<set name="icon" value="BranchSys.icon.br_four_leaf_clover_box_i00"/>
		<set name="weight" value="100"/>
		<set name="stackable" value="true"/>
		<set name="class" value="OTHER"/>
		<set name="ex_type" value="OTHER_ITEMS"/>
		<set name="crystal_type" value="NONE"/>
		<set name="type" value="OTHER"/>
	</etcitem>
	<etcitem id="21679" name="Little Angel's Wings 7-Day Pack" add_name="Mana Regeneration">
		<set name="freightable" value="true"/>
		<set name="icon" value="BranchSys.icon.br_four_leaf_clover_box_i00"/>
		<set name="weight" value="100"/>
		<set name="stackable" value="true"/>
		<set name="class" value="OTHER"/>
		<set name="ex_type" value="OTHER_ITEMS"/>
		<set name="crystal_type" value="NONE"/>
		<set name="type" value="OTHER"/>
	</etcitem>
	<etcitem id="21680" name="Little Angel's Wings Pack">
		<set name="freightable" value="true"/>
		<set name="icon" value="BranchSys.icon.br_four_leaf_clover_box_i00"/>
		<set name="weight" value="100"/>
		<set name="stackable" value="true"/>
		<set name="class" value="OTHER"/>
		<set name="ex_type" value="OTHER_ITEMS"/>
		<set name="crystal_type" value="NONE"/>
		<set name="type" value="OTHER"/>
	</etcitem>
	<etcitem id="21681" name="Fairy's Tentacle 7-Day Pack" add_name="Reflect Damage">
		<set name="freightable" value="true"/>
		<set name="icon" value="BranchSys.icon.br_four_leaf_clover_box_i00"/>
		<set name="weight" value="100"/>
		<set name="stackable" value="true"/>
		<set name="class" value="OTHER"/>
		<set name="ex_type" value="OTHER_ITEMS"/>
		<set name="crystal_type" value="NONE"/>
		<set name="type" value="OTHER"/>
	</etcitem>
	<etcitem id="21682" name="Fairy's Tentacle Pack">
		<set name="freightable" value="true"/>
		<set name="icon" value="BranchSys.icon.br_four_leaf_clover_box_i00"/>
		<set name="weight" value="100"/>
		<set name="stackable" value="true"/>
		<set name="class" value="OTHER"/>
		<set name="ex_type" value="OTHER_ITEMS"/>
		<set name="crystal_type" value="NONE"/>
		<set name="type" value="OTHER"/>
	</etcitem>
	<etcitem id="21683" name="Dandy's Chapeau 7-Day Pack" add_name="Greater Heal">
		<set name="freightable" value="true"/>
		<set name="icon" value="BranchSys.icon.br_four_leaf_clover_box_i00"/>
		<set name="weight" value="100"/>
		<set name="stackable" value="true"/>
		<set name="class" value="OTHER"/>
		<set name="ex_type" value="OTHER_ITEMS"/>
		<set name="crystal_type" value="NONE"/>
		<set name="type" value="OTHER"/>
	</etcitem>
	<etcitem id="21684" name="Dandy's Chapeau Pack">
		<set name="freightable" value="true"/>
		<set name="icon" value="BranchSys.icon.br_four_leaf_clover_box_i00"/>
		<set name="weight" value="100"/>
		<set name="stackable" value="true"/>
		<set name="class" value="OTHER"/>
		<set name="ex_type" value="OTHER_ITEMS"/>
		<set name="crystal_type" value="NONE"/>
		<set name="type" value="OTHER"/>
	</etcitem>
	<etcitem id="21685" name="Artisan's Goggles 7-Day Pack" add_name="Energy">
		<set name="freightable" value="true"/>
		<set name="icon" value="BranchSys.icon.br_four_leaf_clover_box_i00"/>
		<set name="weight" value="100"/>
		<set name="stackable" value="true"/>
		<set name="class" value="OTHER"/>
		<set name="ex_type" value="OTHER_ITEMS"/>
		<set name="crystal_type" value="NONE"/>
		<set name="type" value="OTHER"/>
	</etcitem>
	<etcitem id="21686" name="Artisan's Goggles Pack">
		<set name="freightable" value="true"/>
		<set name="icon" value="BranchSys.icon.br_four_leaf_clover_box_i00"/>
		<set name="weight" value="100"/>
		<set name="stackable" value="true"/>
		<set name="class" value="OTHER"/>
		<set name="ex_type" value="OTHER_ITEMS"/>
		<set name="crystal_type" value="NONE"/>
		<set name="type" value="OTHER"/>
	</etcitem>
</list>
