<?xml version="1.0" encoding="UTF-8"?>
<!DOCTYPE list SYSTEM "item.dtd">
<list>
	<etcitem id="21700" name="Olf's T-shirt Pack">
		<set name="icon" value="icon.etc_pi_gift_box_i04"/>
		<set name="stackable" value="true"/>
		<set name="class" value="OTHER"/>
		<set name="ex_type" value="OTHER_ITEMS"/>
		<set name="crystal_type" value="NONE"/>
		<set name="type" value="OTHER"/>
	</etcitem>
	<etcitem id="21701" name="Olf's T-shirt Pack" add_name="Event">
		<set name="icon" value="icon.etc_pi_gift_box_i04"/>
		<set name="stackable" value="true"/>
		<set name="class" value="OTHER"/>
		<set name="ex_type" value="OTHER_ITEMS"/>
		<set name="crystal_type" value="NONE"/>
		<set name="type" value="OTHER"/>
	</etcitem>
	<etcitem id="21702" name="Olf's Thanksgiving Pack">
		<set name="icon" value="icon.etc_pi_gift_box_i04"/>
		<set name="stackable" value="true"/>
		<set name="class" value="OTHER"/>
		<set name="ex_type" value="OTHER_ITEMS"/>
		<set name="crystal_type" value="NONE"/>
		<set name="type" value="OTHER"/>
	</etcitem>
	<etcitem id="21703" name="Olf's Thanksgiving XL Pack">
		<set name="icon" value="icon.etc_pi_gift_box_i04"/>
		<set name="stackable" value="true"/>
		<set name="class" value="OTHER"/>
		<set name="ex_type" value="OTHER_ITEMS"/>
		<set name="crystal_type" value="NONE"/>
		<set name="type" value="OTHER"/>
	</etcitem>
	<etcitem id="21704" name="Honey Rice Cakes">
		<set name="icon" value="BranchSys.icon.br_taiwan_newyear_food_c_i00"/>
		<set name="weight" value="5"/>
		<set name="stackable" value="true"/>
		<set name="class" value="OTHER"/>
		<set name="ex_type" value="OTHER_ITEMS"/>
		<set name="crystal_type" value="NONE"/>
		<set name="type" value="OTHER"/>
	</etcitem>
	<etcitem id="21705" name="Honey Rice Cakes Pack">
		<set name="icon" value="icon.etc_pi_gift_box_i04"/>
		<set name="stackable" value="true"/>
		<set name="class" value="OTHER"/>
		<set name="ex_type" value="OTHER_ITEMS"/>
		<set name="crystal_type" value="NONE"/>
		<set name="type" value="OTHER"/>
	</etcitem>
	<etcitem id="21707" name="Blessed Olf's T-shirt Enchant Scroll" add_name="Event">
		<set name="icon" value="BranchSys2.icon.etc_scroll_of_enchant_shirt_i00"/>
		<set name="weight" value="120"/>
		<set name="stackable" value="true"/>
		<set name="class" value="OTHER"/>
		<set name="ex_type" value="OTHER_ITEMS"/>
		<set name="crystal_type" value="NONE"/>
		<set name="type" value="OTHER"/>
	</etcitem>
	<etcitem id="21708" name="Honey Rice Cakes" add_name="Event">
		<set name="icon" value="BranchSys.icon.br_taiwan_newyear_food_c_i00"/>
		<set name="weight" value="5"/>
		<set name="stackable" value="true"/>
		<set name="class" value="OTHER"/>
		<set name="ex_type" value="OTHER_ITEMS"/>
		<set name="crystal_type" value="NONE"/>
		<set name="type" value="OTHER"/>
	</etcitem>
	<etcitem id="21710" name="Vitality Replenishing Beverage" add_name="Event">
		<set name="icon" value="icon.etc_hot_spring_mineral_i00"/>
		<set name="weight" value="5"/>
		<set name="stackable" value="true"/>
		<set name="class" value="OTHER"/>
		<set name="ex_type" value="OTHER_ITEMS"/>
		<set name="crystal_type" value="NONE"/>
		<set name="type" value="OTHER"/>
	</etcitem>
	<etcitem id="21711" name="Santa Claus's Blessing" add_name="Event">
		<set name="icon" value="BranchSys.icon.br_xmas_miracle_i00"/>
		<set name="weight" value="5"/>
		<set name="stackable" value="true"/>
		<set name="class" value="OTHER"/>
		<set name="ex_type" value="OTHER_ITEMS"/>
		<set name="crystal_type" value="NONE"/>
		<set name="type" value="OTHER"/>
	</etcitem>
	<etcitem id="21713" name="Sealed Cloak of Zaken">
		<set name="class" value="ARMOR"/>
		<set name="icon" value="icon.sealed_vesper_cloack_i01"/>
		<set name="weight" value="220"/>
		<set name="class" value="OTHER"/>
		<set name="ex_type" value="OTHER_ITEMS"/>
		<set name="crystal_type" value="S80"/>
		<set name="type" value="OTHER"/>
	</etcitem>
	<etcitem id="21714" name="Sealed Cloak of Freya">
		<set name="class" value="ARMOR"/>
		<set name="icon" value="icon.sealed_vesper_cloack_i01"/>
		<set name="weight" value="220"/>
		<set name="class" value="OTHER"/>
		<set name="ex_type" value="OTHER_ITEMS"/>
		<set name="crystal_type" value="S80"/>
		<set name="type" value="OTHER"/>
	</etcitem>
	<etcitem id="21715" name="Sealed Cloak of Frintezza">
		<set name="class" value="ARMOR"/>
		<set name="icon" value="icon.sealed_vesper_cloack_i01"/>
		<set name="weight" value="220"/>
		<set name="class" value="OTHER"/>
		<set name="ex_type" value="OTHER_ITEMS"/>
		<set name="crystal_type" value="S80"/>
		<set name="type" value="OTHER"/>
	</etcitem>
	<etcitem id="21722" name="Zaken's Soul Fragment">
		<set name="icon" value="icon.etc_jewel_gold_i00"/>
		<set name="stackable" value="true"/>
		<set name="class" value="OTHER"/>
		<set name="ex_type" value="OTHER_ITEMS"/>
		<set name="crystal_type" value="NONE"/>
		<set name="type" value="QUEST"/>
	</etcitem>
	<etcitem id="21723" name="Freya's Soul Fragment">
		<set name="icon" value="icon.etc_jewel_gold_i00"/>
		<set name="stackable" value="true"/>
		<set name="class" value="OTHER"/>
		<set name="ex_type" value="OTHER_ITEMS"/>
		<set name="crystal_type" value="NONE"/>
		<set name="type" value="QUEST"/>
	</etcitem>
	<etcitem id="21724" name="Frintezza's Soul Fragment">
		<set name="icon" value="icon.etc_jewel_gold_i00"/>
		<set name="stackable" value="true"/>
		<set name="class" value="OTHER"/>
		<set name="ex_type" value="OTHER_ITEMS"/>
		<set name="crystal_type" value="NONE"/>
		<set name="type" value="QUEST"/>
	</etcitem>
	<etcitem id="21725" name="Staff of Goddess: Rain Song Fragment">
		<set name="icon" value="icon.etc_i.etc_vesper_caster_piece_i00"/>
		<set name="stackable" value="true"/>
		<set name="class" value="OTHER"/>
		<set name="ex_type" value="OTHER_ITEMS"/>
		<set name="crystal_type" value="NONE"/>
		<set name="type" value="QUEST"/>
	</etcitem>
	<etcitem id="21726" name="Angel Cat's Blessing" add_name="Event">
		<set name="icon" value="BranchSys.icon.br_xmas_miracle_i00"/>
		<set name="weight" value="5"/>
		<set name="stackable" value="true"/>
		<set name="class" value="OTHER"/>
		<set name="ex_type" value="OTHER_ITEMS"/>
		<set name="crystal_type" value="NONE"/>
		<set name="type" value="OTHER"/>
	</etcitem>
	<etcitem id="21730" name="Letter Collector's Gift" add_name="Event">
		<set name="icon" value="BranchSys.icon.br_shield_bread_i01"/>
		<set name="weight" value="5"/>
		<set name="stackable" value="true"/>
		<set name="class" value="OTHER"/>
		<set name="ex_type" value="OTHER_ITEMS"/>
		<set name="crystal_type" value="NONE"/>
		<set name="type" value="OTHER"/>
	</etcitem>
	<etcitem id="21746" name="Maestro's Key">
		<set name="icon" value="icon.etc_old_key_i00"/>
		<set name="weight" value="10"/>
		<set name="stackable" value="true"/>
		<set name="class" value="OTHER"/>
		<set name="ex_type" value="OTHER_ITEMS"/>
		<set name="crystal_type" value="NONE"/>
		<set name="type" value="OTHER"/>
		<set name="price" value="1688"/>
		<skills>
			<skill id="22271" level="1"/>
		</skills>
		<set name="capsuled" value="true"/>
	</etcitem>
	<etcitem id="21747" name="Beginner Adventurer's Treasure Sack">
		<set name="icon" value="BranchSys2.icon.etc_ancient_treasure_sack_i00"/>
		<set name="stackable" value="true"/>
		<set name="class" value="OTHER"/>
		<set name="ex_type" value="OTHER_ITEMS"/>
		<set name="crystal_type" value="NONE"/>
		<set name="type" value="OTHER"/>
		<cond msgId="1508">
			<not>
				<player olympiad="true"/>
			</not>
		</cond>
		<skills>
			<skill id="22272" level="1"/>
		</skills>
		<set name="capsuled" value="true"/>
	</etcitem>
	<etcitem id="21748" name="Experienced Adventurer's Treasure Sack">
		<set name="icon" value="BranchSys2.icon.etc_ancient_treasure_sack_i00"/>
		<set name="stackable" value="true"/>
		<set name="class" value="OTHER"/>
		<set name="ex_type" value="OTHER_ITEMS"/>
		<set name="crystal_type" value="NONE"/>
		<set name="type" value="OTHER"/>
		<cond msgId="1508">
			<not>
				<player olympiad="true"/>
			</not>
		</cond>
		<skills>
			<skill id="22273" level="1"/>
		</skills>
		<set name="capsuled" value="true"/>
	</etcitem>
	<etcitem id="21749" name="Great Adventurer's Treasure Sack">
		<set name="icon" value="BranchSys2.icon.etc_ancient_treasure_sack_i00"/>
		<set name="stackable" value="true"/>
		<set name="class" value="OTHER"/>
		<set name="ex_type" value="OTHER_ITEMS"/>
		<set name="crystal_type" value="NONE"/>
		<set name="type" value="OTHER"/>
		<cond msgId="1508">
			<not>
				<player olympiad="true"/>
			</not>
		</cond>
		<skills>
			<skill id="22274" level="1"/>
		</skills>
		<set name="capsuled" value="true"/>
	</etcitem>
	<etcitem id="21750" name="Blue Elmore Coin">
		<set name="icon" value="icon.etc_coins_blue_i00"/>
		<set name="stackable" value="true"/>
		<set name="class" value="OTHER"/>
		<set name="ex_type" value="OTHER_ITEMS"/>
		<set name="dropable" value="false"/>
		<set name="tradeable" value="false"/>
		<set name="sellable" value="false"/>
		<set name="crystal_type" value="NONE"/>
		<set name="type" value="OTHER"/>
	</etcitem>
	<etcitem id="21751" name="Rune Jewelry Box - Crystal">
		<set name="icon" value="icon.etc_treasure_box_i07"/>
		<set name="stackable" value="true"/>
		<set name="class" value="OTHER"/>
		<set name="ex_type" value="OTHER_ITEMS"/>
		<set name="crystal_type" value="NONE"/>
		<set name="type" value="OTHER"/>
	</etcitem>
	<etcitem id="21752" name="Rune Jewelry Box - Talisman">
		<set name="icon" value="icon.etc_treasure_box_i06"/>
		<set name="stackable" value="true"/>
		<set name="class" value="OTHER"/>
		<set name="ex_type" value="OTHER_ITEMS"/>
		<set name="crystal_type" value="NONE"/>
		<set name="type" value="OTHER"/>
		<skills>
			<skill id="22276" level="1"/>
		</skills>
		<set name="capsuled" value="true"/>
	</etcitem>
	<etcitem id="21753" name="Pablo's Box">
		<set name="icon" value="icon.etc_treasure_box_i01"/>
		<set name="stackable" value="true"/>
		<set name="class" value="OTHER"/>
		<set name="ex_type" value="OTHER_ITEMS"/>
		<set name="crystal_type" value="NONE"/>
		<set name="type" value="OTHER"/>
		<skills>
			<skill id="22277" level="1"/>
		</skills>
		<set name="capsuled" value="true"/>
	</etcitem>
	<etcitem id="21759" name="Illumination - Red">
		<set name="icon" value="BranchSys2.icon.g_illumination_red"/>
		<set name="weight" value="2"/>
		<set name="stackable" value="true"/>
		<set name="class" value="OTHER"/>
		<set name="ex_type" value="OTHER_ITEMS"/>
		<set name="crystal_type" value="NONE"/>
		<set name="type" value="OTHER"/>
	</etcitem>
	<etcitem id="21760" name="Illumination - Pink">
		<set name="icon" value="BranchSys2.icon.g_illumination_pink"/>
		<set name="weight" value="2"/>
		<set name="stackable" value="true"/>
		<set name="class" value="OTHER"/>
		<set name="ex_type" value="OTHER_ITEMS"/>
		<set name="crystal_type" value="NONE"/>
		<set name="type" value="OTHER"/>
	</etcitem>
	<etcitem id="21761" name="Illumination - Rose Pink">
		<set name="icon" value="BranchSys2.icon.g_illumination_rosepink"/>
		<set name="weight" value="2"/>
		<set name="stackable" value="true"/>
		<set name="class" value="OTHER"/>
		<set name="ex_type" value="OTHER_ITEMS"/>
		<set name="crystal_type" value="NONE"/>
		<set name="type" value="OTHER"/>
	</etcitem>
	<etcitem id="21762" name="Illumination - Orange">
		<set name="icon" value="BranchSys2.icon.g_illumination_orange"/>
		<set name="weight" value="2"/>
		<set name="stackable" value="true"/>
		<set name="class" value="OTHER"/>
		<set name="ex_type" value="OTHER_ITEMS"/>
		<set name="crystal_type" value="NONE"/>
		<set name="type" value="OTHER"/>
	</etcitem>
	<etcitem id="21763" name="Illumination - Mint Green">
		<set name="icon" value="BranchSys2.icon.g_illumination_mintgreen"/>
		<set name="weight" value="2"/>
		<set name="stackable" value="true"/>
		<set name="class" value="OTHER"/>
		<set name="ex_type" value="OTHER_ITEMS"/>
		<set name="crystal_type" value="NONE"/>
		<set name="type" value="OTHER"/>
	</etcitem>
	<etcitem id="21764" name="Illumination - Green">
		<set name="icon" value="BranchSys2.icon.g_illumination_green"/>
		<set name="weight" value="2"/>
		<set name="stackable" value="true"/>
		<set name="class" value="OTHER"/>
		<set name="ex_type" value="OTHER_ITEMS"/>
		<set name="crystal_type" value="NONE"/>
		<set name="type" value="OTHER"/>
	</etcitem>
	<etcitem id="21765" name="Illumination - Sky Blue">
		<set name="icon" value="BranchSys2.icon.g_illumination_skyblue"/>
		<set name="weight" value="2"/>
		<set name="stackable" value="true"/>
		<set name="class" value="OTHER"/>
		<set name="ex_type" value="OTHER_ITEMS"/>
		<set name="crystal_type" value="NONE"/>
		<set name="type" value="OTHER"/>
	</etcitem>
	<etcitem id="21766" name="Illumination - Blue">
		<set name="icon" value="BranchSys2.icon.g_illumination_blue"/>
		<set name="weight" value="2"/>
		<set name="stackable" value="true"/>
		<set name="class" value="OTHER"/>
		<set name="ex_type" value="OTHER_ITEMS"/>
		<set name="crystal_type" value="NONE"/>
		<set name="type" value="OTHER"/>
	</etcitem>
	<etcitem id="21767" name="Illumination - Purple">
		<set name="icon" value="BranchSys2.icon.g_illumination_purple"/>
		<set name="weight" value="2"/>
		<set name="stackable" value="true"/>
		<set name="class" value="OTHER"/>
		<set name="ex_type" value="OTHER_ITEMS"/>
		<set name="crystal_type" value="NONE"/>
		<set name="type" value="OTHER"/>
	</etcitem>
	<etcitem id="21768" name="Illumination - White">
		<set name="icon" value="BranchSys2.icon.g_illumination_white"/>
		<set name="weight" value="2"/>
		<set name="stackable" value="true"/>
		<set name="class" value="OTHER"/>
		<set name="ex_type" value="OTHER_ITEMS"/>
		<set name="crystal_type" value="NONE"/>
		<set name="type" value="OTHER"/>
	</etcitem>
	<etcitem id="21769" name="Unrefined Ore">
		<set name="icon" value="icon.etc_stone_piece_i00"/>
		<set name="stackable" value="true"/>
		<set name="class" value="OTHER"/>
		<set name="ex_type" value="OTHER_ITEMS"/>
		<set name="crystal_type" value="NONE"/>
		<set name="type" value="OTHER"/>
	</etcitem>
	<etcitem id="21770" name="Unrefined Jewel">
		<set name="icon" value="icon.etc_vacualite_noglow_blue_i00"/>
		<set name="stackable" value="true"/>
		<set name="class" value="OTHER"/>
		<set name="ex_type" value="OTHER_ITEMS"/>
		<set name="crystal_type" value="NONE"/>
		<set name="type" value="OTHER"/>
	</etcitem>
	<etcitem id="21771" name="Jewel of Dusk">
		<set name="icon" value="BranchSys2.icon.g_twilight_gem"/>
		<set name="stackable" value="true"/>
		<set name="class" value="OTHER"/>
		<set name="ex_type" value="OTHER_ITEMS"/>
		<set name="crystal_type" value="NONE"/>
		<set name="type" value="OTHER"/>
	</etcitem>
	<etcitem id="21772" name="Jewel of Dawn">
		<set name="icon" value="BranchSys2.icon.g_dawn_gem"/>
		<set name="stackable" value="true"/>
		<set name="class" value="OTHER"/>
		<set name="ex_type" value="OTHER_ITEMS"/>
		<set name="crystal_type" value="NONE"/>
		<set name="type" value="OTHER"/>
	</etcitem>
	<etcitem id="21773" name="Jewel of Splendor">
		<set name="icon" value="BranchSys2.icon.g_brilliance_gem"/>
		<set name="stackable" value="true"/>
		<set name="class" value="OTHER"/>
		<set name="ex_type" value="OTHER_ITEMS"/>
		<set name="crystal_type" value="NONE"/>
		<set name="type" value="OTHER"/>
	</etcitem>
	<etcitem id="21774" name="Giant's Jewel">
		<set name="icon" value="BranchSys2.icon.g_giant_gem"/>
		<set name="stackable" value="true"/>
		<set name="class" value="OTHER"/>
		<set name="ex_type" value="OTHER_ITEMS"/>
		<set name="crystal_type" value="NONE"/>
		<set name="type" value="OTHER"/>
	</etcitem>
	<etcitem id="21781" name="Imperial Crusader of Friendship Set Pack (S-Grade)" add_name="90 day limited period">
		<set name="icon" value="icon.etc_equip_item_box_i02"/>
		<set name="class" value="OTHER"/>
		<set name="ex_type" value="OTHER_ITEMS"/>
		<set name="crystal_type" value="NONE"/>
		<set name="type" value="OTHER"/>
	</etcitem>
	<etcitem id="21786" name="Draconic Leather of Friendship Set Pack (S-Grade)" add_name="90 day limited period">
		<set name="icon" value="icon.etc_equip_item_box_i02"/>
		<set name="class" value="OTHER"/>
		<set name="ex_type" value="OTHER_ITEMS"/>
		<set name="crystal_type" value="NONE"/>
		<set name="type" value="OTHER"/>
	</etcitem>
	<etcitem id="21792" name="Major Arcana Robe of Friendship Set Pack (S-Grade)" add_name="90 day limited period">
		<set name="icon" value="icon.etc_equip_item_box_i02"/>
		<set name="class" value="OTHER"/>
		<set name="ex_type" value="OTHER_ITEMS"/>
		<set name="crystal_type" value="NONE"/>
		<set name="type" value="OTHER"/>
	</etcitem>
	<etcitem id="21799" name="Dynasty Breastplate of Friendship Set Pack (S-Grade)" add_name="90 day limited period">
		<set name="icon" value="icon.etc_equip_item_box_i02"/>
		<set name="class" value="OTHER"/>
		<set name="ex_type" value="OTHER_ITEMS"/>
		<set name="crystal_type" value="NONE"/>
		<set name="type" value="OTHER"/>
	</etcitem>
</list>
