<?xml version="1.0" encoding="UTF-8"?>
<!DOCTYPE list SYSTEM "item.dtd">
<list>
	<etcitem id="21805" name="Dynasty Leather Mail of Friendship Set Pack (S-Grade)" add_name="90 day limited period">
		<set name="icon" value="icon.etc_equip_item_box_i02"/>
		<set name="class" value="OTHER"/>
		<set name="ex_type" value="OTHER_ITEMS"/>
		<set name="crystal_type" value="NONE"/>
		<set name="type" value="OTHER"/>
	</etcitem>
	<etcitem id="21812" name="Dynasty Tunic of Friendship Set Pack (S-Grade)" add_name="90 day limited period">
		<set name="icon" value="icon.etc_equip_item_box_i02"/>
		<set name="class" value="OTHER"/>
		<set name="ex_type" value="OTHER_ITEMS"/>
		<set name="crystal_type" value="NONE"/>
		<set name="type" value="OTHER"/>
	</etcitem>
	<etcitem id="21816" name="Tateossian Accessory of Friendship Pack (S-Grade)" add_name="90 day limited period">
		<set name="icon" value="icon.etc_jewel_box_i00"/>
		<set name="class" value="OTHER"/>
		<set name="ex_type" value="OTHER_ITEMS"/>
		<set name="crystal_type" value="NONE"/>
		<set name="type" value="OTHER"/>
	</etcitem>
	<etcitem id="21820" name="Dynasty Accessory of Friendship Pack (S-Grade)" add_name="90 day limited period">
		<set name="icon" value="icon.etc_jewel_box_i00"/>
		<set name="class" value="OTHER"/>
		<set name="ex_type" value="OTHER_ITEMS"/>
		<set name="crystal_type" value="NONE"/>
		<set name="type" value="OTHER"/>
	</etcitem>
	<etcitem id="21845" name="Mysterious No Grade Soulshot">
		<set name="icon" value="icon.etc_spirit_bullet_white_i00"/>
		<set name="stackable" value="true"/>
		<set name="class" value="OTHER"/>
		<set name="ex_type" value="OTHER_ITEMS"/>
		<set name="crystal_type" value="NONE"/>
		<set name="type" value="OTHER"/>
	</etcitem>
	<etcitem id="21846" name="Mysterious Soulshot (D-Grade)">
		<set name="icon" value="icon.etc_spirit_bullet_blue_i00"/>
		<set name="stackable" value="true"/>
		<set name="class" value="OTHER"/>
		<set name="ex_type" value="OTHER_ITEMS"/>
		<set name="crystal_type" value="D"/>
		<set name="type" value="OTHER"/>
	</etcitem>
	<etcitem id="21847" name="Mysterious Soulshot (C-Grade)">
		<set name="icon" value="icon.etc_spirit_bullet_green_i00"/>
		<set name="stackable" value="true"/>
		<set name="class" value="OTHER"/>
		<set name="ex_type" value="OTHER_ITEMS"/>
		<set name="crystal_type" value="C"/>
		<set name="type" value="OTHER"/>
	</etcitem>
	<etcitem id="21848" name="Mysterious Soulshot (B-Grade)">
		<set name="icon" value="icon.etc_spirit_bullet_red_i00"/>
		<set name="stackable" value="true"/>
		<set name="class" value="OTHER"/>
		<set name="ex_type" value="OTHER_ITEMS"/>
		<set name="crystal_type" value="B"/>
		<set name="type" value="OTHER"/>
	</etcitem>
	<etcitem id="21849" name="Mysterious Soulshot (A-Grade)">
		<set name="icon" value="icon.etc_spirit_bullet_silver_i00"/>
		<set name="stackable" value="true"/>
		<set name="class" value="OTHER"/>
		<set name="ex_type" value="OTHER_ITEMS"/>
		<set name="crystal_type" value="A"/>
		<set name="type" value="OTHER"/>
	</etcitem>
	<etcitem id="21850" name="Mysterious Soulshot (S-Grade)">
		<set name="icon" value="icon.etc_spirit_bullet_gold_i00"/>
		<set name="stackable" value="true"/>
		<set name="class" value="OTHER"/>
		<set name="ex_type" value="OTHER_ITEMS"/>
		<set name="crystal_type" value="S"/>
		<set name="type" value="OTHER"/>
	</etcitem>
	<etcitem id="21851" name="Mysterious No Grade Spiritshot">
		<set name="icon" value="icon.etc_spell_shot_white_i01"/>
		<set name="stackable" value="true"/>
		<set name="class" value="OTHER"/>
		<set name="ex_type" value="OTHER_ITEMS"/>
		<set name="crystal_type" value="NONE"/>
		<set name="type" value="OTHER"/>
	</etcitem>
	<etcitem id="21852" name="Mysterious Spiritshot (D-Grade)">
		<set name="icon" value="icon.etc_spell_shot_blue_i01"/>
		<set name="stackable" value="true"/>
		<set name="class" value="OTHER"/>
		<set name="ex_type" value="OTHER_ITEMS"/>
		<set name="crystal_type" value="D"/>
		<set name="type" value="OTHER"/>
	</etcitem>
	<etcitem id="21853" name="Mysterious Spiritshot (C-Grade)">
		<set name="icon" value="icon.etc_spell_shot_green_i01"/>
		<set name="stackable" value="true"/>
		<set name="class" value="OTHER"/>
		<set name="ex_type" value="OTHER_ITEMS"/>
		<set name="crystal_type" value="C"/>
		<set name="type" value="OTHER"/>
	</etcitem>
	<etcitem id="21854" name="Mysterious Spiritshot (B-Grade)">
		<set name="icon" value="icon.etc_spell_shot_red_i01"/>
		<set name="stackable" value="true"/>
		<set name="class" value="OTHER"/>
		<set name="ex_type" value="OTHER_ITEMS"/>
		<set name="crystal_type" value="B"/>
		<set name="type" value="OTHER"/>
	</etcitem>
	<etcitem id="21855" name="Mysterious Spiritshot (A-Grade)">
		<set name="icon" value="icon.etc_spell_shot_silver_i01"/>
		<set name="stackable" value="true"/>
		<set name="class" value="OTHER"/>
		<set name="ex_type" value="OTHER_ITEMS"/>
		<set name="crystal_type" value="A"/>
		<set name="type" value="OTHER"/>
	</etcitem>
	<etcitem id="21856" name="Mysterious Spiritshot (S-Grade)">
		<set name="icon" value="icon.etc_spell_shot_gold_i01"/>
		<set name="stackable" value="true"/>
		<set name="class" value="OTHER"/>
		<set name="ex_type" value="OTHER_ITEMS"/>
		<set name="crystal_type" value="S"/>
		<set name="type" value="OTHER"/>
	</etcitem>
	<etcitem id="21857" name="Hero's Gold Chest" add_name="90 day limited period">
		<set name="icon" value="icon.etc_treasure_box_i08"/>
		<set name="class" value="OTHER"/>
		<set name="ex_type" value="OTHER_ITEMS"/>
		<set name="crystal_type" value="NONE"/>
		<set name="type" value="OTHER"/>
	</etcitem>
	<etcitem id="21858" name="Vitamin Support Pack" add_name="90 day limited period">
		<set name="icon" value="icon.etc_pi_gift_box_i04"/>
		<set name="class" value="OTHER"/>
		<set name="ex_type" value="OTHER_ITEMS"/>
		<set name="crystal_type" value="NONE"/>
		<set name="type" value="OTHER"/>
	</etcitem>
	<etcitem id="21859" name="Potion Support Pack" add_name="90 day limited period">
		<set name="icon" value="icon.etc_pi_gift_box_i04"/>
		<set name="class" value="OTHER"/>
		<set name="ex_type" value="OTHER_ITEMS"/>
		<set name="crystal_type" value="NONE"/>
		<set name="type" value="OTHER"/>
	</etcitem>
	<etcitem id="21860" name="Supplies Support Pack" add_name="90 day limited period">
		<set name="icon" value="icon.etc_pi_gift_box_i04"/>
		<set name="class" value="OTHER"/>
		<set name="ex_type" value="OTHER_ITEMS"/>
		<set name="crystal_type" value="NONE"/>
		<set name="type" value="OTHER"/>
	</etcitem>
	<etcitem id="21861" name="PC Cafe Energy - 1 hour">
		<set name="icon" value="icon.etc_pccafe_point_i00"/>
		<set name="stackable" value="true"/>
		<set name="class" value="OTHER"/>
		<set name="ex_type" value="OTHER_ITEMS"/>
		<set name="crystal_type" value="NONE"/>
		<set name="type" value="OTHER"/>
	</etcitem>
	<etcitem id="21862" name="PC Cafe Energy Pack">
		<set name="icon" value="icon.etc_pi_gift_box_i04"/>
		<set name="stackable" value="true"/>
		<set name="class" value="OTHER"/>
		<set name="ex_type" value="OTHER_ITEMS"/>
		<set name="crystal_type" value="NONE"/>
		<set name="type" value="OTHER"/>
	</etcitem>
	<etcitem id="21863" name="PC Cafe Blessing">
		<set name="icon" value="BranchSys.icon.br_flag_of_bookmark_i00"/>
		<set name="stackable" value="true"/>
		<set name="class" value="OTHER"/>
		<set name="ex_type" value="OTHER_ITEMS"/>
		<set name="crystal_type" value="NONE"/>
		<set name="type" value="OTHER"/>
	</etcitem>
	<etcitem id="21864" name="PC Cafe Blessing Pack">
		<set name="icon" value="icon.etc_pi_gift_box_i04"/>
		<set name="stackable" value="true"/>
		<set name="class" value="OTHER"/>
		<set name="ex_type" value="OTHER_ITEMS"/>
		<set name="crystal_type" value="NONE"/>
		<set name="type" value="OTHER"/>
	</etcitem>
	<etcitem id="21865" name="PC Cafe Energy - 2 hour">
		<set name="icon" value="icon.etc_pccafe_point_i00"/>
		<set name="stackable" value="true"/>
		<set name="class" value="OTHER"/>
		<set name="ex_type" value="OTHER_ITEMS"/>
		<set name="crystal_type" value="NONE"/>
		<set name="type" value="OTHER"/>
	</etcitem>
	<etcitem id="21866" name="PC Cafe Energy - 3 hour">
		<set name="icon" value="icon.etc_pccafe_point_i00"/>
		<set name="stackable" value="true"/>
		<set name="class" value="OTHER"/>
		<set name="ex_type" value="OTHER_ITEMS"/>
		<set name="crystal_type" value="NONE"/>
		<set name="type" value="OTHER"/>
	</etcitem>
	<etcitem id="21867" name="PC Cafe Energy - 4 hour">
		<set name="icon" value="icon.etc_pccafe_point_i00"/>
		<set name="stackable" value="true"/>
		<set name="class" value="OTHER"/>
		<set name="ex_type" value="OTHER_ITEMS"/>
		<set name="crystal_type" value="NONE"/>
		<set name="type" value="OTHER"/>
	</etcitem>
	<etcitem id="21868" name="Joy of Halloween">
		<set name="icon" value="icon.etc_pi_gift_box_i01"/>
		<set name="stackable" value="true"/>
		<set name="class" value="OTHER"/>
		<set name="ex_type" value="OTHER_ITEMS"/>
		<set name="crystal_type" value="NONE"/>
		<set name="type" value="OTHER"/>
	</etcitem>
	<etcitem id="21869" name="Hero's Gold Chest Pack">
		<set name="icon" value="icon.etc_pi_gift_box_i04"/>
		<set name="stackable" value="true"/>
		<set name="class" value="OTHER"/>
		<set name="ex_type" value="OTHER_ITEMS"/>
		<set name="crystal_type" value="NONE"/>
		<set name="type" value="OTHER"/>
	</etcitem>
	<etcitem id="21871" name="Hero Assistance Package">
		<set name="icon" value="icon.etc_pi_gift_box_i00"/>
		<set name="stackable" value="true"/>
		<set name="class" value="OTHER"/>
		<set name="ex_type" value="OTHER_ITEMS"/>
		<set name="crystal_type" value="NONE"/>
		<set name="type" value="OTHER"/>
	</etcitem>
	<etcitem id="21872" name="Fresh Herb">
		<set name="icon" value="icon.etc_herb_green_i00"/>
		<set name="stackable" value="true"/>
		<set name="class" value="OTHER"/>
		<set name="ex_type" value="OTHER_ITEMS"/>
		<set name="crystal_type" value="NONE"/>
		<set name="type" value="OTHER"/>
	</etcitem>
	<etcitem id="21873" name="Santa Claus's Treasure Box" add_name="Event">
		<set name="icon" value="icon.etc_pi_gift_box_i04"/>
		<set name="weight" value="100"/>
		<set name="stackable" value="true"/>
		<set name="class" value="OTHER"/>
		<set name="ex_type" value="OTHER_ITEMS"/>
		<set name="crystal_type" value="NONE"/>
		<set name="type" value="OTHER"/>
	</etcitem>
	<etcitem id="21874" name="Medal of Glory">
		<set name="icon" value="icon.etc_badge_gold_i00"/>
		<set name="stackable" value="true"/>
		<set name="class" value="OTHER"/>
		<set name="ex_type" value="OTHER_ITEMS"/>
		<set name="crystal_type" value="NONE"/>
		<set name="type" value="QUEST"/>
	</etcitem>
	<etcitem id="21875" name="Campfire Flint">
		<set name="icon" value="BranchSys2.icon.g_campfire_flint"/>
		<set name="stackable" value="true"/>
		<set name="class" value="OTHER"/>
		<set name="ex_type" value="OTHER_ITEMS"/>
		<set name="crystal_type" value="NONE"/>
		<set name="type" value="OTHER"/>
	</etcitem>
	<etcitem id="21876" name="Pa'agrio's Christmas Package">
		<set name="icon" value="icon.etc_pi_gift_box_i04"/>
		<set name="stackable" value="true"/>
		<set name="class" value="OTHER"/>
		<set name="ex_type" value="OTHER_ITEMS"/>
		<set name="crystal_type" value="NONE"/>
		<set name="type" value="OTHER"/>
	</etcitem>
	<etcitem id="21877" name="Pa'agrio's Christmas Package" add_name="Event">
		<set name="icon" value="icon.etc_pi_gift_box_i04"/>
		<set name="stackable" value="true"/>
		<set name="class" value="OTHER"/>
		<set name="ex_type" value="OTHER_ITEMS"/>
		<set name="crystal_type" value="NONE"/>
		<set name="type" value="OTHER"/>
	</etcitem>
	<etcitem id="21878" name="Pa'agrio's Warm Breeze - 4 hour pack">
		<set name="icon" value="BranchSys.icon.br_lucky_bag_box_i00"/>
		<set name="stackable" value="true"/>
		<set name="class" value="OTHER"/>
		<set name="ex_type" value="OTHER_ITEMS"/>
		<set name="crystal_type" value="NONE"/>
		<set name="type" value="OTHER"/>
	</etcitem>
	<etcitem id="21879" name="Nevit's Hourglass - 4 hour pack">
		<set name="icon" value="BranchSys.icon.br_four_leaf_clover_box_i00"/>
		<set name="stackable" value="true"/>
		<set name="class" value="OTHER"/>
		<set name="ex_type" value="OTHER_ITEMS"/>
		<set name="crystal_type" value="NONE"/>
		<set name="type" value="OTHER"/>
	</etcitem>
	<etcitem id="21880" name="Pa'agrio's Warm Breeze - 4 hour">
		<set name="icon" value="BranchSys2.Icon.pi_wind_of_paagrio"/>
		<set name="stackable" value="true"/>
		<set name="class" value="OTHER"/>
		<set name="ex_type" value="OTHER_ITEMS"/>
		<set name="crystal_type" value="NONE"/>
		<set name="type" value="OTHER"/>
	</etcitem>
	<etcitem id="21881" name="Party Cake">
		<set name="icon" value="BranchSys.icon.br_birthday_cake_i00"/>
		<set name="weight" value="10"/>
		<set name="stackable" value="true"/>
		<set name="class" value="OTHER"/>
		<set name="ex_type" value="OTHER_ITEMS"/>
		<set name="crystal_type" value="NONE"/>
		<set name="type" value="OTHER"/>
	</etcitem>
	<etcitem id="21883" name="(Not In Use)">
		<set name="icon" value="icon.etc_pi_gift_box_i04"/>
		<set name="stackable" value="true"/>
		<set name="class" value="OTHER"/>
		<set name="ex_type" value="OTHER_ITEMS"/>
		<set name="crystal_type" value="NONE"/>
		<set name="type" value="OTHER"/>
	</etcitem>
	<etcitem id="21884" name="(Not In Use)">
		<set name="icon" value="icon.etc_pi_gift_box_i04"/>
		<set name="stackable" value="true"/>
		<set name="class" value="OTHER"/>
		<set name="ex_type" value="OTHER_ITEMS"/>
		<set name="crystal_type" value="NONE"/>
		<set name="type" value="OTHER"/>
	</etcitem>
	<etcitem id="21885" name="Valentine's Day Rose Spirit Exchange Coupon Pack">
		<set name="icon" value="icon.etc_pi_gift_box_i04"/>
		<set name="stackable" value="true"/>
		<set name="class" value="OTHER"/>
		<set name="ex_type" value="OTHER_ITEMS"/>
		<set name="crystal_type" value="NONE"/>
		<set name="type" value="OTHER"/>
	</etcitem>
	<etcitem id="21886" name="Valentine's Day Rose Spirit Set Pack">
		<set name="icon" value="icon.etc_pi_gift_box_i04"/>
		<set name="stackable" value="true"/>
		<set name="class" value="OTHER"/>
		<set name="ex_type" value="OTHER_ITEMS"/>
		<set name="crystal_type" value="NONE"/>
		<set name="type" value="OTHER"/>
	</etcitem>
	<etcitem id="21887" name="Valentine's Day Rose Spirit Exchange Ticket">
		<set name="icon" value="icon.etc_ticket_red_i00"/>
		<set name="weight" value="100"/>
		<set name="stackable" value="true"/>
		<set name="class" value="OTHER"/>
		<set name="ex_type" value="OTHER_ITEMS"/>
		<set name="crystal_type" value="NONE"/>
		<set name="type" value="OTHER"/>
	</etcitem>
	<etcitem id="21888" name="Sweet Chocolate Box">
		<set name="icon" value="BranchSys.icon.br_lucky_bag_box_i00"/>
		<set name="stackable" value="true"/>
		<set name="class" value="OTHER"/>
		<set name="ex_type" value="OTHER_ITEMS"/>
		<set name="crystal_type" value="NONE"/>
		<set name="type" value="OTHER"/>
	</etcitem>
	<etcitem id="21889" name="Sweet Chocolate - 4 hour">
		<set name="icon" value="BranchSys.icon.br_valentine_darkchoco_i00"/>
		<set name="weight" value="1"/>
		<set name="stackable" value="true"/>
		<set name="class" value="OTHER"/>
		<set name="ex_type" value="OTHER_ITEMS"/>
		<set name="crystal_type" value="NONE"/>
		<set name="type" value="OTHER"/>
	</etcitem>
	<etcitem id="21890" name="Valentine's Day Rose Spirit Exchange Coupon Pack" add_name="Event">
		<set name="icon" value="icon.etc_pi_gift_box_i04"/>
		<set name="stackable" value="true"/>
		<set name="class" value="OTHER"/>
		<set name="ex_type" value="OTHER_ITEMS"/>
		<set name="crystal_type" value="NONE"/>
		<set name="type" value="OTHER"/>
	</etcitem>
	<etcitem id="21891" name="Valentine's Day Rose Spirit Set Pack" add_name="Event">
		<set name="icon" value="icon.etc_pi_gift_box_i04"/>
		<set name="stackable" value="true"/>
		<set name="class" value="OTHER"/>
		<set name="ex_type" value="OTHER_ITEMS"/>
		<set name="crystal_type" value="NONE"/>
		<set name="type" value="OTHER"/>
	</etcitem>
	<etcitem id="21895" name="Scroll: Valakas Call">
		<set name="class" value="CONSUMABLE"/>
		<set name="crystal_type" value="NONE"/>
		<set name="dropable" value="false"/>
		<set name="icon" value="BranchSys2.icon.call_of_earth_dragon"/>
		<set name="stackable" value="true"/>
		<set name="tradeable" value="false"/>
		<set name="sellable" value="false"/>
		<set name="type" value="SCROLL"/>
		<set name="weight" value="30"/>
		<skills>
			<skill id="22290" level="1"/>
		</skills>
		<set name="capsuled" value="true"/>
	</etcitem>
	<etcitem id="21896" name="Jewel of Valakas">
		<set name="class" value="CONSUMABLE"/>
		<set name="crystal_type" value="NONE"/>
		<set name="dropable" value="false"/>
		<set name="reuse_delay" value="3600000"/>
		<set name="icon" value="BranchSys2.icon.call_of_earth_dragon"/>
		<set name="stackable" value="true"/>
		<set name="tradeable" value="false"/>
		<set name="sellable" value="false"/>
		<set name="type" value="SCROLL"/>
		<set name="weight" value="30"/>
		<skills>
			<skill id="22291" level="1"/>
		</skills>
	</etcitem>
	<etcitem id="21897" name="Scroll: Antharas Call">
		<set name="class" value="CONSUMABLE"/>
		<set name="crystal_type" value="NONE"/>
		<set name="dropable" value="false"/>
		<set name="icon" value="BranchSys2.icon.call_of_earth_dragon"/>
		<set name="stackable" value="true"/>
		<set name="tradeable" value="false"/>
		<set name="sellable" value="false"/>
		<set name="type" value="SCROLL"/>
		<set name="weight" value="30"/>
		<skills>
			<skill id="22292" level="1"/>
		</skills>
		<set name="capsuled" value="true"/>
	</etcitem>
	<etcitem id="21898" name="Jewel of Antharas">
		<set name="class" value="CONSUMABLE"/>
		<set name="crystal_type" value="NONE"/>
		<set name="dropable" value="false"/>
		<set name="reuse_delay" value="3600000"/>
		<set name="icon" value="BranchSys2.icon.call_of_earth_dragon"/>
		<set name="stackable" value="true"/>
		<set name="tradeable" value="false"/>
		<set name="sellable" value="false"/>
		<set name="type" value="SCROLL"/>
		<set name="weight" value="30"/>
		<skills>
			<skill id="22293" level="1"/>
		</skills>
	</etcitem>
	<etcitem id="21899" name="Totem of Body">
		<set name="icon" value="BranchSys2.icon.totem_of_body"/>
		<set name="weight" value="10"/>
		<set name="stackable" value="true"/>
		<set name="class" value="OTHER"/>
		<set name="ex_type" value="OTHER_ITEMS"/>
		<set name="crystal_type" value="NONE"/>
		<set name="type" value="OTHER"/>
		<set name="sellable" value="false"/>
		<set name="tradeable" value="false"/>
		<set name="dropable" value="false"/>
		<set name="reuse_delay" value="600000"/>
		<cond msgId="1508">
			<not>
				<player olympiad="true"/>
			</not>
		</cond>
	</etcitem>
</list>
