<?xml version="1.0" encoding="UTF-8"?>
<!DOCTYPE list SYSTEM "item.dtd">
<list>
	<etcitem id="21900" name="Totem of Spirit">
		<set name="icon" value="BranchSys2.icon.totem_of_mind"/>
		<set name="weight" value="10"/>
		<set name="stackable" value="true"/>
		<set name="class" value="OTHER"/>
		<set name="ex_type" value="OTHER_ITEMS"/>
		<set name="crystal_type" value="NONE"/>
		<set name="type" value="OTHER"/>
		<set name="sellable" value="false"/>
		<set name="tradeable" value="false"/>
		<set name="dropable" value="false"/>
		<set name="reuse_delay" value="600000"/>
		<cond msgId="1508">
			<not>
				<player olympiad="true"/>
			</not>
		</cond>
	</etcitem>
	<etcitem id="21901" name="Totem of Courage">
		<set name="icon" value="BranchSys2.icon.totem_of_bravery"/>
		<set name="weight" value="10"/>
		<set name="stackable" value="true"/>
		<set name="class" value="OTHER"/>
		<set name="ex_type" value="OTHER_ITEMS"/>
		<set name="crystal_type" value="NONE"/>
		<set name="type" value="OTHER"/>
		<set name="sellable" value="false"/>
		<set name="tradeable" value="false"/>
		<set name="dropable" value="false"/>
		<set name="reuse_delay" value="600000"/>
		<cond msgId="1508">
			<not>
				<player olympiad="true"/>
			</not>
		</cond>
	</etcitem>
	<etcitem id="21902" name="Totem of Fortitude">
		<set name="icon" value="BranchSys2.icon.totem_of_fortitude"/>
		<set name="weight" value="10"/>
		<set name="stackable" value="true"/>
		<set name="class" value="OTHER"/>
		<set name="ex_type" value="OTHER_ITEMS"/>
		<set name="crystal_type" value="NONE"/>
		<set name="type" value="OTHER"/>
		<set name="sellable" value="false"/>
		<set name="tradeable" value="false"/>
		<set name="dropable" value="false"/>
		<set name="reuse_delay" value="600000"/>
		<cond msgId="1508">
			<not>
				<player olympiad="true"/>
			</not>
		</cond>
	</etcitem>
	<etcitem id="21903" name="Refined Red Dragon Blood">
		<set name="icon" value="BranchSys2.icon.refined_red_blood_of_dragon"/>
		<set name="weight" value="10"/>
		<set name="stackable" value="true"/>
		<set name="class" value="OTHER"/>
		<set name="ex_type" value="OTHER_ITEMS"/>
		<set name="crystal_type" value="NONE"/>
		<set name="type" value="OTHER"/>
		<set name="sellable" value="false"/>
		<set name="tradeable" value="false"/>
		<set name="dropable" value="false"/>
		<set name="reuse_delay" value="300000"/>
		<cond msgId="1508">
			<not>
				<player olympiad="true"/>
			</not>
		</cond>
	</etcitem>
	<etcitem id="21904" name="Refined Blue Dragon Blood">
		<set name="icon" value="BranchSys2.icon.refined_blue_blood_of_dragon"/>
		<set name="weight" value="10"/>
		<set name="stackable" value="true"/>
		<set name="class" value="OTHER"/>
		<set name="ex_type" value="OTHER_ITEMS"/>
		<set name="crystal_type" value="NONE"/>
		<set name="type" value="OTHER"/>
		<set name="sellable" value="false"/>
		<set name="tradeable" value="false"/>
		<set name="dropable" value="false"/>
		<set name="reuse_delay" value="300000"/>
		<cond msgId="1508">
			<not>
				<player olympiad="true"/>
			</not>
		</cond>
	</etcitem>
	<etcitem id="21905" name="Clear Crystal">
		<set name="icon" value="icon.etc_bead_white_i00"/>
		<set name="stackable" value="true"/>
		<set name="class" value="OTHER"/>
		<set name="ex_type" value="OTHER_ITEMS"/>
		<set name="crystal_type" value="NONE"/>
		<set name="type" value="QUEST"/>
	</etcitem>
	<etcitem id="21906" name="Empty Crystal">
		<set name="icon" value="icon.etc_bead_white_i00"/>
		<set name="stackable" value="true"/>
		<set name="class" value="OTHER"/>
		<set name="ex_type" value="OTHER_ITEMS"/>
		<set name="crystal_type" value="NONE"/>
		<set name="type" value="QUEST"/>
	</etcitem>
	<etcitem id="21907" name="Filled Crystal (Antharas Energy)">
		<set name="icon" value="icon.etc_bead_gold_i00"/>
		<set name="stackable" value="true"/>
		<set name="class" value="OTHER"/>
		<set name="ex_type" value="OTHER_ITEMS"/>
		<set name="crystal_type" value="NONE"/>
		<set name="type" value="QUEST"/>
	</etcitem>
	<etcitem id="21908" name="Filled Crystal (Valakas Energy)">
		<set name="icon" value="icon.etc_bead_red_i00"/>
		<set name="stackable" value="true"/>
		<set name="class" value="OTHER"/>
		<set name="ex_type" value="OTHER_ITEMS"/>
		<set name="crystal_type" value="NONE"/>
		<set name="type" value="QUEST"/>
	</etcitem>
	<etcitem id="21909" name="Lavasaurus Stone Fragment">
		<set name="icon" value="icon.etc_broken_crystal_silver_i00"/>
		<set name="stackable" value="true"/>
		<set name="class" value="OTHER"/>
		<set name="ex_type" value="OTHER_ITEMS"/>
		<set name="crystal_type" value="NONE"/>
		<set name="type" value="QUEST"/>
	</etcitem>
	<etcitem id="21910" name="Lavasaurus Head Fragment">
		<set name="icon" value="icon.etc_broken_crystal_silver_i00"/>
		<set name="stackable" value="true"/>
		<set name="class" value="OTHER"/>
		<set name="ex_type" value="OTHER_ITEMS"/>
		<set name="crystal_type" value="NONE"/>
		<set name="type" value="QUEST"/>
	</etcitem>
	<etcitem id="21911" name="Lavasaurus Body Fragment">
		<set name="icon" value="icon.etc_broken_crystal_silver_i00"/>
		<set name="stackable" value="true"/>
		<set name="class" value="OTHER"/>
		<set name="ex_type" value="OTHER_ITEMS"/>
		<set name="crystal_type" value="NONE"/>
		<set name="type" value="QUEST"/>
	</etcitem>
	<etcitem id="21912" name="Lavasaurus Horn Fragment">
		<set name="icon" value="icon.etc_broken_crystal_silver_i00"/>
		<set name="stackable" value="true"/>
		<set name="class" value="OTHER"/>
		<set name="ex_type" value="OTHER_ITEMS"/>
		<set name="crystal_type" value="NONE"/>
		<set name="type" value="QUEST"/>
	</etcitem>
	<etcitem id="21913" name="Unrefined Red Dragon Blood">
		<set name="icon" value="icon.etc_potion_red_i00"/>
		<set name="stackable" value="true"/>
		<set name="class" value="OTHER"/>
		<set name="ex_type" value="OTHER_ITEMS"/>
		<set name="crystal_type" value="NONE"/>
		<set name="type" value="QUEST"/>
	</etcitem>
	<etcitem id="21914" name="Unrefined Blue Dragon Blood">
		<set name="icon" value="icon.etc_potion_blue_i00"/>
		<set name="stackable" value="true"/>
		<set name="class" value="OTHER"/>
		<set name="ex_type" value="OTHER_ITEMS"/>
		<set name="crystal_type" value="NONE"/>
		<set name="type" value="QUEST"/>
	</etcitem>
	<etcitem id="21915" name="Ice Candy Piece">
		<set name="icon" value="BranchSys.icon.br_valentine_cream_i00"/>
		<set name="stackable" value="true"/>
		<set name="class" value="OTHER"/>
		<set name="ex_type" value="OTHER_ITEMS"/>
		<set name="crystal_type" value="NONE"/>
		<set name="type" value="OTHER"/>
	</etcitem>
	<etcitem id="21916" name="Super Kat the Cat Z Summon Necklace">
		<set name="icon" value="BranchSys2.icon.g_supercat_cat_i00"/>
		<set name="weight" value="10"/>
		<set name="class" value="OTHER"/>
		<set name="ex_type" value="OTHER_ITEMS"/>
		<set name="crystal_type" value="NONE"/>
		<set name="type" value="OTHER"/>
	</etcitem>
	<etcitem id="21917" name="Super Feline Queen Z Summon Necklace">
		<set name="icon" value="BranchSys2.icon.g_supercat_queen_i00"/>
		<set name="weight" value="10"/>
		<set name="class" value="OTHER"/>
		<set name="ex_type" value="OTHER_ITEMS"/>
		<set name="crystal_type" value="NONE"/>
		<set name="type" value="OTHER"/>
	</etcitem>
	<etcitem id="21918" name="Super Mew the Cat Z Summon Necklace">
		<set name="icon" value="BranchSys2.icon.g_supercat_mew_i00"/>
		<set name="weight" value="10"/>
		<set name="class" value="OTHER"/>
		<set name="ex_type" value="OTHER_ITEMS"/>
		<set name="crystal_type" value="NONE"/>
		<set name="type" value="OTHER"/>
	</etcitem>
	<etcitem id="21991" name="Tarask Dragon's Leather Fragment">
		<set name="icon" value="icon.etc_leather_yellow_i00"/>
		<set name="stackable" value="true"/>
		<set name="class" value="OTHER"/>
		<set name="ex_type" value="OTHER_ITEMS"/>
		<set name="crystal_type" value="NONE"/>
		<set name="type" value="QUEST"/>
	</etcitem>
	<etcitem id="21992" name="Behemoth Dragon Leather">
		<set name="icon" value="icon.etc_leather_yellow_i00"/>
		<set name="stackable" value="true"/>
		<set name="class" value="OTHER"/>
		<set name="ex_type" value="OTHER_ITEMS"/>
		<set name="crystal_type" value="NONE"/>
		<set name="type" value="QUEST"/>
	</etcitem>
	<etcitem id="21993" name="Lavasaurus Alpha Fragment">
		<set name="icon" value="icon.etc_broken_crystal_gold_i00"/>
		<set name="stackable" value="true"/>
		<set name="class" value="OTHER"/>
		<set name="ex_type" value="OTHER_ITEMS"/>
		<set name="crystal_type" value="NONE"/>
		<set name="type" value="QUEST"/>
	</etcitem>
	<etcitem id="21994" name="Vitality Replenishing Beverage - Pack of 9">
		<set name="icon" value="icon.etc_pi_gift_box_i00"/>
		<set name="weight" value="100"/>
		<set name="stackable" value="true"/>
		<set name="class" value="OTHER"/>
		<set name="ex_type" value="OTHER_ITEMS"/>
		<set name="crystal_type" value="NONE"/>
		<set name="type" value="OTHER"/>
	</etcitem>
	<etcitem id="21995" name="Vitality Replenishing Beverage - Pack of 12">
		<set name="icon" value="icon.etc_pi_gift_box_i00"/>
		<set name="weight" value="100"/>
		<set name="stackable" value="true"/>
		<set name="class" value="OTHER"/>
		<set name="ex_type" value="OTHER_ITEMS"/>
		<set name="crystal_type" value="NONE"/>
		<set name="type" value="OTHER"/>
	</etcitem>
	<etcitem id="21996" name="Vitality Replenishing Beverage - Pack of 15">
		<set name="icon" value="icon.etc_pi_gift_box_i00"/>
		<set name="weight" value="100"/>
		<set name="stackable" value="true"/>
		<set name="class" value="OTHER"/>
		<set name="ex_type" value="OTHER_ITEMS"/>
		<set name="crystal_type" value="NONE"/>
		<set name="type" value="OTHER"/>
	</etcitem>
	<etcitem id="21997" name="Shattered Bones">
		<set name="icon" value="icon.etc_broken_crystal_gold_i00"/>
		<set name="stackable" value="true"/>
		<set name="class" value="OTHER"/>
		<set name="ex_type" value="OTHER_ITEMS"/>
		<set name="crystal_type" value="NONE"/>
		<set name="type" value="QUEST"/>
	</etcitem>
	<etcitem id="21998" name="Cannibalistic Stakato Leader Claw">
		<set name="icon" value="icon.etc_parasite_i00"/>
		<set name="stackable" value="true"/>
		<set name="class" value="OTHER"/>
		<set name="ex_type" value="OTHER_ITEMS"/>
		<set name="crystal_type" value="NONE"/>
		<set name="type" value="QUEST"/>
	</etcitem>
	<etcitem id="21999" name="Anais Scroll">
		<set name="icon" value="BranchSys2.icon.g_ancient_book_piece_high"/>
		<set name="stackable" value="true"/>
		<set name="class" value="OTHER"/>
		<set name="ex_type" value="OTHER_ITEMS"/>
		<set name="crystal_type" value="NONE"/>
		<set name="type" value="QUEST"/>
	</etcitem>
</list>
