<?xml version="1.0" encoding="UTF-8"?>
<!DOCTYPE list SYSTEM "item.dtd">
<list>
	<etcitem id="22100" name="Spiritshot Pack - C grade">
		<set name="freightable" value="true"/>
		<set name="class" value="OTHER"/>
		<set name="ex_type" value="OTHER_ITEMS"/>
		<set name="crystal_type" value="C"/>
		<set name="dropable" value="false"/>
		<set name="icon" value="br_cashtex.item.br_cash_pack_of_spiritshot_c_i00"/>
		<set name="stackable" value="true"/>
		<set name="tradeable" value="false"/>
		<set name="type" value="OTHER"/>
		<set name="weight" value="500"/>
		<skills>
			<skill id="26069" level="2"/>
		</skills>
		<set name="capsuled" value="true"/>
	</etcitem>
	<etcitem id="22101" name="Spiritshot Pack -  B grade">
		<set name="freightable" value="true"/>
		<set name="class" value="OTHER"/>
		<set name="ex_type" value="OTHER_ITEMS"/>
		<set name="crystal_type" value="B"/>
		<set name="dropable" value="false"/>
		<set name="icon" value="br_cashtex.item.br_cash_pack_of_spiritshot_b_i00"/>
		<set name="stackable" value="true"/>
		<set name="tradeable" value="false"/>
		<set name="type" value="OTHER"/>
		<set name="weight" value="500"/>
		<skills>
			<skill id="26069" level="3"/>
		</skills>
		<set name="capsuled" value="true"/>
	</etcitem>
	<etcitem id="22102" name="Spiritshot Pack - A grade">
		<set name="freightable" value="true"/>
		<set name="class" value="OTHER"/>
		<set name="ex_type" value="OTHER_ITEMS"/>
		<set name="crystal_type" value="A"/>
		<set name="dropable" value="false"/>
		<set name="icon" value="br_cashtex.item.br_cash_pack_of_spiritshot_a_i00"/>
		<set name="stackable" value="true"/>
		<set name="tradeable" value="false"/>
		<set name="type" value="OTHER"/>
		<set name="weight" value="500"/>
		<skills>
			<skill id="26069" level="4"/>
		</skills>
		<set name="capsuled" value="true"/>
	</etcitem>
	<etcitem id="22103" name="Spiritshot Pack - S grade">
		<set name="freightable" value="true"/>
		<set name="class" value="OTHER"/>
		<set name="ex_type" value="OTHER_ITEMS"/>
		<set name="crystal_type" value="S"/>
		<set name="dropable" value="false"/>
		<set name="icon" value="br_cashtex.item.br_cash_pack_of_spiritshot_s_i00"/>
		<set name="stackable" value="true"/>
		<set name="tradeable" value="false"/>
		<set name="type" value="OTHER"/>
		<set name="weight" value="500"/>
		<skills>
			<skill id="26069" level="5"/>
		</skills>
		<set name="capsuled" value="true"/>
	</etcitem>
	<etcitem id="22104" name="Soulshot Pack - D grade">
		<set name="freightable" value="true"/>
		<set name="class" value="OTHER"/>
		<set name="ex_type" value="OTHER_ITEMS"/>
		<set name="crystal_type" value="D"/>
		<set name="dropable" value="false"/>
		<set name="icon" value="br_cashtex.item.br_cash_pack_of_soulshot_d_i00"/>
		<set name="stackable" value="true"/>
		<set name="tradeable" value="false"/>
		<set name="type" value="OTHER"/>
		<set name="weight" value="500"/>
		<skills>
			<skill id="26070" level="1"/>
		</skills>
		<set name="capsuled" value="true"/>
	</etcitem>
	<etcitem id="22105" name="Soulshot Pack - C grade">
		<set name="freightable" value="true"/>
		<set name="class" value="OTHER"/>
		<set name="ex_type" value="OTHER_ITEMS"/>
		<set name="crystal_type" value="C"/>
		<set name="dropable" value="false"/>
		<set name="icon" value="br_cashtex.item.br_cash_pack_of_soulshot_c_i00"/>
		<set name="stackable" value="true"/>
		<set name="tradeable" value="false"/>
		<set name="type" value="OTHER"/>
		<set name="weight" value="500"/>
		<skills>
			<skill id="26070" level="2"/>
		</skills>
		<set name="capsuled" value="true"/>
	</etcitem>
	<etcitem id="22106" name="Soulshot Pack -  B grade">
		<set name="freightable" value="true"/>
		<set name="class" value="OTHER"/>
		<set name="ex_type" value="OTHER_ITEMS"/>
		<set name="crystal_type" value="B"/>
		<set name="dropable" value="false"/>
		<set name="icon" value="br_cashtex.item.br_cash_pack_of_soulshot_b_i00"/>
		<set name="stackable" value="true"/>
		<set name="tradeable" value="false"/>
		<set name="type" value="OTHER"/>
		<set name="weight" value="500"/>
		<skills>
			<skill id="26070" level="3"/>
		</skills>
		<set name="capsuled" value="true"/>
	</etcitem>
	<etcitem id="22107" name="Soulshot Pack - A grade">
		<set name="freightable" value="true"/>
		<set name="class" value="OTHER"/>
		<set name="ex_type" value="OTHER_ITEMS"/>
		<set name="crystal_type" value="A"/>
		<set name="dropable" value="false"/>
		<set name="icon" value="br_cashtex.item.br_cash_pack_of_soulshot_a_i00"/>
		<set name="stackable" value="true"/>
		<set name="tradeable" value="false"/>
		<set name="type" value="OTHER"/>
		<set name="weight" value="500"/>
		<skills>
			<skill id="26070" level="4"/>
		</skills>
		<set name="capsuled" value="true"/>
	</etcitem>
	<etcitem id="22108" name="Soulshot Pack - S grade">
		<set name="freightable" value="true"/>
		<set name="class" value="OTHER"/>
		<set name="ex_type" value="OTHER_ITEMS"/>
		<set name="crystal_type" value="S"/>
		<set name="dropable" value="false"/>
		<set name="icon" value="br_cashtex.item.br_cash_pack_of_soulshot_s_i00"/>
		<set name="stackable" value="true"/>
		<set name="tradeable" value="false"/>
		<set name="type" value="OTHER"/>
		<set name="weight" value="500"/>
		<skills>
			<skill id="26070" level="5"/>
		</skills>
		<set name="capsuled" value="true"/>
	</etcitem>
	<etcitem id="22109" name="Blessed Spiritshot Large Pack - D grade">
		<set name="freightable" value="true"/>
		<set name="class" value="OTHER"/>
		<set name="ex_type" value="OTHER_ITEMS"/>
		<set name="crystal_type" value="D"/>
		<set name="dropable" value="false"/>
		<set name="icon" value="br_cashtex.item.br_cash_large_pack_of_blessed_spiritshot_d_i00"/>
		<set name="stackable" value="true"/>
		<set name="tradeable" value="false"/>
		<set name="type" value="OTHER"/>
		<set name="weight" value="1000"/>
		<skills>
			<skill id="26068" level="6"/>
		</skills>
		<set name="capsuled" value="true"/>
	</etcitem>
	<etcitem id="22110" name="Blessed Spiritshot Large Pack - C grade">
		<set name="freightable" value="true"/>
		<set name="class" value="OTHER"/>
		<set name="ex_type" value="OTHER_ITEMS"/>
		<set name="crystal_type" value="C"/>
		<set name="dropable" value="false"/>
		<set name="icon" value="br_cashtex.item.br_cash_large_pack_of_blessed_spiritshot_c_i00"/>
		<set name="stackable" value="true"/>
		<set name="tradeable" value="false"/>
		<set name="type" value="OTHER"/>
		<set name="weight" value="1000"/>
		<skills>
			<skill id="26068" level="7"/>
		</skills>
		<set name="capsuled" value="true"/>
	</etcitem>
	<etcitem id="22111" name="Blessed Spiritshot Large Pack - B grade">
		<set name="freightable" value="true"/>
		<set name="class" value="OTHER"/>
		<set name="ex_type" value="OTHER_ITEMS"/>
		<set name="crystal_type" value="B"/>
		<set name="dropable" value="false"/>
		<set name="icon" value="br_cashtex.item.br_cash_large_pack_of_blessed_spiritshot_b_i00"/>
		<set name="stackable" value="true"/>
		<set name="tradeable" value="false"/>
		<set name="type" value="OTHER"/>
		<set name="weight" value="1000"/>
		<skills>
			<skill id="26068" level="8"/>
		</skills>
		<set name="capsuled" value="true"/>
	</etcitem>
	<etcitem id="22112" name="Blessed Spiritshot Large Pack - A grade">
		<set name="freightable" value="true"/>
		<set name="class" value="OTHER"/>
		<set name="ex_type" value="OTHER_ITEMS"/>
		<set name="crystal_type" value="A"/>
		<set name="dropable" value="false"/>
		<set name="icon" value="br_cashtex.item.br_cash_large_pack_of_blessed_spiritshot_a_i00"/>
		<set name="stackable" value="true"/>
		<set name="tradeable" value="false"/>
		<set name="type" value="OTHER"/>
		<set name="weight" value="1000"/>
		<skills>
			<skill id="26068" level="9"/>
		</skills>
		<set name="capsuled" value="true"/>
	</etcitem>
	<etcitem id="22113" name="Blessed Spiritshot Large Pack - S grade">
		<set name="freightable" value="true"/>
		<set name="class" value="OTHER"/>
		<set name="ex_type" value="OTHER_ITEMS"/>
		<set name="crystal_type" value="S"/>
		<set name="dropable" value="false"/>
		<set name="icon" value="br_cashtex.item.br_cash_large_pack_of_blessed_spiritshot_s_i00"/>
		<set name="stackable" value="true"/>
		<set name="tradeable" value="false"/>
		<set name="type" value="OTHER"/>
		<set name="weight" value="1000"/>
		<skills>
			<skill id="26068" level="10"/>
		</skills>
		<set name="capsuled" value="true"/>
	</etcitem>
	<etcitem id="22114" name="Spiritshot Large Pack - D grade">
		<set name="freightable" value="true"/>
		<set name="class" value="OTHER"/>
		<set name="ex_type" value="OTHER_ITEMS"/>
		<set name="crystal_type" value="D"/>
		<set name="dropable" value="false"/>
		<set name="icon" value="br_cashtex.item.br_cash_large_pack_of_spiritshot_d_i00"/>
		<set name="stackable" value="true"/>
		<set name="tradeable" value="false"/>
		<set name="type" value="OTHER"/>
		<set name="weight" value="1000"/>
		<skills>
			<skill id="26069" level="6"/>
		</skills>
		<set name="capsuled" value="true"/>
	</etcitem>
	<etcitem id="22115" name="Spiritshot Large Pack - C grade">
		<set name="freightable" value="true"/>
		<set name="class" value="OTHER"/>
		<set name="ex_type" value="OTHER_ITEMS"/>
		<set name="crystal_type" value="C"/>
		<set name="dropable" value="false"/>
		<set name="icon" value="br_cashtex.item.br_cash_large_pack_of_spiritshot_c_i00"/>
		<set name="stackable" value="true"/>
		<set name="tradeable" value="false"/>
		<set name="type" value="OTHER"/>
		<set name="weight" value="1000"/>
		<skills>
			<skill id="26069" level="7"/>
		</skills>
		<set name="capsuled" value="true"/>
	</etcitem>
	<etcitem id="22116" name="Spiritshot Large Pack -  B grade">
		<set name="freightable" value="true"/>
		<set name="class" value="OTHER"/>
		<set name="ex_type" value="OTHER_ITEMS"/>
		<set name="crystal_type" value="B"/>
		<set name="dropable" value="false"/>
		<set name="icon" value="br_cashtex.item.br_cash_large_pack_of_spiritshot_b_i00"/>
		<set name="stackable" value="true"/>
		<set name="tradeable" value="false"/>
		<set name="type" value="OTHER"/>
		<set name="weight" value="1000"/>
		<skills>
			<skill id="26069" level="8"/>
		</skills>
		<set name="capsuled" value="true"/>
	</etcitem>
	<etcitem id="22117" name="Spiritshot Large Pack - A grade">
		<set name="freightable" value="true"/>
		<set name="class" value="OTHER"/>
		<set name="ex_type" value="OTHER_ITEMS"/>
		<set name="crystal_type" value="A"/>
		<set name="dropable" value="false"/>
		<set name="icon" value="br_cashtex.item.br_cash_large_pack_of_spiritshot_a_i00"/>
		<set name="stackable" value="true"/>
		<set name="tradeable" value="false"/>
		<set name="type" value="OTHER"/>
		<set name="weight" value="1000"/>
		<skills>
			<skill id="26069" level="9"/>
		</skills>
		<set name="capsuled" value="true"/>
	</etcitem>
	<etcitem id="22118" name="Spiritshot Large Pack - S grade">
		<set name="freightable" value="true"/>
		<set name="class" value="OTHER"/>
		<set name="ex_type" value="OTHER_ITEMS"/>
		<set name="crystal_type" value="S"/>
		<set name="dropable" value="false"/>
		<set name="icon" value="br_cashtex.item.br_cash_large_pack_of_spiritshot_s_i00"/>
		<set name="stackable" value="true"/>
		<set name="tradeable" value="false"/>
		<set name="type" value="OTHER"/>
		<set name="weight" value="1000"/>
		<skills>
			<skill id="26069" level="10"/>
		</skills>
		<set name="capsuled" value="true"/>
	</etcitem>
	<etcitem id="22119" name="Soulshot Large Pack - D grade">
		<set name="freightable" value="true"/>
		<set name="class" value="OTHER"/>
		<set name="ex_type" value="OTHER_ITEMS"/>
		<set name="crystal_type" value="D"/>
		<set name="dropable" value="false"/>
		<set name="icon" value="br_cashtex.item.br_cash_large_pack_of_soulshot_d_i00"/>
		<set name="stackable" value="true"/>
		<set name="tradeable" value="false"/>
		<set name="type" value="OTHER"/>
		<set name="weight" value="1000"/>
		<skills>
			<skill id="26070" level="6"/>
		</skills>
		<set name="capsuled" value="true"/>
	</etcitem>
	<etcitem id="22120" name="Soulshot Large Pack - C grade">
		<set name="freightable" value="true"/>
		<set name="class" value="OTHER"/>
		<set name="ex_type" value="OTHER_ITEMS"/>
		<set name="crystal_type" value="C"/>
		<set name="dropable" value="false"/>
		<set name="icon" value="br_cashtex.item.br_cash_large_pack_of_soulshot_c_i00"/>
		<set name="stackable" value="true"/>
		<set name="tradeable" value="false"/>
		<set name="type" value="OTHER"/>
		<set name="weight" value="1000"/>
		<skills>
			<skill id="26070" level="7"/>
		</skills>
		<set name="capsuled" value="true"/>
	</etcitem>
	<etcitem id="22121" name="Soulshot Large Pack -  B grade">
		<set name="freightable" value="true"/>
		<set name="class" value="OTHER"/>
		<set name="ex_type" value="OTHER_ITEMS"/>
		<set name="crystal_type" value="B"/>
		<set name="dropable" value="false"/>
		<set name="icon" value="br_cashtex.item.br_cash_large_pack_of_soulshot_b_i00"/>
		<set name="stackable" value="true"/>
		<set name="tradeable" value="false"/>
		<set name="type" value="OTHER"/>
		<set name="weight" value="1000"/>
		<skills>
			<skill id="26070" level="8"/>
		</skills>
		<set name="capsuled" value="true"/>
	</etcitem>
	<etcitem id="22122" name="Soulshot Large Pack - A grade">
		<set name="freightable" value="true"/>
		<set name="class" value="OTHER"/>
		<set name="ex_type" value="OTHER_ITEMS"/>
		<set name="crystal_type" value="A"/>
		<set name="dropable" value="false"/>
		<set name="icon" value="br_cashtex.item.br_cash_large_pack_of_soulshot_a_i00"/>
		<set name="stackable" value="true"/>
		<set name="tradeable" value="false"/>
		<set name="type" value="OTHER"/>
		<set name="weight" value="1000"/>
		<skills>
			<skill id="26070" level="9"/>
		</skills>
		<set name="capsuled" value="true"/>
	</etcitem>
	<etcitem id="22123" name="Soulshot Large Pack - S grade">
		<set name="freightable" value="true"/>
		<set name="class" value="OTHER"/>
		<set name="ex_type" value="OTHER_ITEMS"/>
		<set name="crystal_type" value="S"/>
		<set name="dropable" value="false"/>
		<set name="icon" value="br_cashtex.item.br_cash_large_pack_of_soulshot_s_i00"/>
		<set name="stackable" value="true"/>
		<set name="tradeable" value="false"/>
		<set name="type" value="OTHER"/>
		<set name="weight" value="1000"/>
		<skills>
			<skill id="26070" level="10"/>
		</skills>
		<set name="capsuled" value="true"/>
	</etcitem>
	<etcitem id="22124" name="Wrapped daisy hairpin">
		<set name="freightable" value="true"/>
		<set name="class" value="OTHER"/>
		<set name="ex_type" value="OTHER_ITEMS"/>
		<set name="crystal_type" value="NONE"/>
		<set name="dropable" value="false"/>
		<set name="icon" value="br_cashtex.item.br_cash_wrapped_accessary_i00"/>
		<set name="stackable" value="true"/>
		<set name="tradeable" value="false"/>
		<set name="type" value="OTHER"/>
		<set name="weight" value="1"/>
		<skills>
			<skill id="26071" level="1"/>
		</skills>
		<set name="capsuled" value="true"/>
	</etcitem>
	<etcitem id="22125" name="Wrapped forget-me-not hairpin">
		<set name="freightable" value="true"/>
		<set name="class" value="OTHER"/>
		<set name="ex_type" value="OTHER_ITEMS"/>
		<set name="crystal_type" value="NONE"/>
		<set name="dropable" value="false"/>
		<set name="icon" value="br_cashtex.item.br_cash_wrapped_accessary_i00"/>
		<set name="stackable" value="true"/>
		<set name="tradeable" value="false"/>
		<set name="type" value="OTHER"/>
		<set name="weight" value="1"/>
		<skills>
			<skill id="26071" level="2"/>
		</skills>
		<set name="capsuled" value="true"/>
	</etcitem>
	<etcitem id="22126" name="Wrapped outlaw's eyepatch">
		<set name="freightable" value="true"/>
		<set name="class" value="OTHER"/>
		<set name="ex_type" value="OTHER_ITEMS"/>
		<set name="crystal_type" value="NONE"/>
		<set name="dropable" value="false"/>
		<set name="icon" value="br_cashtex.item.br_cash_wrapped_accessary_i00"/>
		<set name="stackable" value="true"/>
		<set name="tradeable" value="false"/>
		<set name="type" value="OTHER"/>
		<set name="weight" value="1"/>
		<skills>
			<skill id="26071" level="3"/>
		</skills>
		<set name="capsuled" value="true"/>
	</etcitem>
	<etcitem id="22127" name="Wrapped pirate's eyepatch">
		<set name="freightable" value="true"/>
		<set name="class" value="OTHER"/>
		<set name="ex_type" value="OTHER_ITEMS"/>
		<set name="crystal_type" value="NONE"/>
		<set name="dropable" value="false"/>
		<set name="icon" value="br_cashtex.item.br_cash_wrapped_accessary_i00"/>
		<set name="stackable" value="true"/>
		<set name="tradeable" value="false"/>
		<set name="type" value="OTHER"/>
		<set name="weight" value="1"/>
		<skills>
			<skill id="26071" level="4"/>
		</skills>
		<set name="capsuled" value="true"/>
	</etcitem>
	<etcitem id="22128" name="Wrapped Monocle">
		<set name="freightable" value="true"/>
		<set name="class" value="OTHER"/>
		<set name="ex_type" value="OTHER_ITEMS"/>
		<set name="crystal_type" value="NONE"/>
		<set name="dropable" value="false"/>
		<set name="icon" value="br_cashtex.item.br_cash_wrapped_accessary_i00"/>
		<set name="stackable" value="true"/>
		<set name="tradeable" value="false"/>
		<set name="type" value="OTHER"/>
		<set name="weight" value="1"/>
		<skills>
			<skill id="26071" level="5"/>
		</skills>
		<set name="capsuled" value="true"/>
	</etcitem>
	<etcitem id="22129" name="Wrapped Red Mask of Victory">
		<set name="freightable" value="true"/>
		<set name="class" value="OTHER"/>
		<set name="ex_type" value="OTHER_ITEMS"/>
		<set name="crystal_type" value="NONE"/>
		<set name="dropable" value="false"/>
		<set name="icon" value="br_cashtex.item.br_cash_wrapped_accessary_i00"/>
		<set name="stackable" value="true"/>
		<set name="tradeable" value="false"/>
		<set name="type" value="OTHER"/>
		<set name="weight" value="1"/>
		<skills>
			<skill id="26071" level="6"/>
		</skills>
		<set name="capsuled" value="true"/>
	</etcitem>
	<etcitem id="22130" name="Wrapped Red Horn of Victory">
		<set name="freightable" value="true"/>
		<set name="class" value="OTHER"/>
		<set name="ex_type" value="OTHER_ITEMS"/>
		<set name="crystal_type" value="NONE"/>
		<set name="dropable" value="false"/>
		<set name="icon" value="br_cashtex.item.br_cash_wrapped_accessary_i00"/>
		<set name="stackable" value="true"/>
		<set name="tradeable" value="false"/>
		<set name="type" value="OTHER"/>
		<set name="weight" value="1"/>
		<skills>
			<skill id="26071" level="7"/>
		</skills>
		<set name="capsuled" value="true"/>
	</etcitem>
	<etcitem id="22131" name="Wrapped Party Mask">
		<set name="freightable" value="true"/>
		<set name="class" value="OTHER"/>
		<set name="ex_type" value="OTHER_ITEMS"/>
		<set name="crystal_type" value="NONE"/>
		<set name="dropable" value="false"/>
		<set name="icon" value="br_cashtex.item.br_cash_wrapped_accessary_i00"/>
		<set name="stackable" value="true"/>
		<set name="tradeable" value="false"/>
		<set name="type" value="OTHER"/>
		<set name="weight" value="1"/>
		<skills>
			<skill id="26071" level="8"/>
		</skills>
		<set name="capsuled" value="true"/>
	</etcitem>
	<etcitem id="22132" name="Wrapped Red Party Mask">
		<set name="freightable" value="true"/>
		<set name="class" value="OTHER"/>
		<set name="ex_type" value="OTHER_ITEMS"/>
		<set name="crystal_type" value="NONE"/>
		<set name="dropable" value="false"/>
		<set name="icon" value="br_cashtex.item.br_cash_wrapped_accessary_i00"/>
		<set name="stackable" value="true"/>
		<set name="tradeable" value="false"/>
		<set name="type" value="OTHER"/>
		<set name="weight" value="1"/>
		<skills>
			<skill id="26071" level="9"/>
		</skills>
		<set name="capsuled" value="true"/>
	</etcitem>
	<etcitem id="22133" name="Wrapped Cat Ear">
		<set name="freightable" value="true"/>
		<set name="class" value="OTHER"/>
		<set name="ex_type" value="OTHER_ITEMS"/>
		<set name="crystal_type" value="NONE"/>
		<set name="dropable" value="false"/>
		<set name="icon" value="br_cashtex.item.br_cash_wrapped_accessary_i00"/>
		<set name="stackable" value="true"/>
		<set name="tradeable" value="false"/>
		<set name="type" value="OTHER"/>
		<set name="weight" value="1"/>
		<skills>
			<skill id="26071" level="10"/>
		</skills>
		<set name="capsuled" value="true"/>
	</etcitem>
	<etcitem id="22134" name="Wrapped Noblewoman's Hairpin">
		<set name="freightable" value="true"/>
		<set name="class" value="OTHER"/>
		<set name="ex_type" value="OTHER_ITEMS"/>
		<set name="crystal_type" value="NONE"/>
		<set name="dropable" value="false"/>
		<set name="icon" value="br_cashtex.item.br_cash_wrapped_accessary_i00"/>
		<set name="stackable" value="true"/>
		<set name="tradeable" value="false"/>
		<set name="type" value="OTHER"/>
		<set name="weight" value="1"/>
		<skills>
			<skill id="26071" level="11"/>
		</skills>
		<set name="capsuled" value="true"/>
	</etcitem>
	<etcitem id="22135" name="Wrapped Raccoon Ear">
		<set name="freightable" value="true"/>
		<set name="class" value="OTHER"/>
		<set name="ex_type" value="OTHER_ITEMS"/>
		<set name="crystal_type" value="NONE"/>
		<set name="dropable" value="false"/>
		<set name="icon" value="br_cashtex.item.br_cash_wrapped_accessary_i00"/>
		<set name="stackable" value="true"/>
		<set name="tradeable" value="false"/>
		<set name="type" value="OTHER"/>
		<set name="weight" value="1"/>
		<skills>
			<skill id="26071" level="12"/>
		</skills>
		<set name="capsuled" value="true"/>
	</etcitem>
	<etcitem id="22136" name="Wrapped Rabbit Ear">
		<set name="freightable" value="true"/>
		<set name="class" value="OTHER"/>
		<set name="ex_type" value="OTHER_ITEMS"/>
		<set name="crystal_type" value="NONE"/>
		<set name="dropable" value="false"/>
		<set name="icon" value="br_cashtex.item.br_cash_wrapped_accessary_i00"/>
		<set name="stackable" value="true"/>
		<set name="tradeable" value="false"/>
		<set name="type" value="OTHER"/>
		<set name="weight" value="1"/>
		<skills>
			<skill id="26071" level="13"/>
		</skills>
		<set name="capsuled" value="true"/>
	</etcitem>
	<etcitem id="22137" name="Wrapped Little Angel's Wings">
		<set name="freightable" value="true"/>
		<set name="class" value="OTHER"/>
		<set name="ex_type" value="OTHER_ITEMS"/>
		<set name="crystal_type" value="NONE"/>
		<set name="dropable" value="false"/>
		<set name="icon" value="br_cashtex.item.br_cash_wrapped_accessary_i00"/>
		<set name="stackable" value="true"/>
		<set name="tradeable" value="false"/>
		<set name="type" value="OTHER"/>
		<set name="weight" value="1"/>
		<skills>
			<skill id="26071" level="14"/>
		</skills>
		<set name="capsuled" value="true"/>
	</etcitem>
	<etcitem id="22138" name="Wrapped Fairy's Tentacle">
		<set name="freightable" value="true"/>
		<set name="class" value="OTHER"/>
		<set name="ex_type" value="OTHER_ITEMS"/>
		<set name="crystal_type" value="NONE"/>
		<set name="dropable" value="false"/>
		<set name="icon" value="br_cashtex.item.br_cash_wrapped_accessary_i00"/>
		<set name="stackable" value="true"/>
		<set name="tradeable" value="false"/>
		<set name="type" value="OTHER"/>
		<set name="weight" value="1"/>
		<skills>
			<skill id="26071" level="15"/>
		</skills>
		<set name="capsuled" value="true"/>
	</etcitem>
	<etcitem id="22139" name="Wrapped Dandy's Chapeau">
		<set name="freightable" value="true"/>
		<set name="class" value="OTHER"/>
		<set name="ex_type" value="OTHER_ITEMS"/>
		<set name="crystal_type" value="NONE"/>
		<set name="dropable" value="false"/>
		<set name="icon" value="br_cashtex.item.br_cash_wrapped_accessary_i00"/>
		<set name="stackable" value="true"/>
		<set name="tradeable" value="false"/>
		<set name="type" value="OTHER"/>
		<set name="weight" value="1"/>
		<skills>
			<skill id="26071" level="16"/>
		</skills>
		<set name="capsuled" value="true"/>
	</etcitem>
	<etcitem id="22140" name="Wrapped Artisan's Goggles">
		<set name="freightable" value="true"/>
		<set name="class" value="OTHER"/>
		<set name="ex_type" value="OTHER_ITEMS"/>
		<set name="crystal_type" value="NONE"/>
		<set name="dropable" value="false"/>
		<set name="icon" value="br_cashtex.item.br_cash_wrapped_accessary_i00"/>
		<set name="stackable" value="true"/>
		<set name="tradeable" value="false"/>
		<set name="type" value="OTHER"/>
		<set name="weight" value="1"/>
		<skills>
			<skill id="26071" level="17"/>
		</skills>
		<set name="capsuled" value="true"/>
	</etcitem>
	<etcitem id="22141" name="Wrapped Pet Exchange Ticket - Buffalo">
		<set name="freightable" value="true"/>
		<set name="class" value="OTHER"/>
		<set name="ex_type" value="OTHER_ITEMS"/>
		<set name="crystal_type" value="NONE"/>
		<set name="dropable" value="false"/>
		<set name="icon" value="br_cashtex.item.br_cash_wrapped_pet_i00"/>
		<set name="stackable" value="true"/>
		<set name="tradeable" value="false"/>
		<set name="type" value="OTHER"/>
		<set name="weight" value="1"/>
		<skills>
			<skill id="26072" level="1"/>
		</skills>
		<set name="capsuled" value="true"/>
	</etcitem>
	<etcitem id="22142" name="Wrapped Pet Exchange Ticket - Cougar">
		<set name="freightable" value="true"/>
		<set name="class" value="OTHER"/>
		<set name="ex_type" value="OTHER_ITEMS"/>
		<set name="crystal_type" value="NONE"/>
		<set name="dropable" value="false"/>
		<set name="icon" value="br_cashtex.item.br_cash_wrapped_pet_i00"/>
		<set name="stackable" value="true"/>
		<set name="tradeable" value="false"/>
		<set name="type" value="OTHER"/>
		<set name="weight" value="1"/>
		<skills>
			<skill id="26072" level="2"/>
		</skills>
		<set name="capsuled" value="true"/>
	</etcitem>
	<etcitem id="22143" name="Wrapped Pet Exchange Ticket - kookaburra">
		<set name="freightable" value="true"/>
		<set name="class" value="OTHER"/>
		<set name="ex_type" value="OTHER_ITEMS"/>
		<set name="crystal_type" value="NONE"/>
		<set name="dropable" value="false"/>
		<set name="icon" value="br_cashtex.item.br_cash_wrapped_pet_i00"/>
		<set name="stackable" value="true"/>
		<set name="tradeable" value="false"/>
		<set name="type" value="OTHER"/>
		<set name="weight" value="1"/>
		<skills>
			<skill id="26072" level="3"/>
		</skills>
		<set name="capsuled" value="true"/>
	</etcitem>
	<etcitem id="22144" name="Bone Bolt">
		<set name="freightable" value="true"/>
		<set name="class" value="CONSUMABLE"/>
		<set name="crystal_type" value="D"/>
		<set name="dropable" value="false"/>
		<set name="icon" value="br_cashtex.item.br_cash_bone_bolt_i00"/>
		<set name="stackable" value="true"/>
		<set name="tradeable" value="false"/>
		<set name="type" value="BOLT"/>
		<set name="weight" value="1"/>
		<equip>
			<slot id="LEFT_HAND"/>
		</equip>
	</etcitem>
	<etcitem id="22145" name="Steel Bolt">
		<set name="freightable" value="true"/>
		<set name="class" value="CONSUMABLE"/>
		<set name="crystal_type" value="C"/>
		<set name="dropable" value="false"/>
		<set name="icon" value="br_cashtex.item.br_cash_fine_steel_bolt_i00"/>
		<set name="stackable" value="true"/>
		<set name="tradeable" value="false"/>
		<set name="type" value="BOLT"/>
		<set name="weight" value="1"/>
		<equip>
			<slot id="LEFT_HAND"/>
		</equip>
	</etcitem>
	<etcitem id="22146" name="Silver Bolt">
		<set name="freightable" value="true"/>
		<set name="class" value="CONSUMABLE"/>
		<set name="crystal_type" value="B"/>
		<set name="dropable" value="false"/>
		<set name="icon" value="br_cashtex.item.br_cash_silver_bolt_i00"/>
		<set name="stackable" value="true"/>
		<set name="tradeable" value="false"/>
		<set name="type" value="BOLT"/>
		<set name="weight" value="1"/>
		<equip>
			<slot id="LEFT_HAND"/>
		</equip>
	</etcitem>
	<etcitem id="22147" name="Mithril Bolt">
		<set name="freightable" value="true"/>
		<set name="class" value="CONSUMABLE"/>
		<set name="crystal_type" value="A"/>
		<set name="dropable" value="false"/>
		<set name="icon" value="br_cashtex.item.br_cash_mithril_bolt_i00"/>
		<set name="stackable" value="true"/>
		<set name="tradeable" value="false"/>
		<set name="type" value="BOLT"/>
		<set name="weight" value="1"/>
		<equip>
			<slot id="LEFT_HAND"/>
		</equip>
	</etcitem>
	<etcitem id="22148" name="Bolt of Light">
		<set name="freightable" value="true"/>
		<set name="class" value="CONSUMABLE"/>
		<set name="crystal_type" value="S"/>
		<set name="dropable" value="false"/>
		<set name="icon" value="br_cashtex.item.br_cash_shining_bolt_i00"/>
		<set name="stackable" value="true"/>
		<set name="tradeable" value="false"/>
		<set name="type" value="BOLT"/>
		<set name="weight" value="1"/>
		<equip>
			<slot id="LEFT_HAND"/>
		</equip>
	</etcitem>
	<etcitem id="22149" name="Bone Bolt Container">
		<set name="freightable" value="true"/>
		<set name="class" value="OTHER"/>
		<set name="ex_type" value="OTHER_ITEMS"/>
		<set name="crystal_type" value="D"/>
		<set name="dropable" value="false"/>
		<set name="icon" value="br_cashtex.item.br_cash_quiver_of_bone_bolts_i00"/>
		<set name="stackable" value="true"/>
		<set name="tradeable" value="false"/>
		<set name="type" value="OTHER"/>
		<set name="weight" value="1000"/>
		<skills>
			<skill id="26073" level="1"/>
		</skills>
		<set name="capsuled" value="true"/>
	</etcitem>
	<etcitem id="22150" name="Steel Bolt Container">
		<set name="freightable" value="true"/>
		<set name="class" value="OTHER"/>
		<set name="ex_type" value="OTHER_ITEMS"/>
		<set name="crystal_type" value="C"/>
		<set name="dropable" value="false"/>
		<set name="icon" value="br_cashtex.item.br_cash_quiver_of_fine_steel_bolts_i00"/>
		<set name="stackable" value="true"/>
		<set name="tradeable" value="false"/>
		<set name="type" value="OTHER"/>
		<set name="weight" value="1000"/>
		<skills>
			<skill id="26073" level="2"/>
		</skills>
		<set name="capsuled" value="true"/>
	</etcitem>
	<etcitem id="22151" name="Silver Bolt Container">
		<set name="freightable" value="true"/>
		<set name="class" value="OTHER"/>
		<set name="ex_type" value="OTHER_ITEMS"/>
		<set name="crystal_type" value="B"/>
		<set name="dropable" value="false"/>
		<set name="icon" value="br_cashtex.item.br_cash_quiver_of_silver_bolts_i00"/>
		<set name="stackable" value="true"/>
		<set name="tradeable" value="false"/>
		<set name="type" value="OTHER"/>
		<set name="weight" value="1000"/>
		<skills>
			<skill id="26073" level="3"/>
		</skills>
		<set name="capsuled" value="true"/>
	</etcitem>
	<etcitem id="22152" name="Mithril Bolt Container">
		<set name="freightable" value="true"/>
		<set name="class" value="OTHER"/>
		<set name="ex_type" value="OTHER_ITEMS"/>
		<set name="crystal_type" value="A"/>
		<set name="dropable" value="false"/>
		<set name="icon" value="br_cashtex.item.br_cash_quiver_of_mithril_bolts_i00"/>
		<set name="stackable" value="true"/>
		<set name="tradeable" value="false"/>
		<set name="type" value="OTHER"/>
		<set name="weight" value="1000"/>
		<skills>
			<skill id="26073" level="4"/>
		</skills>
		<set name="capsuled" value="true"/>
	</etcitem>
	<etcitem id="22153" name="Bolt Container of Light">
		<set name="freightable" value="true"/>
		<set name="class" value="OTHER"/>
		<set name="ex_type" value="OTHER_ITEMS"/>
		<set name="crystal_type" value="S"/>
		<set name="dropable" value="false"/>
		<set name="icon" value="br_cashtex.item.br_cash_quiver_of_shining_bolts_i00"/>
		<set name="stackable" value="true"/>
		<set name="tradeable" value="false"/>
		<set name="type" value="OTHER"/>
		<set name="weight" value="1000"/>
		<skills>
			<skill id="26073" level="5"/>
		</skills>
		<set name="capsuled" value="true"/>
	</etcitem>
	<etcitem id="22176" name="Event - Bad Bunny Scroll of Summon">
		<set name="icon" value="BranchSys2.icon2.g_ev_rabbit"/>
		<set name="stackable" value="true"/>
		<set name="class" value="OTHER"/>
		<set name="ex_type" value="OTHER_ITEMS"/>
		<set name="crystal_type" value="NONE"/>
		<set name="type" value="OTHER"/>
	</etcitem>
	<etcitem id="22177" name="Event - Liverless Bunny Scroll of Summon">
		<set name="icon" value="BranchSys2.icon2.g_ev_rabbit"/>
		<set name="stackable" value="true"/>
		<set name="class" value="OTHER"/>
		<set name="ex_type" value="OTHER_ITEMS"/>
		<set name="crystal_type" value="NONE"/>
		<set name="type" value="OTHER"/>
	</etcitem>
	<etcitem id="22178" name="Event - Bad Bunny Captain Scroll of Summon">
		<set name="icon" value="BranchSys2.icon2.g_ev_rabbit_boss"/>
		<set name="stackable" value="true"/>
		<set name="class" value="OTHER"/>
		<set name="ex_type" value="OTHER_ITEMS"/>
		<set name="crystal_type" value="NONE"/>
		<set name="type" value="OTHER"/>
	</etcitem>
	<etcitem id="22179" name="Event - Liverless Bunny Captain Scroll of Summon">
		<set name="icon" value="BranchSys2.icon2.g_ev_rabbit_boss"/>
		<set name="stackable" value="true"/>
		<set name="class" value="OTHER"/>
		<set name="ex_type" value="OTHER_ITEMS"/>
		<set name="crystal_type" value="NONE"/>
		<set name="type" value="OTHER"/>
	</etcitem>
	<etcitem id="22180" name="Event - Bad Bunny Rehab Event Pack">
		<set name="icon" value="icon.etc_jewel_box_i00"/>
		<set name="weight" value="1"/>
		<set name="stackable" value="true"/>
		<set name="class" value="OTHER"/>
		<set name="ex_type" value="OTHER_ITEMS"/>
		<set name="crystal_type" value="NONE"/>
		<set name="type" value="OTHER"/>
	</etcitem>
	<etcitem id="22181" name="Event - Cupid's Fatigue Recovery Potion">
		<set name="icon" value="icon.etc_faitgue_relief_of_cupid_i00"/>
		<set name="stackable" value="true"/>
		<set name="class" value="OTHER"/>
		<set name="ex_type" value="OTHER_ITEMS"/>
		<set name="crystal_type" value="NONE"/>
		<set name="type" value="OTHER"/>
	</etcitem>
	<etcitem id="22182" name="Event - Cupid's Powerful Fatigue Recovery Potion">
		<set name="icon" value="icon.etc_nutrients_of_cupid_i00"/>
		<set name="stackable" value="true"/>
		<set name="class" value="OTHER"/>
		<set name="ex_type" value="OTHER_ITEMS"/>
		<set name="crystal_type" value="NONE"/>
		<set name="type" value="OTHER"/>
	</etcitem>
	<etcitem id="22185" name="Illumination - Yellow">
		<set name="icon" value="BranchSys2.icon.g_illumination_yellow"/>
		<set name="weight" value="2"/>
		<set name="stackable" value="true"/>
		<set name="class" value="OTHER"/>
		<set name="ex_type" value="OTHER_ITEMS"/>
		<set name="crystal_type" value="NONE"/>
		<set name="type" value="OTHER"/>
	</etcitem>
	<etcitem id="22186" name="Cat the Ranger Summon Necklace Exchange Coupon">
		<set name="icon" value="icon.etc_ticket_red_i00"/>
		<set name="weight" value="100"/>
		<set name="stackable" value="true"/>
		<set name="class" value="OTHER"/>
		<set name="ex_type" value="OTHER_ITEMS"/>
		<set name="crystal_type" value="NONE"/>
		<set name="type" value="OTHER"/>
	</etcitem>
	<etcitem id="22187" name="Birthday Present Pack">
		<set name="icon" value="icon.event_hero_treasure_box_i00"/>
		<set name="weight" value="100"/>
		<set name="stackable" value="true"/>
		<set name="class" value="OTHER"/>
		<set name="ex_type" value="OTHER_ITEMS"/>
		<set name="crystal_type" value="NONE"/>
		<set name="type" value="OTHER"/>
	</etcitem>
	<etcitem id="22188" name="Birthday Vitality Potion">
		<set name="icon" value="icon.etc_potion_blue_i00"/>
		<set name="weight" value="80"/>
		<set name="stackable" value="true"/>
		<set name="class" value="OTHER"/>
		<set name="ex_type" value="OTHER_ITEMS"/>
		<set name="crystal_type" value="NONE"/>
		<set name="type" value="OTHER"/>
	</etcitem>
	<etcitem id="22194" name="1st Place Treasure Sack">
		<set name="icon" value="BranchSys2.icon.etc_ancient_treasure_sack_i00"/>
		<set name="stackable" value="true"/>
		<set name="class" value="OTHER"/>
		<set name="ex_type" value="OTHER_ITEMS"/>
		<set name="crystal_type" value="NONE"/>
		<set name="type" value="OTHER"/>
	</etcitem>
	<etcitem id="22195" name="2nd Place Treasure Sack">
		<set name="icon" value="BranchSys2.icon.etc_ancient_treasure_sack_i00"/>
		<set name="stackable" value="true"/>
		<set name="class" value="OTHER"/>
		<set name="ex_type" value="OTHER_ITEMS"/>
		<set name="crystal_type" value="NONE"/>
		<set name="type" value="OTHER"/>
	</etcitem>
	<etcitem id="22196" name="3rd Place Treasure Sack">
		<set name="icon" value="BranchSys2.icon.etc_ancient_treasure_sack_i00"/>
		<set name="stackable" value="true"/>
		<set name="class" value="OTHER"/>
		<set name="ex_type" value="OTHER_ITEMS"/>
		<set name="crystal_type" value="NONE"/>
		<set name="type" value="OTHER"/>
	</etcitem>
	<etcitem id="22197" name="4th Place Treasure Sack">
		<set name="icon" value="BranchSys2.icon.etc_ancient_treasure_sack_i00"/>
		<set name="stackable" value="true"/>
		<set name="class" value="OTHER"/>
		<set name="ex_type" value="OTHER_ITEMS"/>
		<set name="crystal_type" value="NONE"/>
		<set name="type" value="OTHER"/>
	</etcitem>
	<etcitem id="22198" name="5th Place Treasure Sack">
		<set name="icon" value="BranchSys2.icon.etc_ancient_treasure_sack_i00"/>
		<set name="stackable" value="true"/>
		<set name="class" value="OTHER"/>
		<set name="ex_type" value="OTHER_ITEMS"/>
		<set name="crystal_type" value="NONE"/>
		<set name="type" value="OTHER"/>
	</etcitem>
	<etcitem id="22199" name="6th Place Treasure Sack">
		<set name="icon" value="BranchSys2.icon.etc_ancient_treasure_sack_i00"/>
		<set name="stackable" value="true"/>
		<set name="class" value="OTHER"/>
		<set name="ex_type" value="OTHER_ITEMS"/>
		<set name="crystal_type" value="NONE"/>
		<set name="type" value="OTHER"/>
	</etcitem>
</list>
