<?xml version="1.0" encoding="UTF-8"?>
<!DOCTYPE list SYSTEM "item.dtd">
<list>
	<etcitem id="22201" name="Lantern Agathion Pack" add_name="Event">
		<set name="icon" value="icon.etc_pi_gift_box_i03"/>
		<set name="weight" value="100"/>
		<set name="stackable" value="true"/>
		<set name="class" value="OTHER"/>
		<set name="ex_type" value="OTHER_ITEMS"/>
		<set name="crystal_type" value="NONE"/>
		<set name="type" value="OTHER"/>
	</etcitem>
	<etcitem id="22202" name="S84 High-Grade Weapon Box" add_name="Event">
		<set name="icon" value="icon.etc_pi_gift_box_i04"/>
		<set name="stackable" value="true"/>
		<set name="class" value="OTHER"/>
		<set name="ex_type" value="OTHER_ITEMS"/>
		<set name="crystal_type" value="NONE"/>
		<set name="type" value="OTHER"/>
	</etcitem>
	<etcitem id="22203" name="Vorpal Armor Box" add_name="Event">
		<set name="icon" value="icon.etc_pi_gift_box_i04"/>
		<set name="stackable" value="true"/>
		<set name="class" value="OTHER"/>
		<set name="ex_type" value="OTHER_ITEMS"/>
		<set name="crystal_type" value="NONE"/>
		<set name="type" value="OTHER"/>
	</etcitem>
	<etcitem id="22204" name="Attribute Ore Box" add_name="Event">
		<set name="icon" value="icon.etc_pi_gift_box_i04"/>
		<set name="stackable" value="true"/>
		<set name="class" value="OTHER"/>
		<set name="ex_type" value="OTHER_ITEMS"/>
		<set name="crystal_type" value="NONE"/>
		<set name="type" value="OTHER"/>
	</etcitem>
	<etcitem id="22205" name="Attribute Crystal Box" add_name="Event">
		<set name="icon" value="icon.etc_pi_gift_box_i04"/>
		<set name="stackable" value="true"/>
		<set name="class" value="OTHER"/>
		<set name="ex_type" value="OTHER_ITEMS"/>
		<set name="crystal_type" value="NONE"/>
		<set name="type" value="OTHER"/>
	</etcitem>
	<etcitem id="22206" name="Soul Crystal - Step 17 Box" add_name="Event">
		<set name="icon" value="icon.etc_pi_gift_box_i04"/>
		<set name="stackable" value="true"/>
		<set name="class" value="OTHER"/>
		<set name="ex_type" value="OTHER_ITEMS"/>
		<set name="crystal_type" value="NONE"/>
		<set name="type" value="OTHER"/>
	</etcitem>
	<etcitem id="22207" name="Soul Crystal - Step 18 Box" add_name="Event">
		<set name="icon" value="icon.etc_pi_gift_box_i04"/>
		<set name="stackable" value="true"/>
		<set name="class" value="OTHER"/>
		<set name="ex_type" value="OTHER_ITEMS"/>
		<set name="crystal_type" value="NONE"/>
		<set name="type" value="OTHER"/>
	</etcitem>
	<etcitem id="22208" name="Bad Bunny's Necklace Box" add_name="Event">
		<set name="icon" value="icon.etc_jewel_box_i00"/>
		<set name="stackable" value="true"/>
		<set name="class" value="OTHER"/>
		<set name="ex_type" value="OTHER_ITEMS"/>
		<set name="crystal_type" value="NONE"/>
		<set name="type" value="OTHER"/>
	</etcitem>
	<etcitem id="22209" name="Bad Bunny's Earring Box" add_name="Event">
		<set name="icon" value="icon.etc_jewel_box_i00"/>
		<set name="stackable" value="true"/>
		<set name="class" value="OTHER"/>
		<set name="ex_type" value="OTHER_ITEMS"/>
		<set name="crystal_type" value="NONE"/>
		<set name="type" value="OTHER"/>
	</etcitem>
	<etcitem id="22210" name="Bad Bunny's Ring Box" add_name="Event">
		<set name="icon" value="icon.etc_jewel_box_i00"/>
		<set name="stackable" value="true"/>
		<set name="class" value="OTHER"/>
		<set name="ex_type" value="OTHER_ITEMS"/>
		<set name="crystal_type" value="NONE"/>
		<set name="type" value="OTHER"/>
	</etcitem>
	<etcitem id="22217" name="Lantern Agathion's Gift Set" add_name="Event">
		<set name="icon" value="icon.etc_pi_gift_box_i04"/>
		<set name="weight" value="100"/>
		<set name="stackable" value="true"/>
		<set name="class" value="OTHER"/>
		<set name="ex_type" value="OTHER_ITEMS"/>
		<set name="crystal_type" value="NONE"/>
		<set name="type" value="OTHER"/>
	</etcitem>
	<etcitem id="22218" name="Scroll: Enchant Destruction Box" add_name="Event">
		<set name="icon" value="icon.etc_pi_gift_box_i00"/>
		<set name="weight" value="100"/>
		<set name="stackable" value="true"/>
		<set name="class" value="OTHER"/>
		<set name="ex_type" value="OTHER_ITEMS"/>
		<set name="crystal_type" value="NONE"/>
		<set name="type" value="OTHER"/>
	</etcitem>
	<etcitem id="22219" name="Scroll: Destruction Enchant S-Grade Set" add_name="Event">
		<set name="icon" value="icon.etc_pi_gift_box_i01"/>
		<set name="weight" value="100"/>
		<set name="stackable" value="true"/>
		<set name="class" value="OTHER"/>
		<set name="ex_type" value="OTHER_ITEMS"/>
		<set name="crystal_type" value="NONE"/>
		<set name="type" value="OTHER"/>
	</etcitem>
	<etcitem id="22220" name="Lantern Agathion's Gift" add_name="Event">
		<set name="icon" value="icon.etc_pi_gift_box_i03"/>
		<set name="stackable" value="true"/>
		<set name="class" value="OTHER"/>
		<set name="ex_type" value="OTHER_ITEMS"/>
		<set name="crystal_type" value="NONE"/>
		<set name="type" value="OTHER"/>
	</etcitem>
	<etcitem id="22221" name="Scroll: Enchant Weapon of Destruction (S-Grade)" add_name="Event">
		<set name="icon" value="icon.etc_blessed_scrl_of_ench_wp_s_i05"/>
		<set name="stackable" value="true"/>
		<set name="sellable" value="false"/>
		<set name="class" value="MISC"/>
		<set name="crystal_type" value="NONE"/>
		<set name="type" value="SCROLL"/>
		<cond msgId="1508">
			<not>
				<player olympiad="true"/>
			</not>
		</cond>
	</etcitem>
	<etcitem id="22222" name="Scroll: Enchant Armor of Destruction (S-Grade)" add_name="Event">
		<set name="icon" value="icon.etc_blessed_scrl_of_ench_am_s_i05"/>
		<set name="stackable" value="true"/>
		<set name="sellable" value="false"/>
		<set name="class" value="MISC"/>
		<set name="crystal_type" value="NONE"/>
		<set name="type" value="SCROLL"/>
		<cond msgId="1508">
			<not>
				<player olympiad="true"/>
			</not>
		</cond>
	</etcitem>
	<etcitem id="22223" name="Scroll: Enchant Weapon of Destruction (A-Grade)" add_name="Event">
		<set name="icon" value="icon.etc_blessed_scrl_of_ench_wp_a_i04"/>
		<set name="stackable" value="true"/>
		<set name="sellable" value="false"/>
		<set name="class" value="MISC"/>
		<set name="crystal_type" value="NONE"/>
		<set name="type" value="SCROLL"/>
		<cond msgId="1508">
			<not>
				<player olympiad="true"/>
			</not>
		</cond>
	</etcitem>
	<etcitem id="22224" name="Scroll: Enchant Armor of Destruction (A-Grade)" add_name="Event">
		<set name="icon" value="icon.etc_blessed_scrl_of_ench_am_a_i04"/>
		<set name="stackable" value="true"/>
		<set name="sellable" value="false"/>
		<set name="class" value="MISC"/>
		<set name="crystal_type" value="NONE"/>
		<set name="type" value="SCROLL"/>
		<cond msgId="1508">
			<not>
				<player olympiad="true"/>
			</not>
		</cond>
	</etcitem>
	<etcitem id="22225" name="Scroll: Enchant Weapon of Destruction (B-Grade)" add_name="Event">
		<set name="icon" value="icon.etc_blessed_scrl_of_ench_wp_b_i03"/>
		<set name="stackable" value="true"/>
		<set name="sellable" value="false"/>
		<set name="class" value="MISC"/>
		<set name="crystal_type" value="NONE"/>
		<set name="type" value="SCROLL"/>
		<cond msgId="1508">
			<not>
				<player olympiad="true"/>
			</not>
		</cond>
	</etcitem>
	<etcitem id="22226" name="Scroll: Enchant Armor of Destruction (B-Grade)" add_name="Event">
		<set name="icon" value="icon.etc_blessed_scrl_of_ench_am_b_i03"/>
		<set name="stackable" value="true"/>
		<set name="sellable" value="false"/>
		<set name="class" value="MISC"/>
		<set name="crystal_type" value="NONE"/>
		<set name="type" value="SCROLL"/>
		<cond msgId="1508">
			<not>
				<player olympiad="true"/>
			</not>
		</cond>
	</etcitem>
	<etcitem id="22227" name="Scroll: Enchant Weapon of Destruction (C-Grade)" add_name="Event">
		<set name="icon" value="icon.etc_blessed_scrl_of_ench_wp_c_i02"/>
		<set name="stackable" value="true"/>
		<set name="sellable" value="false"/>
		<set name="class" value="MISC"/>
		<set name="crystal_type" value="NONE"/>
		<set name="type" value="SCROLL"/>
		<cond msgId="1508">
			<not>
				<player olympiad="true"/>
			</not>
		</cond>
	</etcitem>
	<etcitem id="22228" name="Scroll: Enchant Armor of Destruction (C-Grade)" add_name="Event">
		<set name="icon" value="icon.etc_blessed_scrl_of_ench_am_c_i02"/>
		<set name="stackable" value="true"/>
		<set name="sellable" value="false"/>
		<set name="class" value="MISC"/>
		<set name="crystal_type" value="NONE"/>
		<set name="type" value="SCROLL"/>
		<cond msgId="1508">
			<not>
				<player olympiad="true"/>
			</not>
		</cond>
	</etcitem>
	<etcitem id="22229" name="Scroll: Enchant Weapon of Destruction (D-Grade)" add_name="Event">
		<set name="icon" value="icon.etc_blessed_scrl_of_ench_wp_d_i01"/>
		<set name="stackable" value="true"/>
		<set name="sellable" value="false"/>
		<set name="class" value="MISC"/>
		<set name="crystal_type" value="NONE"/>
		<set name="type" value="SCROLL"/>
		<cond msgId="1508">
			<not>
				<player olympiad="true"/>
			</not>
		</cond>
	</etcitem>
	<etcitem id="22230" name="Scroll: Enchant Armor of Destruction (D-Grade)" add_name="Event">
		<set name="icon" value="icon.etc_blessed_scrl_of_ench_am_d_i01"/>
		<set name="stackable" value="true"/>
		<set name="sellable" value="false"/>
		<set name="class" value="MISC"/>
		<set name="crystal_type" value="NONE"/>
		<set name="type" value="SCROLL"/>
		<cond msgId="1508">
			<not>
				<player olympiad="true"/>
			</not>
		</cond>
	</etcitem>
	<etcitem id="22231" name="Mysterious Blessed Spiritshot (S-Grade)" add_name="Event">
		<set name="icon" value="icon.etc_spell_shot_gold_i01"/>
		<set name="stackable" value="true"/>
		<set name="class" value="OTHER"/>
		<set name="ex_type" value="OTHER_ITEMS"/>
		<set name="crystal_type" value="S"/>
		<set name="type" value="OTHER"/>
	</etcitem>
	<etcitem id="22232" name="Mysterious Soulshot Pack (S-Grade)" add_name="Event">
		<set name="icon" value="br_cashtex.item.br_cash_pack_of_soulshot_s_i00"/>
		<set name="weight" value="500"/>
		<set name="stackable" value="true"/>
		<set name="class" value="OTHER"/>
		<set name="ex_type" value="OTHER_ITEMS"/>
		<set name="crystal_type" value="S"/>
		<set name="type" value="OTHER"/>
	</etcitem>
	<etcitem id="22233" name="Mysterious Blessed Spiritshot Pack (S-Grade)" add_name="Event">
		<set name="icon" value="br_cashtex.item.br_cash_pack_of_blessed_spiritshot_s_i00"/>
		<set name="weight" value="500"/>
		<set name="stackable" value="true"/>
		<set name="class" value="OTHER"/>
		<set name="ex_type" value="OTHER_ITEMS"/>
		<set name="crystal_type" value="S"/>
		<set name="type" value="OTHER"/>
	</etcitem>
	<etcitem id="22234" name="Sweet Chocolate Box">
		<set name="icon" value="icon.etc_pi_gift_box_i04"/>
		<set name="stackable" value="true"/>
		<set name="class" value="OTHER"/>
		<set name="ex_type" value="OTHER_ITEMS"/>
		<set name="crystal_type" value="NONE"/>
		<set name="type" value="OTHER"/>
	</etcitem>
	<etcitem id="22235" name="Sweet Chocolate">
		<set name="icon" value="BranchSys.icon.br_valentine_darkchoco_i00"/>
		<set name="stackable" value="true"/>
		<set name="class" value="OTHER"/>
		<set name="ex_type" value="OTHER_ITEMS"/>
		<set name="crystal_type" value="NONE"/>
		<set name="type" value="OTHER"/>
	</etcitem>
	<etcitem id="22236" name="Valentine's Day Love Pouch">
		<set name="icon" value="BranchSys.icon.br_lucky_bag_i00"/>
		<set name="stackable" value="true"/>
		<set name="class" value="OTHER"/>
		<set name="ex_type" value="OTHER_ITEMS"/>
		<set name="crystal_type" value="NONE"/>
		<set name="type" value="OTHER"/>
	</etcitem>
	<etcitem id="22238" name="Scroll: Hair Accessory - Warrior Use">
		<set name="icon" value="BranchSys.icon.br_scroll_of_transformation_i00"/>
		<set name="stackable" value="true"/>
		<set name="class" value="OTHER"/>
		<set name="ex_type" value="OTHER_ITEMS"/>
		<set name="crystal_type" value="NONE"/>
		<set name="type" value="OTHER"/>
	</etcitem>
	<etcitem id="22239" name="Scroll: Hair Accessory - Wizard Use">
		<set name="icon" value="BranchSys.icon.br_scroll_of_transformation_i00"/>
		<set name="stackable" value="true"/>
		<set name="class" value="OTHER"/>
		<set name="ex_type" value="OTHER_ITEMS"/>
		<set name="crystal_type" value="NONE"/>
		<set name="type" value="OTHER"/>
	</etcitem>
	<etcitem id="22240" name="Improved Rose Spirit Exchange Ticket - 5 hours" add_name="Event">
		<set name="icon" value="icon.etc_ticket_red_i00"/>
		<set name="stackable" value="true"/>
		<set name="class" value="OTHER"/>
		<set name="ex_type" value="OTHER_ITEMS"/>
		<set name="crystal_type" value="NONE"/>
		<set name="type" value="OTHER"/>
	</etcitem>
	<etcitem id="22241" name="Sweet Chocolate Box" add_name="Event">
		<set name="icon" value="icon.etc_pi_gift_box_i04"/>
		<set name="stackable" value="true"/>
		<set name="class" value="OTHER"/>
		<set name="ex_type" value="OTHER_ITEMS"/>
		<set name="crystal_type" value="NONE"/>
		<set name="type" value="OTHER"/>
	</etcitem>
	<etcitem id="22242" name="Sweet Chocolate" add_name="Event">
		<set name="icon" value="BranchSys.icon.br_valentine_darkchoco_i00"/>
		<set name="stackable" value="true"/>
		<set name="class" value="OTHER"/>
		<set name="ex_type" value="OTHER_ITEMS"/>
		<set name="crystal_type" value="NONE"/>
		<set name="type" value="OTHER"/>
	</etcitem>
	<etcitem id="22244" name="Mysterious Soulshot (C-Grade)">
		<set name="icon" value="icon.etc_spirit_bullet_green_i00"/>
		<set name="stackable" value="true"/>
		<set name="class" value="OTHER"/>
		<set name="ex_type" value="OTHER_ITEMS"/>
		<set name="crystal_type" value="C"/>
		<set name="type" value="OTHER"/>
	</etcitem>
	<etcitem id="22245" name="Mysterious Soulshot (B-Grade)">
		<set name="icon" value="icon.etc_spirit_bullet_red_i00"/>
		<set name="stackable" value="true"/>
		<set name="class" value="OTHER"/>
		<set name="ex_type" value="OTHER_ITEMS"/>
		<set name="crystal_type" value="B"/>
		<set name="type" value="OTHER"/>
	</etcitem>
	<etcitem id="22246" name="Mysterious Soulshot (A-Grade)">
		<set name="icon" value="icon.etc_spirit_bullet_silver_i00"/>
		<set name="stackable" value="true"/>
		<set name="class" value="OTHER"/>
		<set name="ex_type" value="OTHER_ITEMS"/>
		<set name="crystal_type" value="A"/>
		<set name="type" value="OTHER"/>
	</etcitem>
	<etcitem id="22247" name="Mysterious Soulshot (S-Grade)">
		<set name="icon" value="icon.etc_spirit_bullet_gold_i00"/>
		<set name="stackable" value="true"/>
		<set name="class" value="OTHER"/>
		<set name="ex_type" value="OTHER_ITEMS"/>
		<set name="crystal_type" value="S"/>
		<set name="type" value="OTHER"/>
	</etcitem>
	<etcitem id="22248" name="Mysterious Soulshot Pack">
		<set name="icon" value="BranchSys.icon.br_four_leaf_clover_box_i00"/>
		<set name="stackable" value="true"/>
		<set name="class" value="OTHER"/>
		<set name="ex_type" value="OTHER_ITEMS"/>
		<set name="crystal_type" value="NONE"/>
		<set name="type" value="OTHER"/>
	</etcitem>
	<etcitem id="22249" name="Mysterious Blessed Spiritshot (C-Grade)">
		<set name="icon" value="icon.etc_spell_shot_green_i01"/>
		<set name="stackable" value="true"/>
		<set name="class" value="OTHER"/>
		<set name="ex_type" value="OTHER_ITEMS"/>
		<set name="crystal_type" value="C"/>
		<set name="type" value="OTHER"/>
	</etcitem>
	<etcitem id="22250" name="Mysterious Blessed Spiritshot (B-Grade)">
		<set name="icon" value="icon.etc_spell_shot_red_i01"/>
		<set name="stackable" value="true"/>
		<set name="class" value="OTHER"/>
		<set name="ex_type" value="OTHER_ITEMS"/>
		<set name="crystal_type" value="B"/>
		<set name="type" value="OTHER"/>
	</etcitem>
	<etcitem id="22251" name="Mysterious Blessed Spiritshot (A-Grade)">
		<set name="icon" value="icon.etc_spell_shot_silver_i01"/>
		<set name="stackable" value="true"/>
		<set name="class" value="OTHER"/>
		<set name="ex_type" value="OTHER_ITEMS"/>
		<set name="crystal_type" value="A"/>
		<set name="type" value="OTHER"/>
	</etcitem>
	<etcitem id="22252" name="Mysterious Blessed Spiritshot (S-Grade)">
		<set name="icon" value="icon.etc_spell_shot_gold_i01"/>
		<set name="stackable" value="true"/>
		<set name="class" value="OTHER"/>
		<set name="ex_type" value="OTHER_ITEMS"/>
		<set name="crystal_type" value="S"/>
		<set name="type" value="OTHER"/>
	</etcitem>
	<etcitem id="22253" name="Mysterious Blessed Spiritshot Pack">
		<set name="icon" value="BranchSys.icon.br_four_leaf_clover_box_i00"/>
		<set name="stackable" value="true"/>
		<set name="class" value="OTHER"/>
		<set name="ex_type" value="OTHER_ITEMS"/>
		<set name="crystal_type" value="NONE"/>
		<set name="type" value="OTHER"/>
	</etcitem>
	<etcitem id="22255" name="Mysterious Friend Summon Bracelet 30 day Pack">
		<set name="icon" value="BranchSys.icon.br_four_leaf_clover_box_i00"/>
		<set name="stackable" value="true"/>
		<set name="class" value="OTHER"/>
		<set name="ex_type" value="OTHER_ITEMS"/>
		<set name="crystal_type" value="NONE"/>
		<set name="type" value="OTHER"/>
	</etcitem>
	<etcitem id="22290" name="Recipe: Happy Cake" add_name="Event">
		<set name="icon" value="BranchSys.icon.br_valentine_recipe_i00"/>
		<set name="type" value="RECIPE"/>
		<set name="weight" value="10"/>
		<set name="crystal_type" value="NONE"/>
		<set name="stackable" value="true"/>
	</etcitem>
</list>
