<?xml version="1.0" encoding="UTF-8"?>
<!DOCTYPE list SYSTEM "item.dtd">
<list>
	<etcitem id="22700" name="Камень Восстановления Облика Снаряжения - Ранг R">
		<set name="icon" value="BranchSys3.icon.g_bless_wp_processing_stone_r"/>
		<set name="type" value="OTHER"/>
		<set name="destroyable" value="true"/>
		<set name="dropable" value="false"/>
		<set name="augmentable" value="false"/>
		<set name="enchantable" value="false"/>
		<set name="attributable" value="false"/>
		<set name="sellable" value="false"/>
		<set name="tradeable" value="false"/>
		<set name="stackable" value="true"/>
		<set name="weight" value="0"/>
		<cond msgId="1508">
			<not>
				<player olympiad="true"/>
			</not>
		</cond>
	</etcitem>
	<!--
		Изменен: 22:02/13.02.2012, Mifesto
		Название: Камень Восстановления Облика Снаряжения - Ранг S
		Описание: Витаминный предмет
		Может возвращать обработанному снаряжению (оружию/доспехам) Ранга S первоначальный облик. Активация двойным щелчком мыши. Нельзя обменять/выбросить. Можно уничтожить/хранить в личном хранилище.
	-->
	<etcitem id="22701" name="Камень Восстановления Облика Снаряжения - Ранг S">
		<set name="icon" value="BranchSys3.icon.g_bless_wp_processing_stone_s"/>
		<set name="type" value="OTHER"/>
		<set name="destroyable" value="true"/>
		<set name="dropable" value="false"/>
		<set name="augmentable" value="false"/>
		<set name="enchantable" value="false"/>
		<set name="attributable" value="false"/>
		<set name="sellable" value="false"/>
		<set name="tradeable" value="false"/>
		<set name="stackable" value="true"/>
		<set name="weight" value="0"/>
		<cond msgId="1508">
			<not>
				<player olympiad="true"/>
			</not>
		</cond>
	</etcitem>
	<!--
		Изменен: 22:02/13.02.2012, Mifesto
		Название: Камень Восстановления Облика Снаряжения - Ранг A
		Описание: Витаминный предмет
		Может возвращать обработанному снаряжению (оружию/доспехам) Ранга A первоначальный облик. Активация двойным щелчком мыши. Нельзя обменять/выбросить. Можно уничтожить/хранить в личном хранилище.
	-->
	<etcitem id="22702" name="Камень Восстановления Облика Снаряжения - Ранг A">
		<set name="icon" value="BranchSys3.icon.g_bless_wp_processing_stone_a"/>
		<set name="type" value="OTHER"/>
		<set name="destroyable" value="true"/>
		<set name="dropable" value="false"/>
		<set name="augmentable" value="false"/>
		<set name="enchantable" value="false"/>
		<set name="attributable" value="false"/>
		<set name="sellable" value="false"/>
		<set name="tradeable" value="false"/>
		<set name="stackable" value="true"/>
		<set name="weight" value="0"/>
		<cond msgId="1508">
			<not>
				<player olympiad="true"/>
			</not>
		</cond>
	</etcitem>
	<!--
		Изменен: 22:02/13.02.2012, Mifesto
		Название: Камень Восстановления Облика Снаряжения - Ранг B
		Описание: Витаминный предмет
		Может возвращать обработанному снаряжению (оружию/доспехам) Ранга B первоначальный облик. Активация двойным щелчком мыши. Нельзя обменять/выбросить. Можно уничтожить/хранить в личном хранилище.
	-->
	<etcitem id="22703" name="Камень Восстановления Облика Снаряжения - Ранг B">
		<set name="icon" value="BranchSys3.icon.g_bless_wp_processing_stone_b"/>
		<set name="type" value="OTHER"/>
		<set name="destroyable" value="true"/>
		<set name="dropable" value="false"/>
		<set name="augmentable" value="false"/>
		<set name="enchantable" value="false"/>
		<set name="attributable" value="false"/>
		<set name="sellable" value="false"/>
		<set name="tradeable" value="false"/>
		<set name="stackable" value="true"/>
		<set name="weight" value="0"/>
		<cond msgId="1508">
			<not>
				<player olympiad="true"/>
			</not>
		</cond>
	</etcitem>
	<!--
		Изменен: 22:02/13.02.2012, Mifesto
		Название: Камень Восстановления Облика Снаряжения - Ранг C
		Описание: Витаминный предмет
		Может возвращать обработанному снаряжению (оружию/доспехам) Ранга C первоначальный облик. Активация двойным щелчком мыши. Нельзя обменять/выбросить. Можно уничтожить/хранить в личном хранилище.
	-->
	<etcitem id="22704" name="Камень Восстановления Облика Снаряжения - Ранг C">
		<set name="icon" value="BranchSys3.icon.g_bless_wp_processing_stone_c"/>
		<set name="type" value="OTHER"/>
		<set name="destroyable" value="true"/>
		<set name="dropable" value="false"/>
		<set name="augmentable" value="false"/>
		<set name="enchantable" value="false"/>
		<set name="attributable" value="false"/>
		<set name="sellable" value="false"/>
		<set name="tradeable" value="false"/>
		<set name="stackable" value="true"/>
		<set name="weight" value="0"/>
		<cond msgId="1508">
			<not>
				<player olympiad="true"/>
			</not>
		</cond>
	</etcitem>
	<!--
		Изменен: 22:02/13.02.2012, Mifesto
		Название: Камень Восстановления Облика Снаряжения - Ранг D
		Описание: Витаминный предмет
		Может возвращать обработанному снаряжению (оружию/доспехам) Ранга D первоначальный облик. Активация двойным щелчком мыши. Нельзя обменять/выбросить. Можно уничтожить/хранить в личном хранилище.
	-->
	<etcitem id="22705" name="Камень Восстановления Облика Снаряжения - Ранг D">
		<set name="icon" value="BranchSys3.icon.g_bless_wp_processing_stone_d"/>
		<set name="type" value="OTHER"/>
		<set name="destroyable" value="true"/>
		<set name="dropable" value="false"/>
		<set name="augmentable" value="false"/>
		<set name="enchantable" value="false"/>
		<set name="attributable" value="false"/>
		<set name="sellable" value="false"/>
		<set name="tradeable" value="false"/>
		<set name="stackable" value="true"/>
		<set name="weight" value="0"/>
		<cond msgId="1508">
			<not>
				<player olympiad="true"/>
			</not>
		</cond>
	</etcitem>
	<etcitem id="22708" name="Камень Обработки Головного Убора">
		<set name="icon" value="BranchSys3.Icon.g_shape_shifting_hair2_stone"/>
		<set name="type" value="OTHER"/>
		<set name="destroyable" value="false"/>
		<set name="dropable" value="false"/>
		<set name="augmentable" value="false"/>
		<set name="enchantable" value="false"/>
		<set name="attributable" value="false"/>
		<set name="sellable" value="false"/>
		<set name="tradeable" value="false"/>
		<set name="stackable" value="true"/>
		<set name="weight" value="0"/>
		<cond msgId="1508">
			<not>
				<player olympiad="true"/>
			</not>
		</cond>
	</etcitem>
	<!--
		Изменен: 22:02/13.02.2012, Mifesto
		Название: Благословенный Камень Обработки Головного Убора
		Описание: Витаминный предмет
		Может изменить облик головного убора. Облик можно копировать с предметов, занимающих аналогичное количество ячеек. Требуется предмет для извлечения облика, который при этом уничтожается. Параметры обработанного предмета не меняются. Использовать двойным щелчком мыши. Нельзя обменять/выбросить. Можно уничтожить. Можно положить в личное хранилище.
		
		Внимание: если изменить внешний вид женского головного убора, то он станет доступен персонажу мужского пола; если к обработанному головному убору применить кристалл души или свиток модификации, то его внешний вид вернется в исходное состояние.
		При добавлении кулона внешний вид предмета также вернется в исходное состояние.
	-->
	<etcitem id="22709" name="Благословенный Камень Обработки Головного Убора">
		<set name="icon" value="BranchSys3.Icon.g_bless_shape_shifting_hair2_stone"/>
		<set name="type" value="OTHER"/>
		<set name="destroyable" value="false"/>
		<set name="dropable" value="false"/>
		<set name="augmentable" value="false"/>
		<set name="enchantable" value="false"/>
		<set name="attributable" value="false"/>
		<set name="sellable" value="false"/>
		<set name="tradeable" value="false"/>
		<set name="stackable" value="true"/>
		<set name="weight" value="0"/>
		<cond msgId="1508">
			<not>
				<player olympiad="true"/>
			</not>
		</cond>
	</etcitem>
	<etcitem id="22727" name="Камень Обработки Японского Меча">
		<set name="icon" value="BranchSys3.Icon.g_shape_shifting_sword"/>
		<set name="type" value="OTHER"/>
		<set name="stackable" value="true"/>
		<set name="weight" value="0"/>
	</etcitem>
	<!--
		Изменен: 22:02/13.02.2012, Mifesto
		Название: Камень Обработки Японского Короткого Меча
		Описание: Витаминный предмет
		Камень, придающий кинжалу форму Японского Короткого Меча. Нельзя обменять/выбросить. Можно уничтожить. Можно положить в личное хранилище.
		
		Внимание: если к обработанному оружию применить кристалл души или свиток модификации, то его внешний вид вернется в исходное состояние.
	-->
	<etcitem id="22728" name="Камень Обработки Японского Короткого Меча">
		<set name="icon" value="BranchSys3.Icon.g_shape_shifting_dagger"/>
		<set name="type" value="OTHER"/>
		<set name="stackable" value="true"/>
		<set name="weight" value="0"/>
	</etcitem>
	<!--
		Изменен: 22:02/13.02.2012, Mifesto
		Название: Камень Обработки Японского Длинного Меча
		Описание: Витаминный предмет
		Камень, придающий двуручному мечу форму Длинного Японского Меча. Нельзя обменять/выбросить. Можно уничтожить. Можно положить в личное хранилище.
		
		Внимание: если к обработанному оружию применить кристалл души или свиток модификации, то его внешний вид вернется в исходное состояние.
	-->
	<etcitem id="22729" name="Камень Обработки Японского Длинного Меча">
		<set name="icon" value="BranchSys3.Icon.g_shape_shifting_twohand_sword"/>
		<set name="type" value="OTHER"/>
		<set name="stackable" value="true"/>
		<set name="weight" value="0"/>
	</etcitem>
	<!--
		Изменен: 22:02/13.02.2012, Mifesto
		Название: Камень Обработки Японского Кастета
		Описание: Витаминный предмет
		Камень, придающий кастету форму Японского Кастета. Нельзя обменять/выбросить. Можно уничтожить. Можно положить в личное хранилище.
		
		Внимание: если к обработанному оружию применить кристалл души или свиток модификации, то его внешний вид вернется в исходное состояние.
	-->
	<etcitem id="22730" name="Камень Обработки Японского Кастета">
		<set name="icon" value="BranchSys3.Icon.g_shape_shifting_dualfist"/>
		<set name="type" value="OTHER"/>
		<set name="stackable" value="true"/>
		<set name="weight" value="0"/>
	</etcitem>
	<!--
		Изменен: 22:02/13.02.2012, Mifesto
		Название: Камень Обработки Японского Копья
		Описание: Витаминный предмет
		Камень, придающий древковому оружию форму Японского Копья. Нельзя обменять/выбросить. Можно уничтожить. Можно положить в личное хранилище.
		
		Внимание: если к обработанному оружию применить кристалл души или свиток модификации, то его внешний вид вернется в исходное состояние.
	-->
	<etcitem id="22731" name="Камень Обработки Японского Копья">
		<set name="icon" value="BranchSys3.Icon.g_shape_shifting_pole"/>
		<set name="type" value="OTHER"/>
		<set name="stackable" value="true"/>
		<set name="weight" value="0"/>
	</etcitem>
	<!--
		Изменен: 22:02/13.02.2012, Mifesto
		Название: Камень Обработки Японского Лука
		Описание: Витаминный предмет
		Камень, придающий луку форму Японского Лука. Нельзя обменять/выбросить. Можно уничтожить. Можно положить в личное хранилище.
		
		Внимание: если к обработанному оружию применить кристалл души или свиток модификации, то его внешний вид вернется в исходное состояние.
	-->
	<etcitem id="22732" name="Камень Обработки Японского Лука">
		<set name="icon" value="BranchSys3.Icon.g_shape_shifting_bow"/>
		<set name="type" value="OTHER"/>
		<set name="stackable" value="true"/>
		<set name="weight" value="0"/>
	</etcitem>
	<!--
		Изменен: 22:02/13.02.2012, Mifesto
		Название: Камень Обработки Японского Арбалета
		Описание: Витаминный предмет
		Камень, придающий арбалету форму Японского Арбалета. Нельзя обменять/выбросить. Можно уничтожить. Можно положить в личное хранилище.
		
		Внимание: если к обработанному оружию применить кристалл души или свиток модификации, то его внешний вид вернется в исходное состояние.
	-->
	<etcitem id="22733" name="Камень Обработки Японского Арбалета">
		<set name="icon" value="BranchSys3.Icon.g_shape_shifting_twohand_crossbow"/>
		<set name="type" value="OTHER"/>
		<set name="stackable" value="true"/>
		<set name="weight" value="0"/>
	</etcitem>
	<!--
		Изменен: 22:02/13.02.2012, Mifesto
		Название: Камень Обработки Японской Дубины
		Описание: Витаминный предмет
		Камень, придающий одноручному дробящему оружию форму Японской Дубины. Нельзя обменять/выбросить. Можно уничтожить. Можно положить в личное хранилище.
		
		Внимание: если к обработанному оружию применить кристалл души или свиток модификации, то его внешний вид вернется в исходное состояние.
	-->
	<etcitem id="22734" name="Камень Обработки Японской Дубины">
		<set name="icon" value="BranchSys3.Icon.g_shape_shifting_blunt"/>
		<set name="type" value="OTHER"/>
		<set name="stackable" value="true"/>
		<set name="weight" value="0"/>
	</etcitem>
	<!--
		Изменен: 22:02/13.02.2012, Mifesto
		Название: Камень Обработки Японской Гигантской Дубины
		Описание: Витаминный предмет
		Камень, придающий двуручному дробящему оружию форму Японской Гигантской Дубины. Нельзя обменять/выбросить. Можно уничтожить. Можно положить в личное хранилище.
		
		Внимание: если к обработанному оружию применить кристалл души или свиток модификации, то его внешний вид вернется в исходное состояние.
	-->
	<etcitem id="22735" name="Камень Обработки Японской Гигантской Дубины">
		<set name="icon" value="BranchSys3.Icon.g_shape_shifting_twohand_blunt"/>
		<set name="type" value="OTHER"/>
		<set name="stackable" value="true"/>
		<set name="weight" value="0"/>
	</etcitem>
	<!--
		Изменен: 22:02/13.02.2012, Mifesto
		Название: Камень Обработки Японской Магической Дубины
		Описание: Витаминный предмет
		Камень, придающий одноручному магическому дробящему оружию форму Японской Магической Дубины. Нельзя обменять/выбросить. Можно уничтожить. Можно положить в личное хранилище.
		
		Внимание: если к обработанному оружию применить кристалл души или свиток модификации, то его внешний вид вернется в исходное состояние.
	-->
	<etcitem id="22736" name="Камень Обработки Японской Магической Дубины">
		<set name="icon" value="BranchSys3.Icon.g_shape_shifting_magic_blunt"/>
		<set name="type" value="OTHER"/>
		<set name="stackable" value="true"/>
		<set name="weight" value="0"/>
	</etcitem>
	<!--
		Изменен: 22:02/13.02.2012, Mifesto
		Название: Камень Обработки Японской Гигантской Магической Дубины
		Описание: Витаминный предмет
		Камень, придающий двуручному магическому дробящему оружию форму Японской Гигантской Магической Дубины. Нельзя обменять/выбросить. Можно уничтожить. Можно положить в личное хранилище.
		
		Внимание: если к обработанному оружию применить кристалл души или свиток модификации, то его внешний вид вернется в исходное состояние.
	-->
	<etcitem id="22737" name="Камень Обработки Японской Гигантской Магической Дубины">
		<set name="icon" value="BranchSys3.Icon.g_shape_shifting_magic_twohand_blunt"/>
		<set name="type" value="OTHER"/>
		<set name="stackable" value="true"/>
		<set name="weight" value="0"/>
	</etcitem>
	<!--
		Изменен: 22:02/13.02.2012, Mifesto
		Название: Камень Обработки Японских Парных Мечей
		Описание: Витаминный предмет
		Камень, придающий парным мечам форму Японских Парных Мечей. Нельзя обменять/выбросить. Можно уничтожить. Можно положить в личное хранилище.
		
		Внимание: если к обработанному оружию применить кристалл души или свиток модификации, то его внешний вид вернется в исходное состояние.
	-->
	<etcitem id="22738" name="Камень Обработки Японских Парных Мечей">
		<set name="icon" value="BranchSys3.Icon.g_shape_shifting_dual"/>
		<set name="type" value="OTHER"/>
		<set name="stackable" value="true"/>
		<set name="weight" value="0"/>
	</etcitem>
	<!--
		Изменен: 22:02/13.02.2012, Mifesto
		Название: Камень Обработки Японских Парных Коротких Мечей
		Описание: Витаминный предмет
		Камень, придающий парным кинжалам форму Японских Парных Коротких Мечей. Нельзя обменять/выбросить. Можно уничтожить. Можно положить в личное хранилище.
		
		Внимание: если к обработанному оружию применить кристалл души или свиток модификации, то его внешний вид вернется в исходное состояние.
	-->
	<etcitem id="22739" name="Камень Обработки Японских Парных Коротких Мечей">
		<set name="icon" value="BranchSys3.Icon.g_shape_shifting_dualdagger"/>
		<set name="type" value="OTHER"/>
		<set name="stackable" value="true"/>
		<set name="weight" value="0"/>
	</etcitem>
	<!--
		Изменен: 22:02/13.02.2012, Mifesto
		Название: Камень Обработки Японских Парных Дубин
		Описание: Витаминный предмет
		Камень, придающий парному дробящему оружию форму Японских Парных Дубин. Нельзя обменять/выбросить. Можно уничтожить. Можно положить в личное хранилище.
		
		Внимание: если к обработанному оружию применить кристалл души или свиток модификации, то его внешний вид вернется в исходное состояние.
	-->
	<etcitem id="22740" name="Камень Обработки Японских Парных Дубин">
		<set name="icon" value="BranchSys3.Icon.g_shape_shifting_dualblunt"/>
		<set name="type" value="OTHER"/>
		<set name="stackable" value="true"/>
		<set name="weight" value="0"/>
	</etcitem>
	<!--
		Изменен: 22:02/13.02.2012, Mifesto
		Название: Камень Обработки Японского Щита
		Описание: Витаминный предмет
		Камень, придающий щиту форму Японского Щита. Нельзя обменять/выбросить. Можно уничтожить. Можно положить в личное хранилище.
		
		Внимание: если к обработанному доспеху применить кристалл души или свиток модификации, то его внешний вид вернется в исходное состояние.
	-->
	<etcitem id="22741" name="Камень Обработки Японского Щита">
		<set name="icon" value="BranchSys3.Icon.g_shape_shifting_shield"/>
		<set name="type" value="OTHER"/>
		<set name="stackable" value="true"/>
		<set name="weight" value="0"/>
	</etcitem>
	<!--
		Изменен: 22:02/13.02.2012, Mifesto
		Название: Камень Обработки Японского Символа
		Описание: Витаминный предмет
		Камень, придающий символу форму Японского Символа. Нельзя обменять/выбросить. Можно уничтожить. Можно положить в личное хранилище.
		
		Внимание: если к обработанному доспеху применить кристалл души или свиток модификации, то его внешний вид вернется в исходное состояние.
	-->
	<etcitem id="22742" name="Камень Обработки Японского Символа">
		<set name="icon" value="BranchSys3.Icon.g_shape_shifting_sigil"/>
		<set name="type" value="OTHER"/>
		<set name="stackable" value="true"/>
		<set name="weight" value="0"/>
	</etcitem>
</list>
