<?xml version="1.0" encoding="UTF-8"?>
<!DOCTYPE list SYSTEM "item.dtd">
<list>
	<etcitem id="23486" name="?????? ????????? ??????? ???? ??????" add_name="14 ????">
		<set name="icon" value="BranchSys3.icon1.g_scrl_change_chest"/>
		<set name="type" value="OTHER"/>
		<set name="stackable" value="true"/>
		<set name="weight" value="0"/>
	</etcitem>
	<!--
		???????: 22:02/13.02.2012, Mifesto
		????????: ?????? ????????? ??????? ???? ??????
		????????: ?????? ????????? ??????? ???? ??????. ????? ????????? ? ?????????? ??? ??????? ???????, ????????? ??? ? ?????? ???? ??????. ???????? ??? ???????? ????? ??????? ??? ?????? ????? ??????????????. ?????? ????????/?????????. ????? ?????????? ? ???????? ? ?????? ?????????.
		
		????????: ???? ? ????????????? ??????? ????????? ???????? ???? ??? ?????? ???????????, ?? ??? ??????? ??? ???????? ? ???????? ?????????.
	-->
	<etcitem id="23487" name="?????? ????????? ??????? ???? ??????">
		<set name="icon" value="BranchSys3.icon1.g_scrl_change_chest"/>
		<set name="type" value="OTHER"/>
		<set name="stackable" value="true"/>
		<set name="weight" value="0"/>
	</etcitem>
</list>
