<?xml version="1.0" encoding="UTF-8"?>
<!DOCTYPE list SYSTEM "item.dtd">
<list>
	<etcitem id="31579" name="Unidentified Boots of Power">
		<!--Done By Darvin (c)Java - Team 2012-->
		<set name="class" value="OTHER"/>
		<set name="ex_type" value="OTHER_ITEMS"/>
		<set name="crystal_type" value="NONE"/>
		<set name="stackable" value="false"/>
		<set name="type" value="OTHER"/>
		<skills>
			<skill id="12188" level="1"/>
		</skills>
	</etcitem>
	<etcitem id="31580" name="Unidentified Black Pearl Ring">
		<!--Done By Darvin (c)Java - Team 2012-->
		<set name="class" value="OTHER"/>
		<set name="ex_type" value="OTHER_ITEMS"/>
		<set name="crystal_type" value="NONE"/>
		<set name="stackable" value="false"/>
		<set name="type" value="OTHER"/>
		<skills>
			<skill id="12189" level="1"/>
		</skills>
	</etcitem>
	<etcitem id="31581" name="Unidentified Black Pearl Ring">
		<!--Done By Darvin (c)Java - Team 2012-->
		<set name="class" value="OTHER"/>
		<set name="ex_type" value="OTHER_ITEMS"/>
		<set name="crystal_type" value="NONE"/>
		<set name="stackable" value="false"/>
		<set name="type" value="OTHER"/>
		<skills>
			<skill id="12190" level="1"/>
		</skills>
	</etcitem>
	<etcitem id="31582" name="Unidentified Ring of Black Ore">
		<!--Done By Darvin (c)Java - Team 2012-->
		<set name="class" value="OTHER"/>
		<set name="ex_type" value="OTHER_ITEMS"/>
		<set name="crystal_type" value="NONE"/>
		<set name="stackable" value="false"/>
		<set name="type" value="OTHER"/>
		<skills>
			<skill id="12191" level="1"/>
		</skills>
	</etcitem>
	<etcitem id="31583" name="Unidentified Necklace of Black Ore">
		<!--Done By Darvin (c)Java - Team 2012-->
		<set name="class" value="OTHER"/>
		<set name="ex_type" value="OTHER_ITEMS"/>
		<set name="crystal_type" value="NONE"/>
		<set name="stackable" value="false"/>
		<set name="type" value="OTHER"/>
		<skills>
			<skill id="12192" level="1"/>
		</skills>
	</etcitem>
	<etcitem id="31584" name="Unidentified Earring of Black Ore">
		<!--Done By Darvin (c)Java - Team 2012-->
		<set name="class" value="OTHER"/>
		<set name="ex_type" value="OTHER_ITEMS"/>
		<set name="crystal_type" value="NONE"/>
		<set name="stackable" value="false"/>
		<set name="type" value="OTHER"/>
		<skills>
			<skill id="12193" level="1"/>
		</skills>
	</etcitem>
	<etcitem id="31585" name="Unidentified Ghost Staff">
		<!--Done By Darvin (c)Java - Team 2012-->
		<set name="class" value="OTHER"/>
		<set name="ex_type" value="OTHER_ITEMS"/>
		<set name="crystal_type" value="NONE"/>
		<set name="stackable" value="false"/>
		<set name="type" value="OTHER"/>
		<skills>
			<skill id="12194" level="1"/>
		</skills>
	</etcitem>
	<etcitem id="31586" name="Unidentified Ghost Staff">
		<!--Done By Darvin (c)Java - Team 2012-->
		<set name="class" value="OTHER"/>
		<set name="ex_type" value="OTHER_ITEMS"/>
		<set name="crystal_type" value="NONE"/>
		<set name="stackable" value="false"/>
		<set name="type" value="OTHER"/>
		<skills>
			<skill id="12195" level="1"/>
		</skills>
	</etcitem>
	<etcitem id="31587" name="Unidentified Hoplon">
		<!--Done By Darvin (c)Java - Team 2012-->
		<set name="class" value="OTHER"/>
		<set name="ex_type" value="OTHER_ITEMS"/>
		<set name="crystal_type" value="NONE"/>
		<set name="stackable" value="false"/>
		<set name="type" value="OTHER"/>
		<skills>
			<skill id="12196" level="1"/>
		</skills>
	</etcitem>
	<etcitem id="31588" name="Unidentified Stockings of Zubei">
		<!--Done By Darvin (c)Java - Team 2012-->
		<set name="class" value="OTHER"/>
		<set name="ex_type" value="OTHER_ITEMS"/>
		<set name="crystal_type" value="NONE"/>
		<set name="stackable" value="false"/>
		<set name="type" value="OTHER"/>
		<skills>
			<skill id="12197" level="1"/>
		</skills>
	</etcitem>
	<etcitem id="31589" name="Unidentified Stockings of Doom">
		<!--Done By Darvin (c)Java - Team 2012-->
		<set name="class" value="OTHER"/>
		<set name="ex_type" value="OTHER_ITEMS"/>
		<set name="crystal_type" value="NONE"/>
		<set name="stackable" value="false"/>
		<set name="type" value="OTHER"/>
		<skills>
			<skill id="12198" level="1"/>
		</skills>
	</etcitem>
	<etcitem id="31590" name="Unidentified Homunkulus's Sword">
		<!--Done By Darvin (c)Java - Team 2012-->
		<set name="class" value="OTHER"/>
		<set name="ex_type" value="OTHER_ITEMS"/>
		<set name="crystal_type" value="NONE"/>
		<set name="stackable" value="false"/>
		<set name="type" value="OTHER"/>
		<skills>
			<skill id="12199" level="1"/>
		</skills>
	</etcitem>
	<etcitem id="31591" name="Unidentified Blood of the Sage">
		<!--Done By Darvin (c)Java - Team 2012-->
		<set name="class" value="OTHER"/>
		<set name="ex_type" value="OTHER_ITEMS"/>
		<set name="crystal_type" value="NONE"/>
		<set name="stackable" value="false"/>
		<set name="type" value="OTHER"/>
		<skills>
			<skill id="12200" level="1"/>
		</skills>
	</etcitem>
	<etcitem id="31592" name="Unidentified Sage's Staff">
		<!--Done By Darvin (c)Java - Team 2012-->
		<set name="class" value="OTHER"/>
		<set name="ex_type" value="OTHER_ITEMS"/>
		<set name="crystal_type" value="NONE"/>
		<set name="stackable" value="false"/>
		<set name="type" value="OTHER"/>
		<skills>
			<skill id="12201" level="1"/>
		</skills>
	</etcitem>
	<etcitem id="31593" name="Unidentified Sage's Ring">
		<!--Done By Darvin (c)Java - Team 2012-->
		<set name="class" value="OTHER"/>
		<set name="ex_type" value="OTHER_ITEMS"/>
		<set name="crystal_type" value="NONE"/>
		<set name="stackable" value="false"/>
		<set name="type" value="OTHER"/>
		<skills>
			<skill id="12202" level="1"/>
		</skills>
	</etcitem>
	<etcitem id="31594" name="Unidentified Sage's Necklace">
		<!--Done By Darvin (c)Java - Team 2012-->
		<set name="class" value="OTHER"/>
		<set name="ex_type" value="OTHER_ITEMS"/>
		<set name="crystal_type" value="NONE"/>
		<set name="stackable" value="false"/>
		<set name="type" value="OTHER"/>
		<skills>
			<skill id="12203" level="1"/>
		</skills>
	</etcitem>
	<etcitem id="31595" name="Unidentified Sage's Rags">
		<!--Done By Darvin (c)Java - Team 2012-->
		<set name="class" value="OTHER"/>
		<set name="ex_type" value="OTHER_ITEMS"/>
		<set name="crystal_type" value="NONE"/>
		<set name="stackable" value="false"/>
		<set name="type" value="OTHER"/>
		<skills>
			<skill id="12204" level="1"/>
		</skills>
	</etcitem>
	<etcitem id="31596" name="Unidentified Sage's Worn Gloves">
		<!--Done By Darvin (c)Java - Team 2012-->
		<set name="class" value="OTHER"/>
		<set name="ex_type" value="OTHER_ITEMS"/>
		<set name="crystal_type" value="NONE"/>
		<set name="stackable" value="false"/>
		<set name="type" value="OTHER"/>
		<skills>
			<skill id="12205" level="1"/>
		</skills>
	</etcitem>
	<etcitem id="31597" name="Unidentified Sage's Earring">
		<!--Done By Darvin (c)Java - Team 2012-->
		<set name="class" value="OTHER"/>
		<set name="ex_type" value="OTHER_ITEMS"/>
		<set name="crystal_type" value="NONE"/>
		<set name="stackable" value="false"/>
		<set name="type" value="OTHER"/>
		<skills>
			<skill id="12206" level="1"/>
		</skills>
	</etcitem>
	<etcitem id="31598" name="Unidentified Sword of Revolution*Sword of Revolution">
		<!--Done By Darvin (c)Java - Team 2012-->
		<set name="class" value="OTHER"/>
		<set name="ex_type" value="OTHER_ITEMS"/>
		<set name="crystal_type" value="NONE"/>
		<set name="stackable" value="false"/>
		<set name="type" value="OTHER"/>
		<skills>
			<skill id="12207" level="1"/>
		</skills>
	</etcitem>
	<etcitem id="31599" name="Unidentified Sword of Revolution*Elven Long Sword">
		<!--Done By Darvin (c)Java - Team 2012-->
		<set name="class" value="OTHER"/>
		<set name="ex_type" value="OTHER_ITEMS"/>
		<set name="crystal_type" value="NONE"/>
		<set name="stackable" value="false"/>
		<set name="type" value="OTHER"/>
		<skills>
			<skill id="12208" level="1"/>
		</skills>
	</etcitem>
</list>
