<?xml version="1.0" encoding="UTF-8"?>
<!DOCTYPE list SYSTEM "item.dtd">
<list>
	<etcitem id="31600" name="Unidentified Sword of Revolution">
		<!--Done By Darvin (c)Java - Team 2012-->
		<set name="class" value="OTHER"/>
		<set name="ex_type" value="OTHER_ITEMS"/>
		<set name="crystal_type" value="NONE"/>
		<set name="stackable" value="false"/>
		<set name="type" value="OTHER"/>
		<skills>
			<skill id="12209" level="1"/>
		</skills>
	</etcitem>
	<etcitem id="31601" name="Unidentified Helmet">
		<!--Done By Darvin (c)Java - Team 2012-->
		<set name="class" value="OTHER"/>
		<set name="ex_type" value="OTHER_ITEMS"/>
		<set name="crystal_type" value="NONE"/>
		<set name="stackable" value="false"/>
		<set name="type" value="OTHER"/>
		<skills>
			<skill id="12210" level="1"/>
		</skills>
	</etcitem>
	<etcitem id="31602" name="Unidentified Twilight Knife">
		<!--Done By Darvin (c)Java - Team 2012-->
		<set name="class" value="OTHER"/>
		<set name="ex_type" value="OTHER_ITEMS"/>
		<set name="crystal_type" value="NONE"/>
		<set name="stackable" value="false"/>
		<set name="type" value="OTHER"/>
		<skills>
			<skill id="12211" level="1"/>
		</skills>
	</etcitem>
	<etcitem id="31603" name="Unidentified Heavy Mace">
		<!--Done By Darvin (c)Java - Team 2012-->
		<set name="class" value="OTHER"/>
		<set name="ex_type" value="OTHER_ITEMS"/>
		<set name="crystal_type" value="NONE"/>
		<set name="stackable" value="false"/>
		<set name="type" value="OTHER"/>
		<skills>
			<skill id="12212" level="1"/>
		</skills>
	</etcitem>
	<etcitem id="31604" name="Unidentified Heavy War Axe">
		<!--Done By Darvin (c)Java - Team 2012-->
		<set name="class" value="OTHER"/>
		<set name="ex_type" value="OTHER_ITEMS"/>
		<set name="crystal_type" value="NONE"/>
		<set name="stackable" value="false"/>
		<set name="type" value="OTHER"/>
		<skills>
			<skill id="12213" level="1"/>
		</skills>
	</etcitem>
	<etcitem id="31605" name="Unidentified Heavy Sword">
		<!--Done By Darvin (c)Java - Team 2012-->
		<set name="class" value="OTHER"/>
		<set name="ex_type" value="OTHER_ITEMS"/>
		<set name="crystal_type" value="NONE"/>
		<set name="stackable" value="false"/>
		<set name="type" value="OTHER"/>
		<skills>
			<skill id="12214" level="1"/>
		</skills>
	</etcitem>
	<etcitem id="31606" name="Unidentified Heavy Bone Club">
		<!--Done By Darvin (c)Java - Team 2012-->
		<set name="class" value="OTHER"/>
		<set name="ex_type" value="OTHER_ITEMS"/>
		<set name="crystal_type" value="NONE"/>
		<set name="stackable" value="false"/>
		<set name="type" value="OTHER"/>
		<skills>
			<skill id="12215" level="1"/>
		</skills>
	</etcitem>
	<etcitem id="31607" name="Unidentified Heavy Doom Hammer">
		<!--Done By Darvin (c)Java - Team 2012-->
		<set name="class" value="OTHER"/>
		<set name="ex_type" value="OTHER_ITEMS"/>
		<set name="crystal_type" value="NONE"/>
		<set name="stackable" value="false"/>
		<set name="type" value="OTHER"/>
		<skills>
			<skill id="12216" level="1"/>
		</skills>
	</etcitem>
	<etcitem id="31608" name="Unidentified Heavy Doom Axe">
		<!--Done By Darvin (c)Java - Team 2012-->
		<set name="class" value="OTHER"/>
		<set name="ex_type" value="OTHER_ITEMS"/>
		<set name="crystal_type" value="NONE"/>
		<set name="stackable" value="false"/>
		<set name="type" value="OTHER"/>
		<skills>
			<skill id="12217" level="1"/>
		</skills>
	</etcitem>
	<etcitem id="31609" name="Unidentified Heavens Divider">
		<!--Done By Darvin (c)Java - Team 2012-->
		<set name="class" value="OTHER"/>
		<set name="ex_type" value="OTHER_ITEMS"/>
		<set name="crystal_type" value="NONE"/>
		<set name="stackable" value="false"/>
		<set name="type" value="OTHER"/>
		<skills>
			<skill id="12218" level="1"/>
		</skills>
	</etcitem>
	<etcitem id="31610" name="Unidentified Field Gun">
		<!--Done By Darvin (c)Java - Team 2012-->
		<set name="class" value="OTHER"/>
		<set name="ex_type" value="OTHER_ITEMS"/>
		<set name="crystal_type" value="NONE"/>
		<set name="stackable" value="false"/>
		<set name="type" value="OTHER"/>
		<skills>
			<skill id="12219" level="1"/>
		</skills>
	</etcitem>
	<etcitem id="31611" name="Unidentified Field Sword">
		<!--Done By Darvin (c)Java - Team 2012-->
		<set name="class" value="OTHER"/>
		<set name="ex_type" value="OTHER_ITEMS"/>
		<set name="crystal_type" value="NONE"/>
		<set name="stackable" value="false"/>
		<set name="type" value="OTHER"/>
		<skills>
			<skill id="12220" level="1"/>
		</skills>
	</etcitem>
	<etcitem id="31612" name="Unidentified Ring of Devotion">
		<!--Done By Darvin (c)Java - Team 2012-->
		<set name="class" value="OTHER"/>
		<set name="ex_type" value="OTHER_ITEMS"/>
		<set name="crystal_type" value="NONE"/>
		<set name="stackable" value="false"/>
		<set name="type" value="OTHER"/>
		<skills>
			<skill id="12221" level="1"/>
		</skills>
	</etcitem>
	<etcitem id="31613" name="Unidentified Necklace of Devotion">
		<!--Done By Darvin (c)Java - Team 2012-->
		<set name="class" value="OTHER"/>
		<set name="ex_type" value="OTHER_ITEMS"/>
		<set name="crystal_type" value="NONE"/>
		<set name="stackable" value="false"/>
		<set name="type" value="OTHER"/>
		<skills>
			<skill id="12222" level="1"/>
		</skills>
	</etcitem>
	<etcitem id="31614" name="Unidentified Halberd">
		<!--Done By Darvin (c)Java - Team 2012-->
		<set name="class" value="OTHER"/>
		<set name="ex_type" value="OTHER_ITEMS"/>
		<set name="crystal_type" value="NONE"/>
		<set name="stackable" value="false"/>
		<set name="type" value="OTHER"/>
		<skills>
			<skill id="12223" level="1"/>
		</skills>
	</etcitem>
	<etcitem id="31615" name="Unidentified Hand Axe">
		<!--Done By Darvin (c)Java - Team 2012-->
		<set name="class" value="OTHER"/>
		<set name="ex_type" value="OTHER_ITEMS"/>
		<set name="crystal_type" value="NONE"/>
		<set name="stackable" value="false"/>
		<set name="type" value="OTHER"/>
		<skills>
			<skill id="12224" level="1"/>
		</skills>
	</etcitem>
	<etcitem id="31616" name="Unidentified Hand Crossbow">
		<!--Done By Darvin (c)Java - Team 2012-->
		<set name="class" value="OTHER"/>
		<set name="ex_type" value="OTHER_ITEMS"/>
		<set name="crystal_type" value="NONE"/>
		<set name="stackable" value="false"/>
		<set name="type" value="OTHER"/>
		<skills>
			<skill id="12225" level="1"/>
		</skills>
	</etcitem>
	<etcitem id="31617" name="Unidentified Hand Crossbow">
		<!--Done By Darvin (c)Java - Team 2012-->
		<set name="class" value="OTHER"/>
		<set name="ex_type" value="OTHER_ITEMS"/>
		<set name="crystal_type" value="NONE"/>
		<set name="stackable" value="false"/>
		<set name="type" value="OTHER"/>
		<skills>
			<skill id="12226" level="1"/>
		</skills>
	</etcitem>
	<etcitem id="31618" name="Unidentified Hand Crossbow">
		<!--Done By Darvin (c)Java - Team 2012-->
		<set name="class" value="OTHER"/>
		<set name="ex_type" value="OTHER_ITEMS"/>
		<set name="crystal_type" value="NONE"/>
		<set name="stackable" value="false"/>
		<set name="type" value="OTHER"/>
		<skills>
			<skill id="12227" level="1"/>
		</skills>
	</etcitem>
	<etcitem id="31619" name="Unidentified Bow of Peril">
		<!--Done By Darvin (c)Java - Team 2012-->
		<set name="class" value="OTHER"/>
		<set name="ex_type" value="OTHER_ITEMS"/>
		<set name="crystal_type" value="NONE"/>
		<set name="stackable" value="false"/>
		<set name="type" value="OTHER"/>
		<skills>
			<skill id="12228" level="1"/>
		</skills>
	</etcitem>
	<etcitem id="31620" name="Unidentified War Pick">
		<!--Done By Darvin (c)Java - Team 2012-->
		<set name="class" value="OTHER"/>
		<set name="ex_type" value="OTHER_ITEMS"/>
		<set name="crystal_type" value="NONE"/>
		<set name="stackable" value="false"/>
		<set name="type" value="OTHER"/>
		<skills>
			<skill id="12229" level="1"/>
		</skills>
	</etcitem>
	<etcitem id="31621" name="Unidentified Compound Scale Mail">
		<!--Done By Darvin (c)Java - Team 2012-->
		<set name="class" value="OTHER"/>
		<set name="ex_type" value="OTHER_ITEMS"/>
		<set name="crystal_type" value="NONE"/>
		<set name="stackable" value="false"/>
		<set name="type" value="OTHER"/>
		<skills>
			<skill id="12230" level="1"/>
		</skills>
	</etcitem>
	<etcitem id="31622" name="Unidentified Compound Scale Gaiters">
		<!--Done By Darvin (c)Java - Team 2012-->
		<set name="class" value="OTHER"/>
		<set name="ex_type" value="OTHER_ITEMS"/>
		<set name="crystal_type" value="NONE"/>
		<set name="stackable" value="false"/>
		<set name="type" value="OTHER"/>
		<skills>
			<skill id="12231" level="1"/>
		</skills>
	</etcitem>
	<etcitem id="31623" name="Unidentified Half Plate">
		<!--Done By Darvin (c)Java - Team 2012-->
		<set name="class" value="OTHER"/>
		<set name="ex_type" value="OTHER_ITEMS"/>
		<set name="crystal_type" value="NONE"/>
		<set name="stackable" value="false"/>
		<set name="type" value="OTHER"/>
		<skills>
			<skill id="12232" level="1"/>
		</skills>
	</etcitem>
	<etcitem id="31624" name="Unidentified Half Plate">
		<!--Done By Darvin (c)Java - Team 2012-->
		<set name="class" value="OTHER"/>
		<set name="ex_type" value="OTHER_ITEMS"/>
		<set name="crystal_type" value="NONE"/>
		<set name="stackable" value="false"/>
		<set name="type" value="OTHER"/>
		<skills>
			<skill id="12233" level="1"/>
		</skills>
	</etcitem>
	<etcitem id="31625" name="Unidentified Lesser Giant's Hammer">
		<!--Done By Darvin (c)Java - Team 2012-->
		<set name="class" value="OTHER"/>
		<set name="ex_type" value="OTHER_ITEMS"/>
		<set name="crystal_type" value="NONE"/>
		<set name="stackable" value="false"/>
		<set name="type" value="OTHER"/>
		<skills>
			<skill id="12234" level="1"/>
		</skills>
	</etcitem>
	<etcitem id="31626" name="Unidentified Lesser Giant's Sword">
		<!--Done By Darvin (c)Java - Team 2012-->
		<set name="class" value="OTHER"/>
		<set name="ex_type" value="OTHER_ITEMS"/>
		<set name="crystal_type" value="NONE"/>
		<set name="stackable" value="false"/>
		<set name="type" value="OTHER"/>
		<skills>
			<skill id="12235" level="1"/>
		</skills>
	</etcitem>
	<etcitem id="31627" name="Unidentified Tome of Blood">
		<!--Done By Darvin (c)Java - Team 2012-->
		<set name="class" value="OTHER"/>
		<set name="ex_type" value="OTHER_ITEMS"/>
		<set name="crystal_type" value="NONE"/>
		<set name="stackable" value="false"/>
		<set name="type" value="OTHER"/>
		<skills>
			<skill id="12236" level="1"/>
		</skills>
	</etcitem>
	<etcitem id="31628" name="Unidentified Crucifix of Blood">
		<!--Done By Darvin (c)Java - Team 2012-->
		<set name="class" value="OTHER"/>
		<set name="ex_type" value="OTHER_ITEMS"/>
		<set name="crystal_type" value="NONE"/>
		<set name="stackable" value="false"/>
		<set name="type" value="OTHER"/>
		<skills>
			<skill id="12237" level="1"/>
		</skills>
	</etcitem>
	<etcitem id="31629" name="Unidentified Fisted Blade">
		<!--Done By Darvin (c)Java - Team 2012-->
		<set name="class" value="OTHER"/>
		<set name="ex_type" value="OTHER_ITEMS"/>
		<set name="crystal_type" value="NONE"/>
		<set name="stackable" value="false"/>
		<set name="type" value="OTHER"/>
		<skills>
			<skill id="12238" level="1"/>
		</skills>
	</etcitem>
	<etcitem id="31630" name="Unidentified Phoenix Earring">
		<!--Done By Darvin (c)Java - Team 2012-->
		<set name="class" value="OTHER"/>
		<set name="ex_type" value="OTHER_ITEMS"/>
		<set name="crystal_type" value="NONE"/>
		<set name="stackable" value="false"/>
		<set name="type" value="OTHER"/>
		<skills>
			<skill id="12239" level="1"/>
		</skills>
	</etcitem>
	<etcitem id="31631" name="Unidentified Phoenix Ring">
		<!--Done By Darvin (c)Java - Team 2012-->
		<set name="class" value="OTHER"/>
		<set name="ex_type" value="OTHER_ITEMS"/>
		<set name="crystal_type" value="NONE"/>
		<set name="stackable" value="false"/>
		<set name="type" value="OTHER"/>
		<skills>
			<skill id="12240" level="1"/>
		</skills>
	</etcitem>
	<etcitem id="31632" name="Unidentified Phoenix Necklace">
		<!--Done By Darvin (c)Java - Team 2012-->
		<set name="class" value="OTHER"/>
		<set name="ex_type" value="OTHER_ITEMS"/>
		<set name="crystal_type" value="NONE"/>
		<set name="stackable" value="false"/>
		<set name="type" value="OTHER"/>
		<skills>
			<skill id="12241" level="1"/>
		</skills>
	</etcitem>
	<etcitem id="31633" name="Unidentified Fleuret">
		<!--Done By Darvin (c)Java - Team 2012-->
		<set name="class" value="OTHER"/>
		<set name="ex_type" value="OTHER_ITEMS"/>
		<set name="crystal_type" value="NONE"/>
		<set name="stackable" value="false"/>
		<set name="type" value="OTHER"/>
		<skills>
			<skill id="12242" level="1"/>
		</skills>
	</etcitem>
	<etcitem id="31634" name="Unidentified Fleuret">
		<!--Done By Darvin (c)Java - Team 2012-->
		<set name="class" value="OTHER"/>
		<set name="ex_type" value="OTHER_ITEMS"/>
		<set name="crystal_type" value="NONE"/>
		<set name="stackable" value="false"/>
		<set name="type" value="OTHER"/>
		<skills>
			<skill id="12243" level="1"/>
		</skills>
	</etcitem>
	<etcitem id="31635" name="Unidentified Fleuret">
		<!--Done By Darvin (c)Java - Team 2012-->
		<set name="class" value="OTHER"/>
		<set name="ex_type" value="OTHER_ITEMS"/>
		<set name="crystal_type" value="NONE"/>
		<set name="stackable" value="false"/>
		<set name="type" value="OTHER"/>
		<skills>
			<skill id="12244" level="1"/>
		</skills>
	</etcitem>
	<etcitem id="31636" name="Unidentified Fleuret">
		<!--Done By Darvin (c)Java - Team 2012-->
		<set name="class" value="OTHER"/>
		<set name="ex_type" value="OTHER_ITEMS"/>
		<set name="crystal_type" value="NONE"/>
		<set name="stackable" value="false"/>
		<set name="type" value="OTHER"/>
		<skills>
			<skill id="12245" level="1"/>
		</skills>
	</etcitem>
	<etcitem id="31637" name="Unidentified Plate Gaiters">
		<!--Done By Darvin (c)Java - Team 2012-->
		<set name="class" value="OTHER"/>
		<set name="ex_type" value="OTHER_ITEMS"/>
		<set name="crystal_type" value="NONE"/>
		<set name="stackable" value="false"/>
		<set name="type" value="OTHER"/>
		<skills>
			<skill id="12246" level="1"/>
		</skills>
	</etcitem>
	<etcitem id="31638" name="Unidentified Plate Gaiters">
		<!--Done By Darvin (c)Java - Team 2012-->
		<set name="class" value="OTHER"/>
		<set name="ex_type" value="OTHER_ITEMS"/>
		<set name="crystal_type" value="NONE"/>
		<set name="stackable" value="false"/>
		<set name="type" value="OTHER"/>
		<skills>
			<skill id="12247" level="1"/>
		</skills>
	</etcitem>
	<etcitem id="31639" name="Unidentified Plate Helmet">
		<!--Done By Darvin (c)Java - Team 2012-->
		<set name="class" value="OTHER"/>
		<set name="ex_type" value="OTHER_ITEMS"/>
		<set name="crystal_type" value="NONE"/>
		<set name="stackable" value="false"/>
		<set name="type" value="OTHER"/>
		<skills>
			<skill id="12248" level="1"/>
		</skills>
	</etcitem>
	<etcitem id="31640" name="Unidentified Plate Helmet">
		<!--Done By Darvin (c)Java - Team 2012-->
		<set name="class" value="OTHER"/>
		<set name="ex_type" value="OTHER_ITEMS"/>
		<set name="crystal_type" value="NONE"/>
		<set name="stackable" value="false"/>
		<set name="type" value="OTHER"/>
		<skills>
			<skill id="12249" level="1"/>
		</skills>
	</etcitem>
	<etcitem id="31641" name="Unidentified Plate Shield">
		<!--Done By Darvin (c)Java - Team 2012-->
		<set name="class" value="OTHER"/>
		<set name="ex_type" value="OTHER_ITEMS"/>
		<set name="crystal_type" value="NONE"/>
		<set name="stackable" value="false"/>
		<set name="type" value="OTHER"/>
		<skills>
			<skill id="12250" level="1"/>
		</skills>
	</etcitem>
	<etcitem id="31642" name="Unidentified Plate Shield">
		<!--Done By Darvin (c)Java - Team 2012-->
		<set name="class" value="OTHER"/>
		<set name="ex_type" value="OTHER_ITEMS"/>
		<set name="crystal_type" value="NONE"/>
		<set name="stackable" value="false"/>
		<set name="type" value="OTHER"/>
		<skills>
			<skill id="12251" level="1"/>
		</skills>
	</etcitem>
	<etcitem id="31643" name="Unidentified Plate Boots">
		<!--Done By Darvin (c)Java - Team 2012-->
		<set name="class" value="OTHER"/>
		<set name="ex_type" value="OTHER_ITEMS"/>
		<set name="crystal_type" value="NONE"/>
		<set name="stackable" value="false"/>
		<set name="type" value="OTHER"/>
		<skills>
			<skill id="12252" level="1"/>
		</skills>
	</etcitem>
	<etcitem id="31644" name="Unidentified Plate Boots">
		<!--Done By Darvin (c)Java - Team 2012-->
		<set name="class" value="OTHER"/>
		<set name="ex_type" value="OTHER_ITEMS"/>
		<set name="crystal_type" value="NONE"/>
		<set name="stackable" value="false"/>
		<set name="type" value="OTHER"/>
		<skills>
			<skill id="12253" level="1"/>
		</skills>
	</etcitem>
	<etcitem id="31645" name="Unidentified Plated Leather Armor">
		<!--Done By Darvin (c)Java - Team 2012-->
		<set name="class" value="OTHER"/>
		<set name="ex_type" value="OTHER_ITEMS"/>
		<set name="crystal_type" value="NONE"/>
		<set name="stackable" value="false"/>
		<set name="type" value="OTHER"/>
		<skills>
			<skill id="12254" level="1"/>
		</skills>
	</etcitem>
	<etcitem id="31646" name="Unidentified Plated Leather Boots">
		<!--Done By Darvin (c)Java - Team 2012-->
		<set name="class" value="OTHER"/>
		<set name="ex_type" value="OTHER_ITEMS"/>
		<set name="crystal_type" value="NONE"/>
		<set name="stackable" value="false"/>
		<set name="type" value="OTHER"/>
		<skills>
			<skill id="12255" level="1"/>
		</skills>
	</etcitem>
	<etcitem id="31647" name="Unidentified Plated Leather Gloves">
		<!--Done By Darvin (c)Java - Team 2012-->
		<set name="class" value="OTHER"/>
		<set name="ex_type" value="OTHER_ITEMS"/>
		<set name="crystal_type" value="NONE"/>
		<set name="stackable" value="false"/>
		<set name="type" value="OTHER"/>
		<skills>
			<skill id="12256" level="1"/>
		</skills>
	</etcitem>
	<etcitem id="31648" name="Unidentified Plated Leather Gaiters">
		<!--Done By Darvin (c)Java - Team 2012-->
		<set name="class" value="OTHER"/>
		<set name="ex_type" value="OTHER_ITEMS"/>
		<set name="crystal_type" value="NONE"/>
		<set name="stackable" value="false"/>
		<set name="type" value="OTHER"/>
		<skills>
			<skill id="12257" level="1"/>
		</skills>
	</etcitem>
	<etcitem id="31649" name="Unidentified Flamberge">
		<!--Done By Darvin (c)Java - Team 2012-->
		<set name="class" value="OTHER"/>
		<set name="ex_type" value="OTHER_ITEMS"/>
		<set name="crystal_type" value="NONE"/>
		<set name="stackable" value="false"/>
		<set name="type" value="OTHER"/>
		<skills>
			<skill id="12258" level="1"/>
		</skills>
	</etcitem>
	<etcitem id="31650" name="Unidentified Puma Skin Shirt">
		<!--Done By Darvin (c)Java - Team 2012-->
		<set name="class" value="OTHER"/>
		<set name="ex_type" value="OTHER_ITEMS"/>
		<set name="crystal_type" value="NONE"/>
		<set name="stackable" value="false"/>
		<set name="type" value="OTHER"/>
		<skills>
			<skill id="12259" level="1"/>
		</skills>
	</etcitem>
	<etcitem id="31651" name="Unidentified Puma Skin Gaiters">
		<!--Done By Darvin (c)Java - Team 2012-->
		<set name="class" value="OTHER"/>
		<set name="ex_type" value="OTHER_ITEMS"/>
		<set name="crystal_type" value="NONE"/>
		<set name="stackable" value="false"/>
		<set name="type" value="OTHER"/>
		<skills>
			<skill id="12260" level="1"/>
		</skills>
	</etcitem>
	<etcitem id="31652" name="Unidentified Full Plate Helmet">
		<!--Done By Darvin (c)Java - Team 2012-->
		<set name="class" value="OTHER"/>
		<set name="ex_type" value="OTHER_ITEMS"/>
		<set name="crystal_type" value="NONE"/>
		<set name="stackable" value="false"/>
		<set name="type" value="OTHER"/>
		<skills>
			<skill id="12261" level="1"/>
		</skills>
	</etcitem>
	<etcitem id="31653" name="Unidentified Full Plate Armor">
		<!--Done By Darvin (c)Java - Team 2012-->
		<set name="class" value="OTHER"/>
		<set name="ex_type" value="OTHER_ITEMS"/>
		<set name="crystal_type" value="NONE"/>
		<set name="stackable" value="false"/>
		<set name="type" value="OTHER"/>
		<skills>
			<skill id="12262" level="1"/>
		</skills>
	</etcitem>
	<etcitem id="31654" name="Unidentified Full Plate Shield">
		<!--Done By Darvin (c)Java - Team 2012-->
		<set name="class" value="OTHER"/>
		<set name="ex_type" value="OTHER_ITEMS"/>
		<set name="crystal_type" value="NONE"/>
		<set name="stackable" value="false"/>
		<set name="type" value="OTHER"/>
		<skills>
			<skill id="12263" level="1"/>
		</skills>
	</etcitem>
	<etcitem id="31655" name="Unidentified Full Plate Boots">
		<!--Done By Darvin (c)Java - Team 2012-->
		<set name="class" value="OTHER"/>
		<set name="ex_type" value="OTHER_ITEMS"/>
		<set name="crystal_type" value="NONE"/>
		<set name="stackable" value="false"/>
		<set name="type" value="OTHER"/>
		<skills>
			<skill id="12264" level="1"/>
		</skills>
	</etcitem>
	<etcitem id="31656" name="Unidentified Full Plate Gauntlet">
		<!--Done By Darvin (c)Java - Team 2012-->
		<set name="class" value="OTHER"/>
		<set name="ex_type" value="OTHER_ITEMS"/>
		<set name="crystal_type" value="NONE"/>
		<set name="stackable" value="false"/>
		<set name="type" value="OTHER"/>
		<skills>
			<skill id="12265" level="1"/>
		</skills>
	</etcitem>
	<etcitem id="31657" name="Unidentified Blue Buckskin Boots">
		<!--Done By Darvin (c)Java - Team 2012-->
		<set name="class" value="OTHER"/>
		<set name="ex_type" value="OTHER_ITEMS"/>
		<set name="crystal_type" value="NONE"/>
		<set name="stackable" value="false"/>
		<set name="type" value="OTHER"/>
		<skills>
			<skill id="12266" level="1"/>
		</skills>
	</etcitem>
	<etcitem id="31658" name="Unidentified Blue Wolf Breastplate">
		<!--Done By Darvin (c)Java - Team 2012-->
		<set name="class" value="OTHER"/>
		<set name="ex_type" value="OTHER_ITEMS"/>
		<set name="crystal_type" value="NONE"/>
		<set name="stackable" value="false"/>
		<set name="type" value="OTHER"/>
		<skills>
			<skill id="12267" level="1"/>
		</skills>
	</etcitem>
	<etcitem id="31659" name="Unidentified Blue Wolf Stockings">
		<!--Done By Darvin (c)Java - Team 2012-->
		<set name="class" value="OTHER"/>
		<set name="ex_type" value="OTHER_ITEMS"/>
		<set name="crystal_type" value="NONE"/>
		<set name="stackable" value="false"/>
		<set name="type" value="OTHER"/>
		<skills>
			<skill id="12268" level="1"/>
		</skills>
	</etcitem>
	<etcitem id="31660" name="Unidentified Blue Wolf Helmet">
		<!--Done By Darvin (c)Java - Team 2012-->
		<set name="class" value="OTHER"/>
		<set name="ex_type" value="OTHER_ITEMS"/>
		<set name="crystal_type" value="NONE"/>
		<set name="stackable" value="false"/>
		<set name="type" value="OTHER"/>
		<skills>
			<skill id="12269" level="1"/>
		</skills>
	</etcitem>
	<etcitem id="31661" name="Unidentified Blue Wolf Tunic">
		<!--Done By Darvin (c)Java - Team 2012-->
		<set name="class" value="OTHER"/>
		<set name="ex_type" value="OTHER_ITEMS"/>
		<set name="crystal_type" value="NONE"/>
		<set name="stackable" value="false"/>
		<set name="type" value="OTHER"/>
		<skills>
			<skill id="12270" level="1"/>
		</skills>
	</etcitem>
	<etcitem id="31662" name="Unidentified Blue Wolf Gloves">
		<!--Done By Darvin (c)Java - Team 2012-->
		<set name="class" value="OTHER"/>
		<set name="ex_type" value="OTHER_ITEMS"/>
		<set name="crystal_type" value="NONE"/>
		<set name="stackable" value="false"/>
		<set name="type" value="OTHER"/>
		<skills>
			<skill id="12271" level="1"/>
		</skills>
	</etcitem>
	<etcitem id="31663" name="Unidentified Blue Wolf Boots">
		<!--Done By Darvin (c)Java - Team 2012-->
		<set name="class" value="OTHER"/>
		<set name="ex_type" value="OTHER_ITEMS"/>
		<set name="crystal_type" value="NONE"/>
		<set name="stackable" value="false"/>
		<set name="type" value="OTHER"/>
		<skills>
			<skill id="12272" level="1"/>
		</skills>
	</etcitem>
	<etcitem id="31664" name="Unidentified Blue Wolf Leather Armor">
		<!--Done By Darvin (c)Java - Team 2012-->
		<set name="class" value="OTHER"/>
		<set name="ex_type" value="OTHER_ITEMS"/>
		<set name="crystal_type" value="NONE"/>
		<set name="stackable" value="false"/>
		<set name="type" value="OTHER"/>
		<skills>
			<skill id="12273" level="1"/>
		</skills>
	</etcitem>
	<etcitem id="31665" name="Unidentified Blue Wolf Gaiters">
		<!--Done By Darvin (c)Java - Team 2012-->
		<set name="class" value="OTHER"/>
		<set name="ex_type" value="OTHER_ITEMS"/>
		<set name="crystal_type" value="NONE"/>
		<set name="stackable" value="false"/>
		<set name="type" value="OTHER"/>
		<skills>
			<skill id="12274" level="1"/>
		</skills>
	</etcitem>
	<etcitem id="31666" name="Unidentified Poleaxe">
		<!--Done By Darvin (c)Java - Team 2012-->
		<set name="class" value="OTHER"/>
		<set name="ex_type" value="OTHER_ITEMS"/>
		<set name="crystal_type" value="NONE"/>
		<set name="stackable" value="false"/>
		<set name="type" value="OTHER"/>
		<skills>
			<skill id="12275" level="1"/>
		</skills>
	</etcitem>
	<etcitem id="31667" name="Unidentified Forgotten Blade">
		<!--Done By Darvin (c)Java - Team 2012-->
		<set name="class" value="OTHER"/>
		<set name="ex_type" value="OTHER_ITEMS"/>
		<set name="crystal_type" value="NONE"/>
		<set name="stackable" value="false"/>
		<set name="type" value="OTHER"/>
		<skills>
			<skill id="12276" level="1"/>
		</skills>
	</etcitem>
	<etcitem id="31668" name="Unidentified Paradia Staff">
		<!--Done By Darvin (c)Java - Team 2012-->
		<set name="class" value="OTHER"/>
		<set name="ex_type" value="OTHER_ITEMS"/>
		<set name="crystal_type" value="NONE"/>
		<set name="stackable" value="false"/>
		<set name="type" value="OTHER"/>
		<skills>
			<skill id="12277" level="1"/>
		</skills>
	</etcitem>
	<etcitem id="31669" name="Unidentified Pike">
		<!--Done By Darvin (c)Java - Team 2012-->
		<set name="class" value="OTHER"/>
		<set name="ex_type" value="OTHER_ITEMS"/>
		<set name="crystal_type" value="NONE"/>
		<set name="stackable" value="false"/>
		<set name="type" value="OTHER"/>
		<skills>
			<skill id="12278" level="1"/>
		</skills>
	</etcitem>
	<etcitem id="31670" name="Unidentified Pa'agrian Hammer">
		<!--Done By Darvin (c)Java - Team 2012-->
		<set name="class" value="OTHER"/>
		<set name="ex_type" value="OTHER_ITEMS"/>
		<set name="crystal_type" value="NONE"/>
		<set name="stackable" value="false"/>
		<set name="type" value="OTHER"/>
		<skills>
			<skill id="12279" level="1"/>
		</skills>
	</etcitem>
	<etcitem id="31671" name="Unidentified Pa'agrian Axe">
		<!--Done By Darvin (c)Java - Team 2012-->
		<set name="class" value="OTHER"/>
		<set name="ex_type" value="OTHER_ITEMS"/>
		<set name="crystal_type" value="NONE"/>
		<set name="stackable" value="false"/>
		<set name="type" value="OTHER"/>
		<skills>
			<skill id="12280" level="1"/>
		</skills>
	</etcitem>
	<etcitem id="31672" name="Unidentified Poniard Dagger">
		<!--Done By Darvin (c)Java - Team 2012-->
		<set name="class" value="OTHER"/>
		<set name="ex_type" value="OTHER_ITEMS"/>
		<set name="crystal_type" value="NONE"/>
		<set name="stackable" value="false"/>
		<set name="type" value="OTHER"/>
		<skills>
			<skill id="12281" level="1"/>
		</skills>
	</etcitem>
	<etcitem id="31673" name="Unidentified Destroyer Hammer">
		<!--Done By Darvin (c)Java - Team 2012-->
		<set name="class" value="OTHER"/>
		<set name="ex_type" value="OTHER_ITEMS"/>
		<set name="crystal_type" value="NONE"/>
		<set name="stackable" value="false"/>
		<set name="type" value="OTHER"/>
		<skills>
			<skill id="12282" level="1"/>
		</skills>
	</etcitem>
	<etcitem id="31674" name="Unidentified Wizard's Tear">
		<!--Done By Darvin (c)Java - Team 2012-->
		<set name="class" value="OTHER"/>
		<set name="ex_type" value="OTHER_ITEMS"/>
		<set name="crystal_type" value="NONE"/>
		<set name="stackable" value="false"/>
		<set name="type" value="OTHER"/>
		<skills>
			<skill id="12283" level="1"/>
		</skills>
	</etcitem>
	<etcitem id="31675" name="Unidentified Trident">
		<!--Done By Darvin (c)Java - Team 2012-->
		<set name="class" value="OTHER"/>
		<set name="ex_type" value="OTHER_ITEMS"/>
		<set name="crystal_type" value="NONE"/>
		<set name="stackable" value="false"/>
		<set name="type" value="OTHER"/>
		<skills>
			<skill id="12284" level="1"/>
		</skills>
	</etcitem>
	<etcitem id="31676" name="Unidentified Tunic of Zubei">
		<!--Done By Darvin (c)Java - Team 2012-->
		<set name="class" value="OTHER"/>
		<set name="ex_type" value="OTHER_ITEMS"/>
		<set name="crystal_type" value="NONE"/>
		<set name="stackable" value="false"/>
		<set name="type" value="OTHER"/>
		<skills>
			<skill id="12285" level="1"/>
		</skills>
	</etcitem>
	<etcitem id="31677" name="Unidentified Tunic of Doom">
		<!--Done By Darvin (c)Java - Team 2012-->
		<set name="class" value="OTHER"/>
		<set name="ex_type" value="OTHER_ITEMS"/>
		<set name="crystal_type" value="NONE"/>
		<set name="stackable" value="false"/>
		<set name="type" value="OTHER"/>
		<skills>
			<skill id="12286" level="1"/>
		</skills>
	</etcitem>
	<etcitem id="31678" name="Unidentified Talwar">
		<!--Done By Darvin (c)Java - Team 2012-->
		<set name="class" value="OTHER"/>
		<set name="ex_type" value="OTHER_ITEMS"/>
		<set name="crystal_type" value="NONE"/>
		<set name="stackable" value="false"/>
		<set name="type" value="OTHER"/>
		<skills>
			<skill id="12287" level="1"/>
		</skills>
	</etcitem>
	<etcitem id="31679" name="Unidentified Talwar">
		<!--Done By Darvin (c)Java - Team 2012-->
		<set name="class" value="OTHER"/>
		<set name="ex_type" value="OTHER_ITEMS"/>
		<set name="crystal_type" value="NONE"/>
		<set name="stackable" value="false"/>
		<set name="type" value="OTHER"/>
		<skills>
			<skill id="12288" level="1"/>
		</skills>
	</etcitem>
	<etcitem id="31680" name="Unidentified Tomahawk">
		<!--Done By Darvin (c)Java - Team 2012-->
		<set name="class" value="OTHER"/>
		<set name="ex_type" value="OTHER_ITEMS"/>
		<set name="crystal_type" value="NONE"/>
		<set name="stackable" value="false"/>
		<set name="type" value="OTHER"/>
		<skills>
			<skill id="12289" level="1"/>
		</skills>
	</etcitem>
	<etcitem id="31681" name="Unidentified Tallum Stockings">
		<!--Done By Darvin (c)Java - Team 2012-->
		<set name="class" value="OTHER"/>
		<set name="ex_type" value="OTHER_ITEMS"/>
		<set name="crystal_type" value="NONE"/>
		<set name="stackable" value="false"/>
		<set name="type" value="OTHER"/>
		<skills>
			<skill id="12290" level="1"/>
		</skills>
	</etcitem>
	<etcitem id="31682" name="Unidentified Tallum Helmet">
		<!--Done By Darvin (c)Java - Team 2012-->
		<set name="class" value="OTHER"/>
		<set name="ex_type" value="OTHER_ITEMS"/>
		<set name="crystal_type" value="NONE"/>
		<set name="stackable" value="false"/>
		<set name="type" value="OTHER"/>
		<skills>
			<skill id="12291" level="1"/>
		</skills>
	</etcitem>
	<etcitem id="31683" name="Unidentified Tallum Plate Armor">
		<!--Done By Darvin (c)Java - Team 2012-->
		<set name="class" value="OTHER"/>
		<set name="ex_type" value="OTHER_ITEMS"/>
		<set name="crystal_type" value="NONE"/>
		<set name="stackable" value="false"/>
		<set name="type" value="OTHER"/>
		<skills>
			<skill id="12292" level="1"/>
		</skills>
	</etcitem>
	<etcitem id="31684" name="Unidentified Tallum Tunic">
		<!--Done By Darvin (c)Java - Team 2012-->
		<set name="class" value="OTHER"/>
		<set name="ex_type" value="OTHER_ITEMS"/>
		<set name="crystal_type" value="NONE"/>
		<set name="stackable" value="false"/>
		<set name="type" value="OTHER"/>
		<skills>
			<skill id="12293" level="1"/>
		</skills>
	</etcitem>
	<etcitem id="31685" name="Unidentified Tallum Blade">
		<!--Done By Darvin (c)Java - Team 2012-->
		<set name="class" value="OTHER"/>
		<set name="ex_type" value="OTHER_ITEMS"/>
		<set name="crystal_type" value="NONE"/>
		<set name="stackable" value="false"/>
		<set name="type" value="OTHER"/>
		<skills>
			<skill id="12294" level="1"/>
		</skills>
	</etcitem>
	<etcitem id="31686" name="Unidentified Tallum Boots">
		<!--Done By Darvin (c)Java - Team 2012-->
		<set name="class" value="OTHER"/>
		<set name="ex_type" value="OTHER_ITEMS"/>
		<set name="crystal_type" value="NONE"/>
		<set name="stackable" value="false"/>
		<set name="type" value="OTHER"/>
		<skills>
			<skill id="12295" level="1"/>
		</skills>
	</etcitem>
	<etcitem id="31687" name="Unidentified Tallum Leather Armor">
		<!--Done By Darvin (c)Java - Team 2012-->
		<set name="class" value="OTHER"/>
		<set name="ex_type" value="OTHER_ITEMS"/>
		<set name="crystal_type" value="NONE"/>
		<set name="stackable" value="false"/>
		<set name="type" value="OTHER"/>
		<skills>
			<skill id="12296" level="1"/>
		</skills>
	</etcitem>
	<etcitem id="31688" name="Unidentified Tallum Gloves">
		<!--Done By Darvin (c)Java - Team 2012-->
		<set name="class" value="OTHER"/>
		<set name="ex_type" value="OTHER_ITEMS"/>
		<set name="crystal_type" value="NONE"/>
		<set name="stackable" value="false"/>
		<set name="type" value="OTHER"/>
		<skills>
			<skill id="12297" level="1"/>
		</skills>
	</etcitem>
	<etcitem id="31689" name="Unidentified Tallum Glaive">
		<!--Done By Darvin (c)Java - Team 2012-->
		<set name="class" value="OTHER"/>
		<set name="ex_type" value="OTHER_ITEMS"/>
		<set name="crystal_type" value="NONE"/>
		<set name="stackable" value="false"/>
		<set name="type" value="OTHER"/>
		<skills>
			<skill id="12298" level="1"/>
		</skills>
	</etcitem>
	<etcitem id="31690" name="Unidentified Tateossian Earring">
		<!--Done By Darvin (c)Java - Team 2012-->
		<set name="class" value="OTHER"/>
		<set name="ex_type" value="OTHER_ITEMS"/>
		<set name="crystal_type" value="NONE"/>
		<set name="stackable" value="false"/>
		<set name="type" value="OTHER"/>
		<skills>
			<skill id="12299" level="1"/>
		</skills>
	</etcitem>
	<etcitem id="31691" name="Unidentified Tateossian Ring">
		<!--Done By Darvin (c)Java - Team 2012-->
		<set name="class" value="OTHER"/>
		<set name="ex_type" value="OTHER_ITEMS"/>
		<set name="crystal_type" value="NONE"/>
		<set name="stackable" value="false"/>
		<set name="type" value="OTHER"/>
		<skills>
			<skill id="12300" level="1"/>
		</skills>
	</etcitem>
	<etcitem id="31692" name="Unidentified Tateossian Necklace">
		<!--Done By Darvin (c)Java - Team 2012-->
		<set name="class" value="OTHER"/>
		<set name="ex_type" value="OTHER_ITEMS"/>
		<set name="crystal_type" value="NONE"/>
		<set name="stackable" value="false"/>
		<set name="type" value="OTHER"/>
		<skills>
			<skill id="12301" level="1"/>
		</skills>
	</etcitem>
	<etcitem id="31693" name="Unidentified Tiger's Eye">
		<!--Done By Darvin (c)Java - Team 2012-->
		<set name="class" value="OTHER"/>
		<set name="ex_type" value="OTHER_ITEMS"/>
		<set name="crystal_type" value="NONE"/>
		<set name="stackable" value="false"/>
		<set name="type" value="OTHER"/>
		<skills>
			<skill id="12302" level="1"/>
		</skills>
	</etcitem>
	<etcitem id="31694" name="Unidentified Tiger's Eye">
		<!--Done By Darvin (c)Java - Team 2012-->
		<set name="class" value="OTHER"/>
		<set name="ex_type" value="OTHER_ITEMS"/>
		<set name="crystal_type" value="NONE"/>
		<set name="stackable" value="false"/>
		<set name="type" value="OTHER"/>
		<skills>
			<skill id="12303" level="1"/>
		</skills>
	</etcitem>
	<etcitem id="31695" name="Unidentified Tower Shield">
		<!--Done By Darvin (c)Java - Team 2012-->
		<set name="class" value="OTHER"/>
		<set name="ex_type" value="OTHER_ITEMS"/>
		<set name="crystal_type" value="NONE"/>
		<set name="stackable" value="false"/>
		<set name="type" value="OTHER"/>
		<skills>
			<skill id="12304" level="1"/>
		</skills>
	</etcitem>
	<etcitem id="31696" name="Unidentified Tathlum">
		<!--Done By Darvin (c)Java - Team 2012-->
		<set name="class" value="OTHER"/>
		<set name="ex_type" value="OTHER_ITEMS"/>
		<set name="crystal_type" value="NONE"/>
		<set name="stackable" value="false"/>
		<set name="type" value="OTHER"/>
		<skills>
			<skill id="12305" level="1"/>
		</skills>
	</etcitem>
	<etcitem id="31697" name="Unidentified Tarbar">
		<!--Done By Darvin (c)Java - Team 2012-->
		<set name="class" value="OTHER"/>
		<set name="ex_type" value="OTHER_ITEMS"/>
		<set name="crystal_type" value="NONE"/>
		<set name="stackable" value="false"/>
		<set name="type" value="OTHER"/>
		<skills>
			<skill id="12306" level="1"/>
		</skills>
	</etcitem>
	<etcitem id="31698" name="Unidentified Claymore">
		<!--Done By Darvin (c)Java - Team 2012-->
		<set name="class" value="OTHER"/>
		<set name="ex_type" value="OTHER_ITEMS"/>
		<set name="crystal_type" value="NONE"/>
		<set name="stackable" value="false"/>
		<set name="type" value="OTHER"/>
		<skills>
			<skill id="12307" level="1"/>
		</skills>
	</etcitem>
	<etcitem id="31699" name="Unidentified Big Hammer">
		<!--Done By Darvin (c)Java - Team 2012-->
		<set name="class" value="OTHER"/>
		<set name="ex_type" value="OTHER_ITEMS"/>
		<set name="crystal_type" value="NONE"/>
		<set name="stackable" value="false"/>
		<set name="type" value="OTHER"/>
		<skills>
			<skill id="12308" level="1"/>
		</skills>
	</etcitem>
</list>
