<?xml version="1.0" encoding="UTF-8"?>
<!DOCTYPE list SYSTEM "item.dtd">
<list>
	<etcitem id="31800" name="Unidentified Elven Sword*Sword of Revolution">
		<!--Done By Darvin (c)Java - Team 2012-->
		<set name="class" value="OTHER"/>
		<set name="ex_type" value="OTHER_ITEMS"/>
		<set name="crystal_type" value="NONE"/>
		<set name="stackable" value="false"/>
		<set name="type" value="OTHER"/>
		<skills>
			<skill id="12409" level="1"/>
		</skills>
	</etcitem>
	<etcitem id="31801" name="Unidentified Elven Sword*Elven Sword">
		<!--Done By Darvin (c)Java - Team 2012-->
		<set name="class" value="OTHER"/>
		<set name="ex_type" value="OTHER_ITEMS"/>
		<set name="crystal_type" value="NONE"/>
		<set name="stackable" value="false"/>
		<set name="type" value="OTHER"/>
		<skills>
			<skill id="12410" level="1"/>
		</skills>
	</etcitem>
	<etcitem id="31802" name="Unidentified Elven Sword*Elven Long Sword">
		<!--Done By Darvin (c)Java - Team 2012-->
		<set name="class" value="OTHER"/>
		<set name="ex_type" value="OTHER_ITEMS"/>
		<set name="crystal_type" value="NONE"/>
		<set name="stackable" value="false"/>
		<set name="type" value="OTHER"/>
		<skills>
			<skill id="12411" level="1"/>
		</skills>
	</etcitem>
	<etcitem id="31803" name="Unidentified Elven Sword">
		<!--Done By Darvin (c)Java - Team 2012-->
		<set name="class" value="OTHER"/>
		<set name="ex_type" value="OTHER_ITEMS"/>
		<set name="crystal_type" value="NONE"/>
		<set name="stackable" value="false"/>
		<set name="type" value="OTHER"/>
		<skills>
			<skill id="12412" level="1"/>
		</skills>
	</etcitem>
	<etcitem id="31804" name="Unidentified Elven Bow">
		<!--Done By Darvin (c)Java - Team 2012-->
		<set name="class" value="OTHER"/>
		<set name="ex_type" value="OTHER_ITEMS"/>
		<set name="crystal_type" value="NONE"/>
		<set name="stackable" value="false"/>
		<set name="type" value="OTHER"/>
		<skills>
			<skill id="12413" level="1"/>
		</skills>
	</etcitem>
	<etcitem id="31805" name="Unidentified Elven Tunic">
		<!--Done By Darvin (c)Java - Team 2012-->
		<set name="class" value="OTHER"/>
		<set name="ex_type" value="OTHER_ITEMS"/>
		<set name="crystal_type" value="NONE"/>
		<set name="stackable" value="false"/>
		<set name="type" value="OTHER"/>
		<skills>
			<skill id="12414" level="1"/>
		</skills>
	</etcitem>
	<etcitem id="31806" name="Unidentified Elven Earring">
		<!--Done By Darvin (c)Java - Team 2012-->
		<set name="class" value="OTHER"/>
		<set name="ex_type" value="OTHER_ITEMS"/>
		<set name="crystal_type" value="NONE"/>
		<set name="stackable" value="false"/>
		<set name="type" value="OTHER"/>
		<skills>
			<skill id="12415" level="1"/>
		</skills>
	</etcitem>
	<etcitem id="31807" name="Unidentified Elven Earring">
		<!--Done By Darvin (c)Java - Team 2012-->
		<set name="class" value="OTHER"/>
		<set name="ex_type" value="OTHER_ITEMS"/>
		<set name="crystal_type" value="NONE"/>
		<set name="stackable" value="false"/>
		<set name="type" value="OTHER"/>
		<skills>
			<skill id="12416" level="1"/>
		</skills>
	</etcitem>
	<etcitem id="31808" name="Unidentified Elven Mithril Boots">
		<!--Done By Darvin (c)Java - Team 2012-->
		<set name="class" value="OTHER"/>
		<set name="ex_type" value="OTHER_ITEMS"/>
		<set name="crystal_type" value="NONE"/>
		<set name="stackable" value="false"/>
		<set name="type" value="OTHER"/>
		<skills>
			<skill id="12417" level="1"/>
		</skills>
	</etcitem>
	<etcitem id="31809" name="Unidentified Elven Mithril Gloves">
		<!--Done By Darvin (c)Java - Team 2012-->
		<set name="class" value="OTHER"/>
		<set name="ex_type" value="OTHER_ITEMS"/>
		<set name="crystal_type" value="NONE"/>
		<set name="stackable" value="false"/>
		<set name="type" value="OTHER"/>
		<skills>
			<skill id="12418" level="1"/>
		</skills>
	</etcitem>
	<etcitem id="31810" name="Unidentified Elven Ring">
		<!--Done By Darvin (c)Java - Team 2012-->
		<set name="class" value="OTHER"/>
		<set name="ex_type" value="OTHER_ITEMS"/>
		<set name="crystal_type" value="NONE"/>
		<set name="stackable" value="false"/>
		<set name="type" value="OTHER"/>
		<skills>
			<skill id="12419" level="1"/>
		</skills>
	</etcitem>
	<etcitem id="31811" name="Unidentified Elven Ring">
		<!--Done By Darvin (c)Java - Team 2012-->
		<set name="class" value="OTHER"/>
		<set name="ex_type" value="OTHER_ITEMS"/>
		<set name="crystal_type" value="NONE"/>
		<set name="stackable" value="false"/>
		<set name="type" value="OTHER"/>
		<skills>
			<skill id="12420" level="1"/>
		</skills>
	</etcitem>
	<etcitem id="31812" name="Unidentified Elven Long Sword*Elven Long Sword">
		<!--Done By Darvin (c)Java - Team 2012-->
		<set name="class" value="OTHER"/>
		<set name="ex_type" value="OTHER_ITEMS"/>
		<set name="crystal_type" value="NONE"/>
		<set name="stackable" value="false"/>
		<set name="type" value="OTHER"/>
		<skills>
			<skill id="12421" level="1"/>
		</skills>
	</etcitem>
	<etcitem id="31813" name="Unidentified Elven Sword">
		<!--Done By Darvin (c)Java - Team 2012-->
		<set name="class" value="OTHER"/>
		<set name="ex_type" value="OTHER_ITEMS"/>
		<set name="crystal_type" value="NONE"/>
		<set name="stackable" value="false"/>
		<set name="type" value="OTHER"/>
		<skills>
			<skill id="12422" level="1"/>
		</skills>
	</etcitem>
	<etcitem id="31814" name="Unidentified Elven Sword">
		<!--Done By Darvin (c)Java - Team 2012-->
		<set name="class" value="OTHER"/>
		<set name="ex_type" value="OTHER_ITEMS"/>
		<set name="crystal_type" value="NONE"/>
		<set name="stackable" value="false"/>
		<set name="type" value="OTHER"/>
		<skills>
			<skill id="12423" level="1"/>
		</skills>
	</etcitem>
	<etcitem id="31815" name="Unidentified Elven Necklace">
		<!--Done By Darvin (c)Java - Team 2012-->
		<set name="class" value="OTHER"/>
		<set name="ex_type" value="OTHER_ITEMS"/>
		<set name="crystal_type" value="NONE"/>
		<set name="stackable" value="false"/>
		<set name="type" value="OTHER"/>
		<skills>
			<skill id="12424" level="1"/>
		</skills>
	</etcitem>
	<etcitem id="31816" name="Unidentified Elven Necklace">
		<!--Done By Darvin (c)Java - Team 2012-->
		<set name="class" value="OTHER"/>
		<set name="ex_type" value="OTHER_ITEMS"/>
		<set name="crystal_type" value="NONE"/>
		<set name="stackable" value="false"/>
		<set name="type" value="OTHER"/>
		<skills>
			<skill id="12425" level="1"/>
		</skills>
	</etcitem>
	<etcitem id="31817" name="Unidentified Elysian">
		<!--Done By Darvin (c)Java - Team 2012-->
		<set name="class" value="OTHER"/>
		<set name="ex_type" value="OTHER_ITEMS"/>
		<set name="crystal_type" value="NONE"/>
		<set name="stackable" value="false"/>
		<set name="type" value="OTHER"/>
		<skills>
			<skill id="12426" level="1"/>
		</skills>
	</etcitem>
	<etcitem id="31818" name="Unidentified Elemental Sword">
		<!--Done By Darvin (c)Java - Team 2012-->
		<set name="class" value="OTHER"/>
		<set name="ex_type" value="OTHER_ITEMS"/>
		<set name="crystal_type" value="NONE"/>
		<set name="stackable" value="false"/>
		<set name="type" value="OTHER"/>
		<skills>
			<skill id="12427" level="1"/>
		</skills>
	</etcitem>
	<etcitem id="31819" name="Unidentified Elemental Bow">
		<!--Done By Darvin (c)Java - Team 2012-->
		<set name="class" value="OTHER"/>
		<set name="ex_type" value="OTHER_ITEMS"/>
		<set name="crystal_type" value="NONE"/>
		<set name="stackable" value="false"/>
		<set name="type" value="OTHER"/>
		<skills>
			<skill id="12428" level="1"/>
		</skills>
	</etcitem>
	<etcitem id="31820" name="Unidentified Eldarake">
		<!--Done By Darvin (c)Java - Team 2012-->
		<set name="class" value="OTHER"/>
		<set name="ex_type" value="OTHER_ITEMS"/>
		<set name="crystal_type" value="NONE"/>
		<set name="stackable" value="false"/>
		<set name="type" value="OTHER"/>
		<skills>
			<skill id="12429" level="1"/>
		</skills>
	</etcitem>
	<etcitem id="31821" name="Unidentified Angel Slayer">
		<!--Done By Darvin (c)Java - Team 2012-->
		<set name="class" value="OTHER"/>
		<set name="ex_type" value="OTHER_ITEMS"/>
		<set name="crystal_type" value="NONE"/>
		<set name="stackable" value="false"/>
		<set name="type" value="OTHER"/>
		<skills>
			<skill id="12430" level="1"/>
		</skills>
	</etcitem>
	<etcitem id="31822" name="Unidentified Epee">
		<!--Done By Darvin (c)Java - Team 2012-->
		<set name="class" value="OTHER"/>
		<set name="ex_type" value="OTHER_ITEMS"/>
		<set name="crystal_type" value="NONE"/>
		<set name="stackable" value="false"/>
		<set name="type" value="OTHER"/>
		<skills>
			<skill id="12431" level="1"/>
		</skills>
	</etcitem>
	<etcitem id="31823" name="Unidentified Estoc">
		<!--Done By Darvin (c)Java - Team 2012-->
		<set name="class" value="OTHER"/>
		<set name="ex_type" value="OTHER_ITEMS"/>
		<set name="crystal_type" value="NONE"/>
		<set name="stackable" value="false"/>
		<set name="type" value="OTHER"/>
		<skills>
			<skill id="12432" level="1"/>
		</skills>
	</etcitem>
	<etcitem id="31824" name="Unidentified Estoc">
		<!--Done By Darvin (c)Java - Team 2012-->
		<set name="class" value="OTHER"/>
		<set name="ex_type" value="OTHER_ITEMS"/>
		<set name="crystal_type" value="NONE"/>
		<set name="stackable" value="false"/>
		<set name="type" value="OTHER"/>
		<skills>
			<skill id="12433" level="1"/>
		</skills>
	</etcitem>
	<etcitem id="31825" name="Unidentified Eminence Bow">
		<!--Done By Darvin (c)Java - Team 2012-->
		<set name="class" value="OTHER"/>
		<set name="ex_type" value="OTHER_ITEMS"/>
		<set name="crystal_type" value="NONE"/>
		<set name="stackable" value="false"/>
		<set name="type" value="OTHER"/>
		<skills>
			<skill id="12434" level="1"/>
		</skills>
	</etcitem>
	<etcitem id="31826" name="Unidentified Crystallized Ice Bow">
		<!--Done By Darvin (c)Java - Team 2012-->
		<set name="class" value="OTHER"/>
		<set name="ex_type" value="OTHER_ITEMS"/>
		<set name="crystal_type" value="NONE"/>
		<set name="stackable" value="false"/>
		<set name="type" value="OTHER"/>
		<skills>
			<skill id="12435" level="1"/>
		</skills>
	</etcitem>
	<etcitem id="31827" name="Unidentified Assassin Knife">
		<!--Done By Darvin (c)Java - Team 2012-->
		<set name="class" value="OTHER"/>
		<set name="ex_type" value="OTHER_ITEMS"/>
		<set name="crystal_type" value="NONE"/>
		<set name="stackable" value="false"/>
		<set name="type" value="OTHER"/>
		<skills>
			<skill id="12436" level="1"/>
		</skills>
	</etcitem>
	<etcitem id="31828" name="Unidentified Military Talwar">
		<!--Done By Darvin (c)Java - Team 2012-->
		<set name="class" value="OTHER"/>
		<set name="ex_type" value="OTHER_ITEMS"/>
		<set name="crystal_type" value="NONE"/>
		<set name="stackable" value="false"/>
		<set name="type" value="OTHER"/>
		<skills>
			<skill id="12437" level="1"/>
		</skills>
	</etcitem>
	<etcitem id="31829" name="Unidentified Two-handed Sword">
		<!--Done By Darvin (c)Java - Team 2012-->
		<set name="class" value="OTHER"/>
		<set name="ex_type" value="OTHER_ITEMS"/>
		<set name="crystal_type" value="NONE"/>
		<set name="stackable" value="false"/>
		<set name="type" value="OTHER"/>
		<skills>
			<skill id="12438" level="1"/>
		</skills>
	</etcitem>
	<etcitem id="31830" name="Unidentified Yaksa Mace">
		<!--Done By Darvin (c)Java - Team 2012-->
		<set name="class" value="OTHER"/>
		<set name="ex_type" value="OTHER_ITEMS"/>
		<set name="crystal_type" value="NONE"/>
		<set name="stackable" value="false"/>
		<set name="type" value="OTHER"/>
		<skills>
			<skill id="12439" level="1"/>
		</skills>
	</etcitem>
	<etcitem id="31831" name="Unidentified Necklace of Darkness">
		<!--Done By Darvin (c)Java - Team 2012-->
		<set name="class" value="OTHER"/>
		<set name="ex_type" value="OTHER_ITEMS"/>
		<set name="crystal_type" value="NONE"/>
		<set name="stackable" value="false"/>
		<set name="type" value="OTHER"/>
		<skills>
			<skill id="12440" level="1"/>
		</skills>
	</etcitem>
	<etcitem id="31832" name="Unidentified Arm Buster">
		<!--Done By Darvin (c)Java - Team 2012-->
		<set name="class" value="OTHER"/>
		<set name="ex_type" value="OTHER_ITEMS"/>
		<set name="crystal_type" value="NONE"/>
		<set name="stackable" value="false"/>
		<set name="type" value="OTHER"/>
		<skills>
			<skill id="12441" level="1"/>
		</skills>
	</etcitem>
	<etcitem id="31833" name="Unidentified Albalest">
		<!--Done By Darvin (c)Java - Team 2012-->
		<set name="class" value="OTHER"/>
		<set name="ex_type" value="OTHER_ITEMS"/>
		<set name="crystal_type" value="NONE"/>
		<set name="stackable" value="false"/>
		<set name="type" value="OTHER"/>
		<skills>
			<skill id="12442" level="1"/>
		</skills>
	</etcitem>
	<etcitem id="31834" name="Unidentified Helm of Nightmare">
		<!--Done By Darvin (c)Java - Team 2012-->
		<set name="class" value="OTHER"/>
		<set name="ex_type" value="OTHER_ITEMS"/>
		<set name="crystal_type" value="NONE"/>
		<set name="stackable" value="false"/>
		<set name="type" value="OTHER"/>
		<skills>
			<skill id="12443" level="1"/>
		</skills>
	</etcitem>
	<etcitem id="31835" name="Unidentified Shield of Nightmare">
		<!--Done By Darvin (c)Java - Team 2012-->
		<set name="class" value="OTHER"/>
		<set name="ex_type" value="OTHER_ITEMS"/>
		<set name="crystal_type" value="NONE"/>
		<set name="stackable" value="false"/>
		<set name="type" value="OTHER"/>
		<skills>
			<skill id="12444" level="1"/>
		</skills>
	</etcitem>
	<etcitem id="31836" name="Unidentified Boots of Nightmare">
		<!--Done By Darvin (c)Java - Team 2012-->
		<set name="class" value="OTHER"/>
		<set name="ex_type" value="OTHER_ITEMS"/>
		<set name="crystal_type" value="NONE"/>
		<set name="stackable" value="false"/>
		<set name="type" value="OTHER"/>
		<skills>
			<skill id="12445" level="1"/>
		</skills>
	</etcitem>
	<etcitem id="31837" name="Unidentified Robe of Nightmare">
		<!--Done By Darvin (c)Java - Team 2012-->
		<set name="class" value="OTHER"/>
		<set name="ex_type" value="OTHER_ITEMS"/>
		<set name="crystal_type" value="NONE"/>
		<set name="stackable" value="false"/>
		<set name="type" value="OTHER"/>
		<skills>
			<skill id="12446" level="1"/>
		</skills>
	</etcitem>
	<etcitem id="31838" name="Unidentified Leather Armor of Nightmare">
		<!--Done By Darvin (c)Java - Team 2012-->
		<set name="class" value="OTHER"/>
		<set name="ex_type" value="OTHER_ITEMS"/>
		<set name="crystal_type" value="NONE"/>
		<set name="stackable" value="false"/>
		<set name="type" value="OTHER"/>
		<skills>
			<skill id="12447" level="1"/>
		</skills>
	</etcitem>
	<etcitem id="31839" name="Unidentified Sword of Nightmare">
		<!--Done By Darvin (c)Java - Team 2012-->
		<set name="class" value="OTHER"/>
		<set name="ex_type" value="OTHER_ITEMS"/>
		<set name="crystal_type" value="NONE"/>
		<set name="stackable" value="false"/>
		<set name="type" value="OTHER"/>
		<skills>
			<skill id="12448" level="1"/>
		</skills>
	</etcitem>
	<etcitem id="31840" name="Unidentified Gauntlet of Nightmare">
		<!--Done By Darvin (c)Java - Team 2012-->
		<set name="class" value="OTHER"/>
		<set name="ex_type" value="OTHER_ITEMS"/>
		<set name="crystal_type" value="NONE"/>
		<set name="stackable" value="false"/>
		<set name="type" value="OTHER"/>
		<skills>
			<skill id="12449" level="1"/>
		</skills>
	</etcitem>
	<etcitem id="31841" name="Unidentified Armor of Nightmare">
		<!--Done By Darvin (c)Java - Team 2012-->
		<set name="class" value="OTHER"/>
		<set name="ex_type" value="OTHER_ITEMS"/>
		<set name="crystal_type" value="NONE"/>
		<set name="stackable" value="false"/>
		<set name="type" value="OTHER"/>
		<skills>
			<skill id="12450" level="1"/>
		</skills>
	</etcitem>
	<etcitem id="31842" name="Unidentified Demon's Stockings">
		<!--Done By Darvin (c)Java - Team 2012-->
		<set name="class" value="OTHER"/>
		<set name="ex_type" value="OTHER_ITEMS"/>
		<set name="crystal_type" value="NONE"/>
		<set name="stackable" value="false"/>
		<set name="type" value="OTHER"/>
		<skills>
			<skill id="12451" level="1"/>
		</skills>
	</etcitem>
	<etcitem id="31843" name="Unidentified Demon's Tunic">
		<!--Done By Darvin (c)Java - Team 2012-->
		<set name="class" value="OTHER"/>
		<set name="ex_type" value="OTHER_ITEMS"/>
		<set name="crystal_type" value="NONE"/>
		<set name="stackable" value="false"/>
		<set name="type" value="OTHER"/>
		<skills>
			<skill id="12452" level="1"/>
		</skills>
	</etcitem>
	<etcitem id="31844" name="Unidentified Demon's Staff">
		<!--Done By Darvin (c)Java - Team 2012-->
		<set name="class" value="OTHER"/>
		<set name="ex_type" value="OTHER_ITEMS"/>
		<set name="crystal_type" value="NONE"/>
		<set name="stackable" value="false"/>
		<set name="type" value="OTHER"/>
		<skills>
			<skill id="12453" level="1"/>
		</skills>
	</etcitem>
	<etcitem id="31845" name="Unidentified Demon's Gloves">
		<!--Done By Darvin (c)Java - Team 2012-->
		<set name="class" value="OTHER"/>
		<set name="ex_type" value="OTHER_ITEMS"/>
		<set name="crystal_type" value="NONE"/>
		<set name="stackable" value="false"/>
		<set name="type" value="OTHER"/>
		<skills>
			<skill id="12454" level="1"/>
		</skills>
	</etcitem>
	<etcitem id="31846" name="Unidentified Demon's Fangs">
		<!--Done By Darvin (c)Java - Team 2012-->
		<set name="class" value="OTHER"/>
		<set name="ex_type" value="OTHER_ITEMS"/>
		<set name="crystal_type" value="NONE"/>
		<set name="stackable" value="false"/>
		<set name="type" value="OTHER"/>
		<skills>
			<skill id="12455" level="1"/>
		</skills>
	</etcitem>
	<etcitem id="31847" name="Unidentified Demon's Boots">
		<!--Done By Darvin (c)Java - Team 2012-->
		<set name="class" value="OTHER"/>
		<set name="ex_type" value="OTHER_ITEMS"/>
		<set name="crystal_type" value="NONE"/>
		<set name="stackable" value="false"/>
		<set name="type" value="OTHER"/>
		<skills>
			<skill id="12456" level="1"/>
		</skills>
	</etcitem>
	<etcitem id="31848" name="Unidentified Demon's Dagger">
		<!--Done By Darvin (c)Java - Team 2012-->
		<set name="class" value="OTHER"/>
		<set name="ex_type" value="OTHER_ITEMS"/>
		<set name="crystal_type" value="NONE"/>
		<set name="stackable" value="false"/>
		<set name="type" value="OTHER"/>
		<skills>
			<skill id="12457" level="1"/>
		</skills>
	</etcitem>
	<etcitem id="31849" name="Unidentified Art of Battle Axe">
		<!--Done By Darvin (c)Java - Team 2012-->
		<set name="class" value="OTHER"/>
		<set name="ex_type" value="OTHER_ITEMS"/>
		<set name="crystal_type" value="NONE"/>
		<set name="stackable" value="false"/>
		<set name="type" value="OTHER"/>
		<skills>
			<skill id="12458" level="1"/>
		</skills>
	</etcitem>
	<etcitem id="31850" name="Unidentified Atuba Hammer">
		<!--Done By Darvin (c)Java - Team 2012-->
		<set name="class" value="OTHER"/>
		<set name="ex_type" value="OTHER_ITEMS"/>
		<set name="crystal_type" value="NONE"/>
		<set name="stackable" value="false"/>
		<set name="type" value="OTHER"/>
		<skills>
			<skill id="12459" level="1"/>
		</skills>
	</etcitem>
	<etcitem id="31851" name="Unidentified Atuba Mace">
		<!--Done By Darvin (c)Java - Team 2012-->
		<set name="class" value="OTHER"/>
		<set name="ex_type" value="OTHER_ITEMS"/>
		<set name="crystal_type" value="NONE"/>
		<set name="stackable" value="false"/>
		<set name="type" value="OTHER"/>
		<skills>
			<skill id="12460" level="1"/>
		</skills>
	</etcitem>
	<etcitem id="31852" name="Unidentified Aquastone Ring">
		<!--Done By Darvin (c)Java - Team 2012-->
		<set name="class" value="OTHER"/>
		<set name="ex_type" value="OTHER_ITEMS"/>
		<set name="crystal_type" value="NONE"/>
		<set name="stackable" value="false"/>
		<set name="type" value="OTHER"/>
		<skills>
			<skill id="12461" level="1"/>
		</skills>
	</etcitem>
	<etcitem id="31853" name="Unidentified Aquastone Ring">
		<!--Done By Darvin (c)Java - Team 2012-->
		<set name="class" value="OTHER"/>
		<set name="ex_type" value="OTHER_ITEMS"/>
		<set name="crystal_type" value="NONE"/>
		<set name="stackable" value="false"/>
		<set name="type" value="OTHER"/>
		<skills>
			<skill id="12462" level="1"/>
		</skills>
	</etcitem>
	<etcitem id="31854" name="Unidentified Aquastone Necklace">
		<!--Done By Darvin (c)Java - Team 2012-->
		<set name="class" value="OTHER"/>
		<set name="ex_type" value="OTHER_ITEMS"/>
		<set name="crystal_type" value="NONE"/>
		<set name="stackable" value="false"/>
		<set name="type" value="OTHER"/>
		<skills>
			<skill id="12463" level="1"/>
		</skills>
	</etcitem>
	<etcitem id="31855" name="Unidentified Aquastone Necklace">
		<!--Done By Darvin (c)Java - Team 2012-->
		<set name="class" value="OTHER"/>
		<set name="ex_type" value="OTHER_ITEMS"/>
		<set name="crystal_type" value="NONE"/>
		<set name="stackable" value="false"/>
		<set name="type" value="OTHER"/>
		<skills>
			<skill id="12464" level="1"/>
		</skills>
	</etcitem>
	<etcitem id="31856" name="Unidentified Akat Long Bow">
		<!--Done By Darvin (c)Java - Team 2012-->
		<set name="class" value="OTHER"/>
		<set name="ex_type" value="OTHER_ITEMS"/>
		<set name="crystal_type" value="NONE"/>
		<set name="stackable" value="false"/>
		<set name="type" value="OTHER"/>
		<skills>
			<skill id="12465" level="1"/>
		</skills>
	</etcitem>
	<etcitem id="31857" name="Unidentified Ice Storm Hammer">
		<!--Done By Darvin (c)Java - Team 2012-->
		<set name="class" value="OTHER"/>
		<set name="ex_type" value="OTHER_ITEMS"/>
		<set name="crystal_type" value="NONE"/>
		<set name="stackable" value="false"/>
		<set name="type" value="OTHER"/>
		<skills>
			<skill id="12466" level="1"/>
		</skills>
	</etcitem>
	<etcitem id="31858" name="Unidentified Aspis">
		<!--Done By Darvin (c)Java - Team 2012-->
		<set name="class" value="OTHER"/>
		<set name="ex_type" value="OTHER_ITEMS"/>
		<set name="crystal_type" value="NONE"/>
		<set name="stackable" value="false"/>
		<set name="type" value="OTHER"/>
		<skills>
			<skill id="12467" level="1"/>
		</skills>
	</etcitem>
	<etcitem id="31859" name="Unidentified Arthro Nail">
		<!--Done By Darvin (c)Java - Team 2012-->
		<set name="class" value="OTHER"/>
		<set name="ex_type" value="OTHER_ITEMS"/>
		<set name="crystal_type" value="NONE"/>
		<set name="stackable" value="false"/>
		<set name="type" value="OTHER"/>
		<skills>
			<skill id="12468" level="1"/>
		</skills>
	</etcitem>
	<etcitem id="31860" name="Unidentified Avadon Breastplate">
		<!--Done By Darvin (c)Java - Team 2012-->
		<set name="class" value="OTHER"/>
		<set name="ex_type" value="OTHER_ITEMS"/>
		<set name="crystal_type" value="NONE"/>
		<set name="stackable" value="false"/>
		<set name="type" value="OTHER"/>
		<skills>
			<skill id="12469" level="1"/>
		</skills>
	</etcitem>
	<etcitem id="31861" name="Unidentified Avadon Gaiters">
		<!--Done By Darvin (c)Java - Team 2012-->
		<set name="class" value="OTHER"/>
		<set name="ex_type" value="OTHER_ITEMS"/>
		<set name="crystal_type" value="NONE"/>
		<set name="stackable" value="false"/>
		<set name="type" value="OTHER"/>
		<skills>
			<skill id="12470" level="1"/>
		</skills>
	</etcitem>
	<etcitem id="31862" name="Unidentified Avadon Shield">
		<!--Done By Darvin (c)Java - Team 2012-->
		<set name="class" value="OTHER"/>
		<set name="ex_type" value="OTHER_ITEMS"/>
		<set name="crystal_type" value="NONE"/>
		<set name="stackable" value="false"/>
		<set name="type" value="OTHER"/>
		<skills>
			<skill id="12471" level="1"/>
		</skills>
	</etcitem>
	<etcitem id="31863" name="Unidentified Avadon Circlet">
		<!--Done By Darvin (c)Java - Team 2012-->
		<set name="class" value="OTHER"/>
		<set name="ex_type" value="OTHER_ITEMS"/>
		<set name="crystal_type" value="NONE"/>
		<set name="stackable" value="false"/>
		<set name="type" value="OTHER"/>
		<skills>
			<skill id="12472" level="1"/>
		</skills>
	</etcitem>
	<etcitem id="31864" name="Unidentified Avadon Boots">
		<!--Done By Darvin (c)Java - Team 2012-->
		<set name="class" value="OTHER"/>
		<set name="ex_type" value="OTHER_ITEMS"/>
		<set name="crystal_type" value="NONE"/>
		<set name="stackable" value="false"/>
		<set name="type" value="OTHER"/>
		<skills>
			<skill id="12473" level="1"/>
		</skills>
	</etcitem>
	<etcitem id="31865" name="Unidentified Avadon Robe">
		<!--Done By Darvin (c)Java - Team 2012-->
		<set name="class" value="OTHER"/>
		<set name="ex_type" value="OTHER_ITEMS"/>
		<set name="crystal_type" value="NONE"/>
		<set name="stackable" value="false"/>
		<set name="type" value="OTHER"/>
		<skills>
			<skill id="12474" level="1"/>
		</skills>
	</etcitem>
	<etcitem id="31866" name="Unidentified Avadon Leather Armor">
		<!--Done By Darvin (c)Java - Team 2012-->
		<set name="class" value="OTHER"/>
		<set name="ex_type" value="OTHER_ITEMS"/>
		<set name="crystal_type" value="NONE"/>
		<set name="stackable" value="false"/>
		<set name="type" value="OTHER"/>
		<skills>
			<skill id="12475" level="1"/>
		</skills>
	</etcitem>
	<etcitem id="31867" name="Unidentified Avadon Gloves">
		<!--Done By Darvin (c)Java - Team 2012-->
		<set name="class" value="OTHER"/>
		<set name="ex_type" value="OTHER_ITEMS"/>
		<set name="crystal_type" value="NONE"/>
		<set name="stackable" value="false"/>
		<set name="type" value="OTHER"/>
		<skills>
			<skill id="12476" level="1"/>
		</skills>
	</etcitem>
	<etcitem id="31868" name="Unidentified Admiral's Estoc">
		<!--Done By Darvin (c)Java - Team 2012-->
		<set name="class" value="OTHER"/>
		<set name="ex_type" value="OTHER_ITEMS"/>
		<set name="crystal_type" value="NONE"/>
		<set name="stackable" value="false"/>
		<set name="type" value="OTHER"/>
		<skills>
			<skill id="12477" level="1"/>
		</skills>
	</etcitem>
	<etcitem id="31869" name="Unidentified Arcana Sigil">
		<!--Done By Darvin (c)Java - Team 2012-->
		<set name="class" value="OTHER"/>
		<set name="ex_type" value="OTHER_ITEMS"/>
		<set name="crystal_type" value="NONE"/>
		<set name="stackable" value="false"/>
		<set name="type" value="OTHER"/>
		<skills>
			<skill id="12478" level="1"/>
		</skills>
	</etcitem>
	<etcitem id="31870" name="Unidentified Arcana Mace">
		<!--Done By Darvin (c)Java - Team 2012-->
		<set name="class" value="OTHER"/>
		<set name="ex_type" value="OTHER_ITEMS"/>
		<set name="crystal_type" value="NONE"/>
		<set name="stackable" value="false"/>
		<set name="type" value="OTHER"/>
		<skills>
			<skill id="12479" level="1"/>
		</skills>
	</etcitem>
	<etcitem id="31871" name="Unidentified Adamantite Ring">
		<!--Done By Darvin (c)Java - Team 2012-->
		<set name="class" value="OTHER"/>
		<set name="ex_type" value="OTHER_ITEMS"/>
		<set name="crystal_type" value="NONE"/>
		<set name="stackable" value="false"/>
		<set name="type" value="OTHER"/>
		<skills>
			<skill id="12480" level="1"/>
		</skills>
	</etcitem>
	<etcitem id="31872" name="Unidentified Adamantite Necklace">
		<!--Done By Darvin (c)Java - Team 2012-->
		<set name="class" value="OTHER"/>
		<set name="ex_type" value="OTHER_ITEMS"/>
		<set name="crystal_type" value="NONE"/>
		<set name="stackable" value="false"/>
		<set name="type" value="OTHER"/>
		<skills>
			<skill id="12481" level="1"/>
		</skills>
	</etcitem>
	<etcitem id="31873" name="Unidentified Adamantite Earring">
		<!--Done By Darvin (c)Java - Team 2012-->
		<set name="class" value="OTHER"/>
		<set name="ex_type" value="OTHER_ITEMS"/>
		<set name="crystal_type" value="NONE"/>
		<set name="stackable" value="false"/>
		<set name="type" value="OTHER"/>
		<skills>
			<skill id="12482" level="1"/>
		</skills>
	</etcitem>
	<etcitem id="31874" name="Unidentified Theca Leather Armor">
		<!--Done By Darvin (c)Java - Team 2012-->
		<set name="class" value="OTHER"/>
		<set name="ex_type" value="OTHER_ITEMS"/>
		<set name="crystal_type" value="NONE"/>
		<set name="stackable" value="false"/>
		<set name="type" value="OTHER"/>
		<skills>
			<skill id="12483" level="1"/>
		</skills>
	</etcitem>
	<etcitem id="31875" name="Unidentified Theca Leather Boots">
		<!--Done By Darvin (c)Java - Team 2012-->
		<set name="class" value="OTHER"/>
		<set name="ex_type" value="OTHER_ITEMS"/>
		<set name="crystal_type" value="NONE"/>
		<set name="stackable" value="false"/>
		<set name="type" value="OTHER"/>
		<skills>
			<skill id="12484" level="1"/>
		</skills>
	</etcitem>
	<etcitem id="31876" name="Unidentified Theca Leather Gloves">
		<!--Done By Darvin (c)Java - Team 2012-->
		<set name="class" value="OTHER"/>
		<set name="ex_type" value="OTHER_ITEMS"/>
		<set name="crystal_type" value="NONE"/>
		<set name="stackable" value="false"/>
		<set name="type" value="OTHER"/>
		<skills>
			<skill id="12485" level="1"/>
		</skills>
	</etcitem>
	<etcitem id="31877" name="Unidentified Theca Leather Gaiters">
		<!--Done By Darvin (c)Java - Team 2012-->
		<set name="class" value="OTHER"/>
		<set name="ex_type" value="OTHER_ITEMS"/>
		<set name="crystal_type" value="NONE"/>
		<set name="stackable" value="false"/>
		<set name="type" value="OTHER"/>
		<skills>
			<skill id="12486" level="1"/>
		</skills>
	</etcitem>
	<etcitem id="31878" name="Unidentified Samurai Longsword">
		<!--Done By Darvin (c)Java - Team 2012-->
		<set name="class" value="OTHER"/>
		<set name="ex_type" value="OTHER_ITEMS"/>
		<set name="crystal_type" value="NONE"/>
		<set name="stackable" value="false"/>
		<set name="type" value="OTHER"/>
		<skills>
			<skill id="12487" level="1"/>
		</skills>
	</etcitem>
	<etcitem id="31879" name="Unidentified Mace of Judgment">
		<!--Done By Darvin (c)Java - Team 2012-->
		<set name="class" value="OTHER"/>
		<set name="ex_type" value="OTHER_ITEMS"/>
		<set name="crystal_type" value="NONE"/>
		<set name="stackable" value="false"/>
		<set name="type" value="OTHER"/>
		<skills>
			<skill id="12488" level="1"/>
		</skills>
	</etcitem>
	<etcitem id="31880" name="Unidentified Temptation of Abyss">
		<!--Done By Darvin (c)Java - Team 2012-->
		<set name="class" value="OTHER"/>
		<set name="ex_type" value="OTHER_ITEMS"/>
		<set name="crystal_type" value="NONE"/>
		<set name="stackable" value="false"/>
		<set name="type" value="OTHER"/>
		<skills>
			<skill id="12489" level="1"/>
		</skills>
	</etcitem>
	<etcitem id="31881" name="Unidentified Stick of Faith">
		<!--Done By Darvin (c)Java - Team 2012-->
		<set name="class" value="OTHER"/>
		<set name="ex_type" value="OTHER_ITEMS"/>
		<set name="crystal_type" value="NONE"/>
		<set name="stackable" value="false"/>
		<set name="type" value="OTHER"/>
		<skills>
			<skill id="12490" level="1"/>
		</skills>
	</etcitem>
	<etcitem id="31882" name="Unidentified Divine Tome">
		<!--Done By Darvin (c)Java - Team 2012-->
		<set name="class" value="OTHER"/>
		<set name="ex_type" value="OTHER_ITEMS"/>
		<set name="crystal_type" value="NONE"/>
		<set name="stackable" value="false"/>
		<set name="type" value="OTHER"/>
		<skills>
			<skill id="12491" level="1"/>
		</skills>
	</etcitem>
	<etcitem id="31883" name="Unidentified Divine Stockings">
		<!--Done By Darvin (c)Java - Team 2012-->
		<set name="class" value="OTHER"/>
		<set name="ex_type" value="OTHER_ITEMS"/>
		<set name="crystal_type" value="NONE"/>
		<set name="stackable" value="false"/>
		<set name="type" value="OTHER"/>
		<skills>
			<skill id="12492" level="1"/>
		</skills>
	</etcitem>
	<etcitem id="31884" name="Unidentified Divine Tunic">
		<!--Done By Darvin (c)Java - Team 2012-->
		<set name="class" value="OTHER"/>
		<set name="ex_type" value="OTHER_ITEMS"/>
		<set name="crystal_type" value="NONE"/>
		<set name="stackable" value="false"/>
		<set name="type" value="OTHER"/>
		<skills>
			<skill id="12493" level="1"/>
		</skills>
	</etcitem>
	<etcitem id="31885" name="Unidentified Divine Gloves">
		<!--Done By Darvin (c)Java - Team 2012-->
		<set name="class" value="OTHER"/>
		<set name="ex_type" value="OTHER_ITEMS"/>
		<set name="crystal_type" value="NONE"/>
		<set name="stackable" value="false"/>
		<set name="type" value="OTHER"/>
		<skills>
			<skill id="12494" level="1"/>
		</skills>
	</etcitem>
	<etcitem id="31886" name="Unidentified Spirit Sword*Spirit Sword">
		<!--Done By Darvin (c)Java - Team 2012-->
		<set name="class" value="OTHER"/>
		<set name="ex_type" value="OTHER_ITEMS"/>
		<set name="crystal_type" value="NONE"/>
		<set name="stackable" value="false"/>
		<set name="type" value="OTHER"/>
		<skills>
			<skill id="12495" level="1"/>
		</skills>
	</etcitem>
	<etcitem id="31887" name="Unidentified Spirit Sword*Raid Sword">
		<!--Done By Darvin (c)Java - Team 2012-->
		<set name="class" value="OTHER"/>
		<set name="ex_type" value="OTHER_ITEMS"/>
		<set name="crystal_type" value="NONE"/>
		<set name="stackable" value="false"/>
		<set name="type" value="OTHER"/>
		<skills>
			<skill id="12496" level="1"/>
		</skills>
	</etcitem>
	<etcitem id="31888" name="Unidentified Spirit Sword">
		<!--Done By Darvin (c)Java - Team 2012-->
		<set name="class" value="OTHER"/>
		<set name="ex_type" value="OTHER_ITEMS"/>
		<set name="crystal_type" value="NONE"/>
		<set name="stackable" value="false"/>
		<set name="type" value="OTHER"/>
		<skills>
			<skill id="12497" level="1"/>
		</skills>
	</etcitem>
	<etcitem id="31889" name="Unidentified Spell Breaker">
		<!--Done By Darvin (c)Java - Team 2012-->
		<set name="class" value="OTHER"/>
		<set name="ex_type" value="OTHER_ITEMS"/>
		<set name="crystal_type" value="NONE"/>
		<set name="stackable" value="false"/>
		<set name="type" value="OTHER"/>
		<skills>
			<skill id="12498" level="1"/>
		</skills>
	</etcitem>
	<etcitem id="31890" name="Unidentified Spinebone Sword*Sword of Revolution">
		<!--Done By Darvin (c)Java - Team 2012-->
		<set name="class" value="OTHER"/>
		<set name="ex_type" value="OTHER_ITEMS"/>
		<set name="crystal_type" value="NONE"/>
		<set name="stackable" value="false"/>
		<set name="type" value="OTHER"/>
		<skills>
			<skill id="12499" level="1"/>
		</skills>
	</etcitem>
	<etcitem id="31891" name="Unidentified Spinebone Sword*Crimson Sword">
		<!--Done By Darvin (c)Java - Team 2012-->
		<set name="class" value="OTHER"/>
		<set name="ex_type" value="OTHER_ITEMS"/>
		<set name="crystal_type" value="NONE"/>
		<set name="stackable" value="false"/>
		<set name="type" value="OTHER"/>
		<skills>
			<skill id="12500" level="1"/>
		</skills>
	</etcitem>
	<etcitem id="31892" name="Unidentified Spinebone Sword*Artisan's Sword">
		<!--Done By Darvin (c)Java - Team 2012-->
		<set name="class" value="OTHER"/>
		<set name="ex_type" value="OTHER_ITEMS"/>
		<set name="crystal_type" value="NONE"/>
		<set name="stackable" value="false"/>
		<set name="type" value="OTHER"/>
		<skills>
			<skill id="12501" level="1"/>
		</skills>
	</etcitem>
	<etcitem id="31893" name="Unidentified Spinebone Sword*Elven Sword">
		<!--Done By Darvin (c)Java - Team 2012-->
		<set name="class" value="OTHER"/>
		<set name="ex_type" value="OTHER_ITEMS"/>
		<set name="crystal_type" value="NONE"/>
		<set name="stackable" value="false"/>
		<set name="type" value="OTHER"/>
		<skills>
			<skill id="12502" level="1"/>
		</skills>
	</etcitem>
	<etcitem id="31894" name="Unidentified Spinebone Sword*Elven Long Sword">
		<!--Done By Darvin (c)Java - Team 2012-->
		<set name="class" value="OTHER"/>
		<set name="ex_type" value="OTHER_ITEMS"/>
		<set name="crystal_type" value="NONE"/>
		<set name="stackable" value="false"/>
		<set name="type" value="OTHER"/>
		<skills>
			<skill id="12503" level="1"/>
		</skills>
	</etcitem>
	<etcitem id="31895" name="Unidentified Spinebone Sword*Spinebone Sword">
		<!--Done By Darvin (c)Java - Team 2012-->
		<set name="class" value="OTHER"/>
		<set name="ex_type" value="OTHER_ITEMS"/>
		<set name="crystal_type" value="NONE"/>
		<set name="stackable" value="false"/>
		<set name="type" value="OTHER"/>
		<skills>
			<skill id="12504" level="1"/>
		</skills>
	</etcitem>
	<etcitem id="31896" name="Unidentified Spinebone Sword*Knight's Sword">
		<!--Done By Darvin (c)Java - Team 2012-->
		<set name="class" value="OTHER"/>
		<set name="ex_type" value="OTHER_ITEMS"/>
		<set name="crystal_type" value="NONE"/>
		<set name="stackable" value="false"/>
		<set name="type" value="OTHER"/>
		<skills>
			<skill id="12505" level="1"/>
		</skills>
	</etcitem>
	<etcitem id="31897" name="Unidentified Spinebone Sword">
		<!--Done By Darvin (c)Java - Team 2012-->
		<set name="class" value="OTHER"/>
		<set name="ex_type" value="OTHER_ITEMS"/>
		<set name="crystal_type" value="NONE"/>
		<set name="stackable" value="false"/>
		<set name="type" value="OTHER"/>
		<skills>
			<skill id="12506" level="1"/>
		</skills>
	</etcitem>
	<etcitem id="31898" name="Unidentified Spiked Club">
		<!--Done By Darvin (c)Java - Team 2012-->
		<set name="class" value="OTHER"/>
		<set name="ex_type" value="OTHER_ITEMS"/>
		<set name="crystal_type" value="NONE"/>
		<set name="stackable" value="false"/>
		<set name="type" value="OTHER"/>
		<skills>
			<skill id="12507" level="1"/>
		</skills>
	</etcitem>
	<etcitem id="31899" name="Unidentified Stiletto">
		<!--Done By Darvin (c)Java - Team 2012-->
		<set name="class" value="OTHER"/>
		<set name="ex_type" value="OTHER_ITEMS"/>
		<set name="crystal_type" value="NONE"/>
		<set name="stackable" value="false"/>
		<set name="type" value="OTHER"/>
		<skills>
			<skill id="12508" level="1"/>
		</skills>
	</etcitem>
</list>
