<?xml version="1.0" encoding="UTF-8"?>
<!DOCTYPE list SYSTEM "item.dtd">
<list>
	<etcitem id="33608" name="Returning hero exclusive - Unidentified Dynasty Knife">
		<!--Done By Darvin (c)Java - Team 2012-->
		<set name="class" value="OTHER"/>
		<set name="ex_type" value="OTHER_ITEMS"/>
		<set name="crystal_type" value="NONE"/>
		<set name="stackable" value="false"/>
		<set name="type" value="OTHER"/>
	</etcitem>
	<etcitem id="33609" name="Returning hero exclusive - Unidentified Dynasty Sword">
		<!--Done By Darvin (c)Java - Team 2012-->
		<set name="class" value="OTHER"/>
		<set name="ex_type" value="OTHER_ITEMS"/>
		<set name="crystal_type" value="NONE"/>
		<set name="stackable" value="false"/>
		<set name="type" value="OTHER"/>
	</etcitem>
	<etcitem id="33610" name="Returning hero exclusive - Unidentified Dynasty Phantom">
		<!--Done By Darvin (c)Java - Team 2012-->
		<set name="class" value="OTHER"/>
		<set name="ex_type" value="OTHER_ITEMS"/>
		<set name="crystal_type" value="NONE"/>
		<set name="stackable" value="false"/>
		<set name="type" value="OTHER"/>
	</etcitem>
	<etcitem id="33611" name="Returning hero exclusive - Unidentified Dynasty Rapier">
		<!--Done By Darvin (c)Java - Team 2012-->
		<set name="class" value="OTHER"/>
		<set name="ex_type" value="OTHER_ITEMS"/>
		<set name="crystal_type" value="NONE"/>
		<set name="stackable" value="false"/>
		<set name="type" value="OTHER"/>
	</etcitem>
	<etcitem id="33612" name="Returning hero exclusive - Unidentified Dynasty Blade">
		<!--Done By Darvin (c)Java - Team 2012-->
		<set name="class" value="OTHER"/>
		<set name="ex_type" value="OTHER_ITEMS"/>
		<set name="crystal_type" value="NONE"/>
		<set name="stackable" value="false"/>
		<set name="type" value="OTHER"/>
	</etcitem>
	<etcitem id="33613" name="Returning hero exclusive - Unidentified Dynasty Ancient Sword">
		<!--Done By Darvin (c)Java - Team 2012-->
		<set name="class" value="OTHER"/>
		<set name="ex_type" value="OTHER_ITEMS"/>
		<set name="crystal_type" value="NONE"/>
		<set name="stackable" value="false"/>
		<set name="type" value="OTHER"/>
	</etcitem>
	<etcitem id="33614" name="Returning hero exclusive - Unidentified Dynasty Halberd">
		<!--Done By Darvin (c)Java - Team 2012-->
		<set name="class" value="OTHER"/>
		<set name="ex_type" value="OTHER_ITEMS"/>
		<set name="crystal_type" value="NONE"/>
		<set name="stackable" value="false"/>
		<set name="type" value="OTHER"/>
	</etcitem>
	<etcitem id="33615" name="Returning hero exclusive - Unidentified Dynasty Crossbow">
		<!--Done By Darvin (c)Java - Team 2012-->
		<set name="class" value="OTHER"/>
		<set name="ex_type" value="OTHER_ITEMS"/>
		<set name="crystal_type" value="NONE"/>
		<set name="stackable" value="false"/>
		<set name="type" value="OTHER"/>
	</etcitem>
	<etcitem id="33616" name="Returning hero exclusive - Unidentified Dynasty Cudgel">
		<!--Done By Darvin (c)Java - Team 2012-->
		<set name="class" value="OTHER"/>
		<set name="ex_type" value="OTHER_ITEMS"/>
		<set name="crystal_type" value="NONE"/>
		<set name="stackable" value="false"/>
		<set name="type" value="OTHER"/>
	</etcitem>
	<etcitem id="33617" name="Returning hero exclusive - Unidentified Dynasty Mace">
		<!--Done By Darvin (c)Java - Team 2012-->
		<set name="class" value="OTHER"/>
		<set name="ex_type" value="OTHER_ITEMS"/>
		<set name="crystal_type" value="NONE"/>
		<set name="stackable" value="false"/>
		<set name="type" value="OTHER"/>
	</etcitem>
	<etcitem id="33618" name="Returning hero exclusive - Unidentified Dynasty Staff">
		<!--Done By Darvin (c)Java - Team 2012-->
		<set name="class" value="OTHER"/>
		<set name="ex_type" value="OTHER_ITEMS"/>
		<set name="crystal_type" value="NONE"/>
		<set name="stackable" value="false"/>
		<set name="type" value="OTHER"/>
	</etcitem>
	<etcitem id="33619" name="Returning hero exclusive - Unidentified Dynasty Crusher">
		<!--Done By Darvin (c)Java - Team 2012-->
		<set name="class" value="OTHER"/>
		<set name="ex_type" value="OTHER_ITEMS"/>
		<set name="crystal_type" value="NONE"/>
		<set name="stackable" value="false"/>
		<set name="type" value="OTHER"/>
	</etcitem>
	<etcitem id="33620" name="Returning hero exclusive - Unidentified Dynasty Bagh-Nakh">
		<!--Done By Darvin (c)Java - Team 2012-->
		<set name="class" value="OTHER"/>
		<set name="ex_type" value="OTHER_ITEMS"/>
		<set name="crystal_type" value="NONE"/>
		<set name="stackable" value="false"/>
		<set name="type" value="OTHER"/>
	</etcitem>
	<etcitem id="33621" name="Returning hero exclusive - Unidentified Dynasty Dual Sword">
		<!--Done By Darvin (c)Java - Team 2012-->
		<set name="class" value="OTHER"/>
		<set name="ex_type" value="OTHER_ITEMS"/>
		<set name="crystal_type" value="NONE"/>
		<set name="stackable" value="false"/>
		<set name="type" value="OTHER"/>
	</etcitem>
	<etcitem id="33622" name="Returning hero exclusive - Unidentified Dynasty Dual Daggers">
		<!--Done By Darvin (c)Java - Team 2012-->
		<set name="class" value="OTHER"/>
		<set name="ex_type" value="OTHER_ITEMS"/>
		<set name="crystal_type" value="NONE"/>
		<set name="stackable" value="false"/>
		<set name="type" value="OTHER"/>
	</etcitem>
	<etcitem id="33623" name="Returning hero exclusive - Unidentified Dynasty Breastplate">
		<!--Done By Darvin (c)Java - Team 2012-->
		<set name="class" value="OTHER"/>
		<set name="ex_type" value="OTHER_ITEMS"/>
		<set name="crystal_type" value="NONE"/>
		<set name="stackable" value="false"/>
		<set name="type" value="OTHER"/>
	</etcitem>
	<etcitem id="33624" name="Returning hero exclusive - Unidentified Dynasty Gaiters">
		<!--Done By Darvin (c)Java - Team 2012-->
		<set name="class" value="OTHER"/>
		<set name="ex_type" value="OTHER_ITEMS"/>
		<set name="crystal_type" value="NONE"/>
		<set name="stackable" value="false"/>
		<set name="type" value="OTHER"/>
	</etcitem>
	<etcitem id="33625" name="Returning hero exclusive - Unidentified Dynasty Helmet">
		<!--Done By Darvin (c)Java - Team 2012-->
		<set name="class" value="OTHER"/>
		<set name="ex_type" value="OTHER_ITEMS"/>
		<set name="crystal_type" value="NONE"/>
		<set name="stackable" value="false"/>
		<set name="type" value="OTHER"/>
	</etcitem>
	<etcitem id="33626" name="Returning hero exclusive - Unidentified Dynasty Gauntlet">
		<!--Done By Darvin (c)Java - Team 2012-->
		<set name="class" value="OTHER"/>
		<set name="ex_type" value="OTHER_ITEMS"/>
		<set name="crystal_type" value="NONE"/>
		<set name="stackable" value="false"/>
		<set name="type" value="OTHER"/>
	</etcitem>
	<etcitem id="33627" name="Returning hero exclusive - Unidentified Dynasty Boots">
		<!--Done By Darvin (c)Java - Team 2012-->
		<set name="class" value="OTHER"/>
		<set name="ex_type" value="OTHER_ITEMS"/>
		<set name="crystal_type" value="NONE"/>
		<set name="stackable" value="false"/>
		<set name="type" value="OTHER"/>
	</etcitem>
	<etcitem id="33628" name="Returning hero exclusive - Unidentified Dynasty Shield">
		<!--Done By Darvin (c)Java - Team 2012-->
		<set name="class" value="OTHER"/>
		<set name="ex_type" value="OTHER_ITEMS"/>
		<set name="crystal_type" value="NONE"/>
		<set name="stackable" value="false"/>
		<set name="type" value="OTHER"/>
	</etcitem>
	<etcitem id="33629" name="Returning hero exclusive - Unidentified Dynasty Leather Armor">
		<!--Done By Darvin (c)Java - Team 2012-->
		<set name="class" value="OTHER"/>
		<set name="ex_type" value="OTHER_ITEMS"/>
		<set name="crystal_type" value="NONE"/>
		<set name="stackable" value="false"/>
		<set name="type" value="OTHER"/>
	</etcitem>
	<etcitem id="33630" name="Returning hero exclusive - Unidentified Dynasty Leather Leggings">
		<!--Done By Darvin (c)Java - Team 2012-->
		<set name="class" value="OTHER"/>
		<set name="ex_type" value="OTHER_ITEMS"/>
		<set name="crystal_type" value="NONE"/>
		<set name="stackable" value="false"/>
		<set name="type" value="OTHER"/>
	</etcitem>
	<etcitem id="33631" name="Returning hero exclusive - Unidentified Dynasty Leather Helmet">
		<!--Done By Darvin (c)Java - Team 2012-->
		<set name="class" value="OTHER"/>
		<set name="ex_type" value="OTHER_ITEMS"/>
		<set name="crystal_type" value="NONE"/>
		<set name="stackable" value="false"/>
		<set name="type" value="OTHER"/>
	</etcitem>
	<etcitem id="33632" name="Returning hero exclusive - Unidentified Dynasty Leather Gloves">
		<!--Done By Darvin (c)Java - Team 2012-->
		<set name="class" value="OTHER"/>
		<set name="ex_type" value="OTHER_ITEMS"/>
		<set name="crystal_type" value="NONE"/>
		<set name="stackable" value="false"/>
		<set name="type" value="OTHER"/>
	</etcitem>
	<etcitem id="33633" name="Returning hero exclusive - Unidentified Dynasty Leather Boots">
		<!--Done By Darvin (c)Java - Team 2012-->
		<set name="class" value="OTHER"/>
		<set name="ex_type" value="OTHER_ITEMS"/>
		<set name="crystal_type" value="NONE"/>
		<set name="stackable" value="false"/>
		<set name="type" value="OTHER"/>
	</etcitem>
	<etcitem id="33634" name="Returning hero exclusive - Unidentified Dynasty Tunic">
		<!--Done By Darvin (c)Java - Team 2012-->
		<set name="class" value="OTHER"/>
		<set name="ex_type" value="OTHER_ITEMS"/>
		<set name="crystal_type" value="NONE"/>
		<set name="stackable" value="false"/>
		<set name="type" value="OTHER"/>
	</etcitem>
	<etcitem id="33635" name="Returning hero exclusive - Unidentified Dynasty Stockings">
		<!--Done By Darvin (c)Java - Team 2012-->
		<set name="class" value="OTHER"/>
		<set name="ex_type" value="OTHER_ITEMS"/>
		<set name="crystal_type" value="NONE"/>
		<set name="stackable" value="false"/>
		<set name="type" value="OTHER"/>
	</etcitem>
	<etcitem id="33636" name="Returning hero exclusive - Unidentified Dynasty Circlet">
		<!--Done By Darvin (c)Java - Team 2012-->
		<set name="class" value="OTHER"/>
		<set name="ex_type" value="OTHER_ITEMS"/>
		<set name="crystal_type" value="NONE"/>
		<set name="stackable" value="false"/>
		<set name="type" value="OTHER"/>
	</etcitem>
	<etcitem id="33637" name="Returning hero exclusive - Unidentified Dynasty Gloves">
		<!--Done By Darvin (c)Java - Team 2012-->
		<set name="class" value="OTHER"/>
		<set name="ex_type" value="OTHER_ITEMS"/>
		<set name="crystal_type" value="NONE"/>
		<set name="stackable" value="false"/>
		<set name="type" value="OTHER"/>
	</etcitem>
	<etcitem id="33638" name="Returning hero exclusive - Unidentified Dynasty Shoes">
		<!--Done By Darvin (c)Java - Team 2012-->
		<set name="class" value="OTHER"/>
		<set name="ex_type" value="OTHER_ITEMS"/>
		<set name="crystal_type" value="NONE"/>
		<set name="stackable" value="false"/>
		<set name="type" value="OTHER"/>
	</etcitem>
	<etcitem id="33639" name="Returning hero exclusive - Unidentified Dynasty Sigil">
		<!--Done By Darvin (c)Java - Team 2012-->
		<set name="class" value="OTHER"/>
		<set name="ex_type" value="OTHER_ITEMS"/>
		<set name="crystal_type" value="NONE"/>
		<set name="stackable" value="false"/>
		<set name="type" value="OTHER"/>
	</etcitem>
	<etcitem id="33640" name="Blessed Scroll of Escape">
		<!--Done By Darvin (c)Java - Team 2012-->
		<set name="class" value="OTHER"/>
		<set name="ex_type" value="OTHER_ITEMS"/>
		<set name="crystal_type" value="NONE"/>
		<set name="weight" value="120"/>
		<set name="stackable" value="false"/>
		<set name="type" value="OTHER"/>
	</etcitem>
	<etcitem id="33641" name="Illusion Guard Helmet">
		<!--Done By Darvin (c)Java - Team 2012-->
		<set name="class" value="OTHER"/>
		<set name="ex_type" value="OTHER_ITEMS"/>
		<set name="crystal_type" value="NONE"/>
		<set name="weight" value="10"/>
		<set name="stackable" value="false"/>
		<set name="type" value="OTHER"/>
	</etcitem>
	<etcitem id="33642" name="Kukurin Bracelet">
		<!--Done By Darvin (c)Java - Team 2012-->
		<set name="class" value="OTHER"/>
		<set name="ex_type" value="OTHER_ITEMS"/>
		<set name="crystal_type" value="NONE"/>
		<set name="weight" value="30"/>
		<set name="stackable" value="false"/>
		<set name="type" value="OTHER"/>
	</etcitem>
	<etcitem id="33643" name="Minion Scroll">
		<!--Done By Darvin (c)Java - Team 2012-->
		<set name="class" value="OTHER"/>
		<set name="ex_type" value="OTHER_ITEMS"/>
		<set name="crystal_type" value="NONE"/>
		<set name="weight" value="120"/>
		<set name="stackable" value="false"/>
		<set name="type" value="OTHER"/>
	</etcitem>
	<etcitem id="33644" name="Superior Minion Scroll">
		<!--Done By Darvin (c)Java - Team 2012-->
		<set name="class" value="OTHER"/>
		<set name="ex_type" value="OTHER_ITEMS"/>
		<set name="crystal_type" value="NONE"/>
		<set name="weight" value="120"/>
		<set name="stackable" value="false"/>
		<set name="type" value="OTHER"/>
	</etcitem>
	<etcitem id="33645" name="Minion 3-Sheet Pack">
		<!--Done By Darvin (c)Java - Team 2012-->
		<set name="class" value="OTHER"/>
		<set name="ex_type" value="OTHER_ITEMS"/>
		<set name="crystal_type" value="NONE"/>
		<set name="weight" value="100"/>
		<set name="stackable" value="false"/>
		<set name="type" value="OTHER"/>
	</etcitem>
	<etcitem id="33646" name="Superior Minion 3-Sheet Pack">
		<!--Done By Darvin (c)Java - Team 2012-->
		<set name="class" value="OTHER"/>
		<set name="ex_type" value="OTHER_ITEMS"/>
		<set name="crystal_type" value="NONE"/>
		<set name="weight" value="100"/>
		<set name="stackable" value="false"/>
		<set name="type" value="OTHER"/>
	</etcitem>
	<etcitem id="33647" name="Hero's Gift Box">
		<!--Done By Darvin (c)Java - Team 2012-->
		<set name="class" value="OTHER"/>
		<set name="ex_type" value="OTHER_ITEMS"/>
		<set name="crystal_type" value="NONE"/>
		<set name="weight" value="100"/>
		<set name="stackable" value="false"/>
		<set name="type" value="OTHER"/>
	</etcitem>
	<etcitem id="33648" name="Gift Box of Fate">
		<!--Done By Darvin (c)Java - Team 2012-->
		<set name="class" value="OTHER"/>
		<set name="ex_type" value="OTHER_ITEMS"/>
		<set name="crystal_type" value="NONE"/>
		<set name="weight" value="100"/>
		<set name="stackable" value="false"/>
		<set name="type" value="OTHER"/>
	</etcitem>
	<etcitem id="33651" name="Returning hero exclusive - Unidentified Crystal Dagger">
		<!--Done By Darvin (c)Java - Team 2012-->
		<set name="class" value="OTHER"/>
		<set name="ex_type" value="OTHER_ITEMS"/>
		<set name="crystal_type" value="NONE"/>
		<set name="stackable" value="false"/>
		<set name="type" value="OTHER"/>
	</etcitem>
	<etcitem id="33652" name="Returning hero exclusive - Unidentified Samurai Longsword">
		<!--Done By Darvin (c)Java - Team 2012-->
		<set name="class" value="OTHER"/>
		<set name="ex_type" value="OTHER_ITEMS"/>
		<set name="crystal_type" value="NONE"/>
		<set name="stackable" value="false"/>
		<set name="type" value="OTHER"/>
	</etcitem>
	<etcitem id="33653" name="Returning hero exclusive - Unidentified Ecliptic Sword">
		<!--Done By Darvin (c)Java - Team 2012-->
		<set name="class" value="OTHER"/>
		<set name="ex_type" value="OTHER_ITEMS"/>
		<set name="crystal_type" value="NONE"/>
		<set name="stackable" value="false"/>
		<set name="type" value="OTHER"/>
	</etcitem>
	<etcitem id="33654" name="Returning hero exclusive - Unidentified Admiral's Estoc">
		<!--Done By Darvin (c)Java - Team 2012-->
		<set name="class" value="OTHER"/>
		<set name="ex_type" value="OTHER_ITEMS"/>
		<set name="crystal_type" value="NONE"/>
		<set name="stackable" value="false"/>
		<set name="type" value="OTHER"/>
	</etcitem>
	<etcitem id="33655" name="Returning hero exclusive - Unidentified Berserker Blade">
		<!--Done By Darvin (c)Java - Team 2012-->
		<set name="class" value="OTHER"/>
		<set name="ex_type" value="OTHER_ITEMS"/>
		<set name="crystal_type" value="NONE"/>
		<set name="stackable" value="false"/>
		<set name="type" value="OTHER"/>
	</etcitem>
	<etcitem id="33656" name="Returning hero exclusive - Unidentified Saber Tooth">
		<!--Done By Darvin (c)Java - Team 2012-->
		<set name="class" value="OTHER"/>
		<set name="ex_type" value="OTHER_ITEMS"/>
		<set name="crystal_type" value="NONE"/>
		<set name="stackable" value="false"/>
		<set name="type" value="OTHER"/>
	</etcitem>
	<etcitem id="33657" name="Returning hero exclusive - Unidentified Eminence Bow">
		<!--Done By Darvin (c)Java - Team 2012-->
		<set name="class" value="OTHER"/>
		<set name="ex_type" value="OTHER_ITEMS"/>
		<set name="crystal_type" value="NONE"/>
		<set name="stackable" value="false"/>
		<set name="type" value="OTHER"/>
	</etcitem>
	<etcitem id="33658" name="Returning hero exclusive - Unidentified Sharpshooter">
		<!--Done By Darvin (c)Java - Team 2012-->
		<set name="class" value="OTHER"/>
		<set name="ex_type" value="OTHER_ITEMS"/>
		<set name="crystal_type" value="NONE"/>
		<set name="stackable" value="false"/>
		<set name="type" value="OTHER"/>
	</etcitem>
	<etcitem id="33659" name="Returning hero exclusive - Unidentified Ecliptic Axe">
		<!--Done By Darvin (c)Java - Team 2012-->
		<set name="class" value="OTHER"/>
		<set name="ex_type" value="OTHER_ITEMS"/>
		<set name="crystal_type" value="NONE"/>
		<set name="stackable" value="false"/>
		<set name="type" value="OTHER"/>
	</etcitem>
	<etcitem id="33660" name="Returning hero exclusive - Unidentified Yaksa Mace">
		<!--Done By Darvin (c)Java - Team 2012-->
		<set name="class" value="OTHER"/>
		<set name="ex_type" value="OTHER_ITEMS"/>
		<set name="crystal_type" value="NONE"/>
		<set name="stackable" value="false"/>
		<set name="type" value="OTHER"/>
	</etcitem>
	<etcitem id="33661" name="Returning hero exclusive - Unidentified Dwarven Hammer">
		<!--Done By Darvin (c)Java - Team 2012-->
		<set name="class" value="OTHER"/>
		<set name="ex_type" value="OTHER_ITEMS"/>
		<set name="crystal_type" value="NONE"/>
		<set name="stackable" value="false"/>
		<set name="type" value="OTHER"/>
	</etcitem>
	<etcitem id="33662" name="Returning hero exclusive - Unidentified Ghoul's Staff">
		<!--Done By Darvin (c)Java - Team 2012-->
		<set name="class" value="OTHER"/>
		<set name="ex_type" value="OTHER_ITEMS"/>
		<set name="crystal_type" value="NONE"/>
		<set name="stackable" value="false"/>
		<set name="type" value="OTHER"/>
	</etcitem>
	<etcitem id="33663" name="Returning hero exclusive - Unidentified Orcish Poleaxe">
		<!--Done By Darvin (c)Java - Team 2012-->
		<set name="class" value="OTHER"/>
		<set name="ex_type" value="OTHER_ITEMS"/>
		<set name="crystal_type" value="NONE"/>
		<set name="stackable" value="false"/>
		<set name="type" value="OTHER"/>
	</etcitem>
	<etcitem id="33664" name="Returning hero exclusive - Unidentified Great Pata">
		<!--Done By Darvin (c)Java - Team 2012-->
		<set name="class" value="OTHER"/>
		<set name="ex_type" value="OTHER_ITEMS"/>
		<set name="crystal_type" value="NONE"/>
		<set name="stackable" value="false"/>
		<set name="type" value="OTHER"/>
	</etcitem>
	<etcitem id="33665" name="Returning hero exclusive - Unidentified Shamshir*Shamshir">
		<!--Done By Darvin (c)Java - Team 2012-->
		<set name="class" value="OTHER"/>
		<set name="ex_type" value="OTHER_ITEMS"/>
		<set name="crystal_type" value="NONE"/>
		<set name="stackable" value="false"/>
		<set name="type" value="OTHER"/>
	</etcitem>
	<etcitem id="33666" name="Returning hero exclusive - Unidentified Full Plate Helmet">
		<!--Done By Darvin (c)Java - Team 2012-->
		<set name="class" value="OTHER"/>
		<set name="ex_type" value="OTHER_ITEMS"/>
		<set name="crystal_type" value="NONE"/>
		<set name="stackable" value="false"/>
		<set name="type" value="OTHER"/>
	</etcitem>
	<etcitem id="33667" name="Returning hero exclusive - Unidentified Full Plate Armor">
		<!--Done By Darvin (c)Java - Team 2012-->
		<set name="class" value="OTHER"/>
		<set name="ex_type" value="OTHER_ITEMS"/>
		<set name="crystal_type" value="NONE"/>
		<set name="stackable" value="false"/>
		<set name="type" value="OTHER"/>
	</etcitem>
	<etcitem id="33668" name="Returning hero exclusive - Unidentified Full Plate Shield">
		<!--Done By Darvin (c)Java - Team 2012-->
		<set name="class" value="OTHER"/>
		<set name="ex_type" value="OTHER_ITEMS"/>
		<set name="crystal_type" value="NONE"/>
		<set name="stackable" value="false"/>
		<set name="type" value="OTHER"/>
	</etcitem>
	<etcitem id="33669" name="Returning hero exclusive - Unidentified Full Plate Boots">
		<!--Done By Darvin (c)Java - Team 2012-->
		<set name="class" value="OTHER"/>
		<set name="ex_type" value="OTHER_ITEMS"/>
		<set name="crystal_type" value="NONE"/>
		<set name="stackable" value="false"/>
		<set name="type" value="OTHER"/>
	</etcitem>
	<etcitem id="33670" name="Returning hero exclusive - Unidentified Full Plate Gauntlet">
		<!--Done By Darvin (c)Java - Team 2012-->
		<set name="class" value="OTHER"/>
		<set name="ex_type" value="OTHER_ITEMS"/>
		<set name="crystal_type" value="NONE"/>
		<set name="stackable" value="false"/>
		<set name="type" value="OTHER"/>
	</etcitem>
	<etcitem id="33671" name="Returning hero exclusive - Unidentified Divine Stockings">
		<!--Done By Darvin (c)Java - Team 2012-->
		<set name="class" value="OTHER"/>
		<set name="ex_type" value="OTHER_ITEMS"/>
		<set name="crystal_type" value="NONE"/>
		<set name="stackable" value="false"/>
		<set name="type" value="OTHER"/>
	</etcitem>
	<etcitem id="33672" name="Returning hero exclusive - Unidentified Divine Tunic">
		<!--Done By Darvin (c)Java - Team 2012-->
		<set name="class" value="OTHER"/>
		<set name="ex_type" value="OTHER_ITEMS"/>
		<set name="crystal_type" value="NONE"/>
		<set name="stackable" value="false"/>
		<set name="type" value="OTHER"/>
	</etcitem>
	<etcitem id="33673" name="Returning hero exclusive - Unidentified Divine Gloves">
		<!--Done By Darvin (c)Java - Team 2012-->
		<set name="class" value="OTHER"/>
		<set name="ex_type" value="OTHER_ITEMS"/>
		<set name="crystal_type" value="NONE"/>
		<set name="stackable" value="false"/>
		<set name="type" value="OTHER"/>
	</etcitem>
	<etcitem id="33674" name="Returning hero exclusive - Unidentified Drake Leather Boots">
		<!--Done By Darvin (c)Java - Team 2012-->
		<set name="class" value="OTHER"/>
		<set name="ex_type" value="OTHER_ITEMS"/>
		<set name="crystal_type" value="NONE"/>
		<set name="stackable" value="false"/>
		<set name="type" value="OTHER"/>
	</etcitem>
	<etcitem id="33675" name="Returning hero exclusive - Unidentified Drake Leather Armor">
		<!--Done By Darvin (c)Java - Team 2012-->
		<set name="class" value="OTHER"/>
		<set name="ex_type" value="OTHER_ITEMS"/>
		<set name="crystal_type" value="NONE"/>
		<set name="stackable" value="false"/>
		<set name="type" value="OTHER"/>
	</etcitem>
	<etcitem id="33676" name="Returning hero exclusive - Unidentified Drake Leather Gloves">
		<!--Done By Darvin (c)Java - Team 2012-->
		<set name="class" value="OTHER"/>
		<set name="ex_type" value="OTHER_ITEMS"/>
		<set name="crystal_type" value="NONE"/>
		<set name="stackable" value="false"/>
		<set name="type" value="OTHER"/>
	</etcitem>
	<etcitem id="33677" name="Returning hero exclusive - Unidentified Demon's Dagger">
		<!--Done By Darvin (c)Java - Team 2012-->
		<set name="class" value="OTHER"/>
		<set name="ex_type" value="OTHER_ITEMS"/>
		<set name="crystal_type" value="NONE"/>
		<set name="stackable" value="false"/>
		<set name="type" value="OTHER"/>
	</etcitem>
	<etcitem id="33678" name="Returning hero exclusive - Unidentified Wizard's Tear">
		<!--Done By Darvin (c)Java - Team 2012-->
		<set name="class" value="OTHER"/>
		<set name="ex_type" value="OTHER_ITEMS"/>
		<set name="crystal_type" value="NONE"/>
		<set name="stackable" value="false"/>
		<set name="type" value="OTHER"/>
	</etcitem>
	<etcitem id="33679" name="Returning hero exclusive - Unidentified Damascus Sword">
		<!--Done By Darvin (c)Java - Team 2012-->
		<set name="class" value="OTHER"/>
		<set name="ex_type" value="OTHER_ITEMS"/>
		<set name="crystal_type" value="NONE"/>
		<set name="stackable" value="false"/>
		<set name="type" value="OTHER"/>
	</etcitem>
	<etcitem id="33680" name="Returning hero exclusive - Unidentified Guardian Sword">
		<!--Done By Darvin (c)Java - Team 2012-->
		<set name="class" value="OTHER"/>
		<set name="ex_type" value="OTHER_ITEMS"/>
		<set name="crystal_type" value="NONE"/>
		<set name="stackable" value="false"/>
		<set name="type" value="OTHER"/>
	</etcitem>
	<etcitem id="33681" name="Returning hero exclusive - Unidentified Hazard Bow">
		<!--Done By Darvin (c)Java - Team 2012-->
		<set name="class" value="OTHER"/>
		<set name="ex_type" value="OTHER_ITEMS"/>
		<set name="crystal_type" value="NONE"/>
		<set name="stackable" value="false"/>
		<set name="type" value="OTHER"/>
	</etcitem>
	<etcitem id="33682" name="Returning hero exclusive - Unidentified Kaim Vanul's Bones">
		<!--Done By Darvin (c)Java - Team 2012-->
		<set name="class" value="OTHER"/>
		<set name="ex_type" value="OTHER_ITEMS"/>
		<set name="crystal_type" value="NONE"/>
		<set name="stackable" value="false"/>
		<set name="type" value="OTHER"/>
	</etcitem>
	<etcitem id="33683" name="Returning hero exclusive - Unidentified Art of Battle Axe">
		<!--Done By Darvin (c)Java - Team 2012-->
		<set name="class" value="OTHER"/>
		<set name="ex_type" value="OTHER_ITEMS"/>
		<set name="crystal_type" value="NONE"/>
		<set name="stackable" value="false"/>
		<set name="type" value="OTHER"/>
	</etcitem>
	<etcitem id="33684" name="Returning hero exclusive - Unidentified Star Buster">
		<!--Done By Darvin (c)Java - Team 2012-->
		<set name="class" value="OTHER"/>
		<set name="ex_type" value="OTHER_ITEMS"/>
		<set name="crystal_type" value="NONE"/>
		<set name="stackable" value="false"/>
		<set name="type" value="OTHER"/>
	</etcitem>
	<etcitem id="33685" name="Returning hero exclusive - Unidentified Staff of Evil Spirits">
		<!--Done By Darvin (c)Java - Team 2012-->
		<set name="class" value="OTHER"/>
		<set name="ex_type" value="OTHER_ITEMS"/>
		<set name="crystal_type" value="NONE"/>
		<set name="stackable" value="false"/>
		<set name="type" value="OTHER"/>
	</etcitem>
	<etcitem id="33686" name="Returning hero exclusive - Unidentified Lance">
		<!--Done By Darvin (c)Java - Team 2012-->
		<set name="class" value="OTHER"/>
		<set name="ex_type" value="OTHER_ITEMS"/>
		<set name="crystal_type" value="NONE"/>
		<set name="stackable" value="false"/>
		<set name="type" value="OTHER"/>
	</etcitem>
	<etcitem id="33687" name="Returning hero exclusive - Unidentified Bellion Cestus">
		<!--Done By Darvin (c)Java - Team 2012-->
		<set name="class" value="OTHER"/>
		<set name="ex_type" value="OTHER_ITEMS"/>
		<set name="crystal_type" value="NONE"/>
		<set name="stackable" value="false"/>
		<set name="type" value="OTHER"/>
	</etcitem>
	<etcitem id="33688" name="Returning hero exclusive - Unidentified Samurai Longsword*Samurai Longsword">
		<!--Done By Darvin (c)Java - Team 2012-->
		<set name="class" value="OTHER"/>
		<set name="ex_type" value="OTHER_ITEMS"/>
		<set name="crystal_type" value="NONE"/>
		<set name="stackable" value="false"/>
		<set name="type" value="OTHER"/>
	</etcitem>
	<etcitem id="33689" name="Returning hero exclusive - Unidentified Stockings of Doom">
		<!--Done By Darvin (c)Java - Team 2012-->
		<set name="class" value="OTHER"/>
		<set name="ex_type" value="OTHER_ITEMS"/>
		<set name="crystal_type" value="NONE"/>
		<set name="stackable" value="false"/>
		<set name="type" value="OTHER"/>
	</etcitem>
	<etcitem id="33690" name="Returning hero exclusive - Unidentified Tunic of Doom">
		<!--Done By Darvin (c)Java - Team 2012-->
		<set name="class" value="OTHER"/>
		<set name="ex_type" value="OTHER_ITEMS"/>
		<set name="crystal_type" value="NONE"/>
		<set name="stackable" value="false"/>
		<set name="type" value="OTHER"/>
	</etcitem>
	<etcitem id="33691" name="Returning hero exclusive - Unidentified Leather Armor of Doom">
		<!--Done By Darvin (c)Java - Team 2012-->
		<set name="class" value="OTHER"/>
		<set name="ex_type" value="OTHER_ITEMS"/>
		<set name="crystal_type" value="NONE"/>
		<set name="stackable" value="false"/>
		<set name="type" value="OTHER"/>
	</etcitem>
	<etcitem id="33692" name="Returning hero exclusive - Unidentified Doom Helmet">
		<!--Done By Darvin (c)Java - Team 2012-->
		<set name="class" value="OTHER"/>
		<set name="ex_type" value="OTHER_ITEMS"/>
		<set name="crystal_type" value="NONE"/>
		<set name="stackable" value="false"/>
		<set name="type" value="OTHER"/>
	</etcitem>
	<etcitem id="33693" name="Returning hero exclusive - Unidentified Doom Plate Armor">
		<!--Done By Darvin (c)Java - Team 2012-->
		<set name="class" value="OTHER"/>
		<set name="ex_type" value="OTHER_ITEMS"/>
		<set name="crystal_type" value="NONE"/>
		<set name="stackable" value="false"/>
		<set name="type" value="OTHER"/>
	</etcitem>
	<etcitem id="33694" name="Returning hero exclusive - Unidentified Doom Shield">
		<!--Done By Darvin (c)Java - Team 2012-->
		<set name="class" value="OTHER"/>
		<set name="ex_type" value="OTHER_ITEMS"/>
		<set name="crystal_type" value="NONE"/>
		<set name="stackable" value="false"/>
		<set name="type" value="OTHER"/>
	</etcitem>
	<etcitem id="33695" name="Returning hero exclusive - Unidentified Doom Boots">
		<!--Done By Darvin (c)Java - Team 2012-->
		<set name="class" value="OTHER"/>
		<set name="ex_type" value="OTHER_ITEMS"/>
		<set name="crystal_type" value="NONE"/>
		<set name="stackable" value="false"/>
		<set name="type" value="OTHER"/>
	</etcitem>
	<etcitem id="33696" name="Returning hero exclusive - Unidentified Doom Gloves">
		<!--Done By Darvin (c)Java - Team 2012-->
		<set name="class" value="OTHER"/>
		<set name="ex_type" value="OTHER_ITEMS"/>
		<set name="crystal_type" value="NONE"/>
		<set name="stackable" value="false"/>
		<set name="type" value="OTHER"/>
	</etcitem>
	<etcitem id="33697" name="Returning hero exclusive - Unidentified Soul Separator">
		<!--Done By Darvin (c)Java - Team 2012-->
		<set name="class" value="OTHER"/>
		<set name="ex_type" value="OTHER_ITEMS"/>
		<set name="crystal_type" value="NONE"/>
		<set name="stackable" value="false"/>
		<set name="type" value="OTHER"/>
	</etcitem>
	<etcitem id="33698" name="Returning hero exclusive - Unidentified Sword of Miracles">
		<!--Done By Darvin (c)Java - Team 2012-->
		<set name="class" value="OTHER"/>
		<set name="ex_type" value="OTHER_ITEMS"/>
		<set name="crystal_type" value="NONE"/>
		<set name="stackable" value="false"/>
		<set name="type" value="OTHER"/>
	</etcitem>
	<etcitem id="33699" name="Returning hero exclusive - Unidentified Dark Legion">
		<!--Done By Darvin (c)Java - Team 2012-->
		<set name="class" value="OTHER"/>
		<set name="ex_type" value="OTHER_ITEMS"/>
		<set name="crystal_type" value="NONE"/>
		<set name="stackable" value="false"/>
		<set name="type" value="OTHER"/>
	</etcitem>
</list>
