<?xml version="1.0" encoding="UTF-8"?>
<!DOCTYPE list SYSTEM "item.dtd">
<list>
	<etcitem id="34700" name="Giant's Enchant Scroll Box">
		<!--Done By Darvin (c)Java - Team 2012-->
		<set name="class" value="OTHER"/>
		<set name="ex_type" value="OTHER_ITEMS"/>
		<set name="crystal_type" value="NONE"/>
		<set name="weight" value="10"/>
		<set name="stackable" value="true"/>
		<set name="type" value="OTHER"/>
	</etcitem>
	<etcitem id="34701" name="Giant's Bind Removing Scroll Box">
		<!--Done By Darvin (c)Java - Team 2012-->
		<set name="class" value="OTHER"/>
		<set name="ex_type" value="OTHER_ITEMS"/>
		<set name="crystal_type" value="NONE"/>
		<set name="weight" value="10"/>
		<set name="stackable" value="true"/>
		<set name="type" value="OTHER"/>
	</etcitem>
	<etcitem id="34702" name="Treasure Chest">
		<!--Done By Darvin (c)Java - Team 2012-->
		<set name="class" value="OTHER"/>
		<set name="ex_type" value="OTHER_ITEMS"/>
		<set name="crystal_type" value="NONE"/>
		<set name="weight" value="10"/>
		<set name="stackable" value="true"/>
		<set name="type" value="OTHER"/>
		<skills>
			<skill id="9345" level="1"/>
		</skills>
		<set name="capsuled" value="true"/>
	</etcitem>
	<etcitem id="34703" name="Hero's Treasure Box">
		<!--Done By Darvin (c)Java - Team 2012-->
		<set name="class" value="OTHER"/>
		<set name="ex_type" value="OTHER_ITEMS"/>
		<set name="crystal_type" value="NONE"/>
		<set name="weight" value="10"/>
		<set name="stackable" value="true"/>
		<set name="type" value="OTHER"/>
		<skills>
			<skill id="9346" level="1"/>
		</skills>
		<set name="capsuled" value="true"/>
	</etcitem>
	<etcitem id="34704" name="Giant's Treasure Box">
		<!--Done By Darvin (c)Java - Team 2012-->
		<set name="class" value="OTHER"/>
		<set name="ex_type" value="OTHER_ITEMS"/>
		<set name="crystal_type" value="NONE"/>
		<set name="weight" value="10"/>
		<set name="stackable" value="true"/>
		<set name="type" value="OTHER"/>
	</etcitem>
	<etcitem id="34760" name="Mentee Certificate Pack">
		<!-- gorodetskiy -->
		<set name="freightable" value="true"/>
		<set name="dropable" value="false"/>
		<set name="destroyable" value="false"/>
		<set name="tradeable" value="false"/>
		<set name="class" value="OTHER"/>
		<set name="ex_type" value="OTHER_ITEMS"/>
		<set name="crystal_type" value="NONE"/>
		<set name="weight" value="100"/>
		<set name="stackable" value="false"/>
		<set name="icon" value="icon.etc_pi_gift_box_i00"/>
		<set name="type" value="OTHER"/>
	</etcitem>
	<etcitem id="34761" name="Firecracker of Fear" add_name="Campaign">
		<set name="class" value="OTHER"/>
		<set name="ex_type" value="OTHER_ITEMS"/>
		<set name="crystal_type" value="NONE"/>
		<set name="icon" value="icon.etc_small_ultra_bomb_i00"/>
		<set name="stackable" value="true"/>
		<set name="type" value="OTHER"/>
		<skills>
			<skill id="9399" level="1"/>
		</skills>
	</etcitem>
	<etcitem id="34765" name="Remnant Ashes">
		<set name="ex_type" value="OTHER_ITEMS"/>
		<set name="class" value="OTHER"/>
		<set name="ex_type" value="OTHER_ITEMS"/>
		<set name="crystal_type" value="NONE"/>
		<set name="durability" value="100"/>
		<set name="stackable" value="true"/>
		<set name="type" value="QUEST"/>
	</etcitem>
	<etcitem id="34766" name="Succubus Essence">
		<set name="ex_type" value="OTHER_ITEMS"/>
		<set name="class" value="OTHER"/>
		<set name="ex_type" value="OTHER_ITEMS"/>
		<set name="crystal_type" value="NONE"/>
		<set name="durability" value="100"/>
		<set name="stackable" value="true"/>
		<set name="type" value="QUEST"/>
	</etcitem>
	<etcitem id="34767" name="Gerkenshtein's report">
		<set name="ex_type" value="OTHER_ITEMS"/>
		<set name="class" value="OTHER"/>
		<set name="ex_type" value="OTHER_ITEMS"/>
		<set name="crystal_type" value="NONE"/>
		<set name="durability" value="100"/>
		<set name="stackable" value="true"/>
		<set name="type" value="OTHER"/>
		<set name="dropable" value="false"/>
		<set name="tradeable" value="false"/>
	</etcitem>
	<etcitem id="34768" name="Dimensional Fragment">
		<set name="ex_type" value="OTHER_ITEMS"/>
		<set name="class" value="OTHER"/>
		<set name="ex_type" value="OTHER_ITEMS"/>
		<set name="crystal_type" value="NONE"/>
		<set name="durability" value="100"/>
		<set name="stackable" value="true"/>
		<set name="type" value="QUEST"/>
	</etcitem>
	<etcitem id="34769" name="Relics of Ancient Empire">
		<set name="icon" value="icon.etc_piece_holy_light"/>
		<set name="weight" value="120"/>
		<set name="stackable" value="true"/>
		<set name="crystal_type" value="NONE"/>
		<set name="type" value="QUEST"/>
	</etcitem>
	<etcitem id="34781" name="Blessed Scroll of Resurrection" add_name="Event">
		<set name="icon" value="icon.etc_scroll_of_resurrection_i01"/>
		<set name="weight" value="120"/>
		<set name="stackable" value="true"/>
		<set name="crystal_type" value="NONE"/>
		<set name="type" value="QUEST"/>
	</etcitem>
	<etcitem id="34782" name="Scroll: Enchant Armor (S-Grade)" add_name="Event">
		<set name="icon" value="icon.etc_scroll_of_enchant_armor_i05"/>
		<set name="weight" value="10"/>
		<set name="stackable" value="true"/>
		<set name="crystal_type" value="NONE"/>
		<set name="type" value="QUEST"/>
	</etcitem>
	<etcitem id="34783" name="Scroll: Enchant Armor (R-Grade)" add_name="Event">
		<set name="icon" value="icon.scroll_of_enchant_armor_i06"/>
		<set name="weight" value="10"/>
		<set name="stackable" value="true"/>
		<set name="crystal_type" value="NONE"/>
		<set name="type" value="QUEST"/>
	</etcitem>
	<etcitem id="34784" name="Weapon Enchant Scroll - S Grade" add_name="Event">
		<set name="icon" value="icon.etc_scroll_of_enchant_weapon_i05"/>
		<set name="weight" value="10"/>
		<set name="stackable" value="true"/>
		<set name="crystal_type" value="NONE"/>
		<set name="type" value="QUEST"/>
	</etcitem>
	<etcitem id="34785" name="Scroll: Enchant Weapon (R-Grade)" add_name="Event">
		<set name="icon" value="icon.scroll_of_enchant_weapon_i06"/>
		<set name="weight" value="10"/>
		<set name="stackable" value="true"/>
		<set name="crystal_type" value="NONE"/>
		<set name="type" value="QUEST"/>
	</etcitem>
	<etcitem id="34786" name="Blessed Scroll: Enchant Armor (S-Grade)" add_name="Event">
		<set name="icon" value="icon.etc_blessed_scrl_of_ench_am_s_i05"/>
		<set name="weight" value="120"/>
		<set name="stackable" value="true"/>
		<set name="crystal_type" value="NONE"/>
		<set name="type" value="QUEST"/>
	</etcitem>
	<etcitem id="34787" name="Blessed Scroll: Enchant Armor (R-Grade)" add_name="Event">
		<set name="icon" value="icon.blessed_scroll_of_enchant_armor_i06"/>
		<set name="weight" value="120"/>
		<set name="stackable" value="true"/>
		<set name="crystal_type" value="NONE"/>
		<set name="type" value="QUEST"/>
	</etcitem>
	<etcitem id="34788" name="Blessed Scroll: Enchant Weapon (S-Grade)" add_name="Event">
		<set name="icon" value="icon.etc_blessed_scrl_of_ench_wp_s_i05"/>
		<set name="weight" value="120"/>
		<set name="stackable" value="true"/>
		<set name="crystal_type" value="NONE"/>
		<set name="type" value="QUEST"/>
	</etcitem>
	<etcitem id="34789" name="Blessed Scroll: Enchant Weapon (R-Grade)" add_name="Event">
		<set name="icon" value="icon.blessed_scroll_of_enchant_weapon_i06"/>
		<set name="weight" value="120"/>
		<set name="stackable" value="true"/>
		<set name="crystal_type" value="NONE"/>
		<set name="type" value="QUEST"/>
	</etcitem>
	<etcitem id="34790" name="Fire Stone" add_name="Event">
		<set name="type" value="QUEST"/>
		<set name="icon" value="icon.etc_fire_stone_i00"/>
		<set name="weight" value="1"/>
		<set name="stackable" value="true"/>
		<set name="crystal_type" value="NONE"/>
	</etcitem>
	<etcitem id="34791" name="Water Stone" add_name="Event">
		<set name="type" value="QUEST"/>
		<set name="icon" value="icon.etc_water_stone_i00"/>
		<set name="weight" value="1"/>
		<set name="stackable" value="true"/>
		<set name="crystal_type" value="NONE"/>
	</etcitem>
	<etcitem id="34792" name="Earth Stone" add_name="Event">
		<set name="type" value="QUEST"/>
		<set name="icon" value="icon.etc_earth_stone_i00"/>
		<set name="weight" value="1"/>
		<set name="stackable" value="true"/>
		<set name="crystal_type" value="NONE"/>
	</etcitem>
	<etcitem id="34793" name="Wind Stone" add_name="Event">
		<set name="type" value="QUEST"/>
		<set name="icon" value="icon.etc_wind_stone_i00"/>
		<set name="weight" value="1"/>
		<set name="stackable" value="true"/>
		<set name="crystal_type" value="NONE"/>
	</etcitem>
	<etcitem id="34794" name="Dark Stone" add_name="Event">
		<set name="type" value="QUEST"/>
		<set name="icon" value="icon.etc_unholy_stone_i00"/>
		<set name="weight" value="1"/>
		<set name="stackable" value="true"/>
		<set name="crystal_type" value="NONE"/>
	</etcitem>
	<etcitem id="34795" name="Holy Stone" add_name="Event">
		<set name="type" value="QUEST"/>
		<set name="icon" value="icon.etc_holy_stone_i00"/>
		<set name="weight" value="1"/>
		<set name="stackable" value="true"/>
		<set name="crystal_type" value="NONE"/>
	</etcitem>
	<etcitem id="34796" name="Fire Crystal" add_name="Event">
		<set name="type" value="QUEST"/>
		<set name="icon" value="icon.etc_fire_crystal_i00"/>
		<set name="weight" value="1"/>
		<set name="stackable" value="true"/>
		<set name="crystal_type" value="NONE"/>
	</etcitem>
	<etcitem id="34797" name="Water Crystal" add_name="Event">
		<set name="type" value="QUEST"/>
		<set name="icon" value="icon.etc_water_crystal_i00"/>
		<set name="weight" value="1"/>
		<set name="stackable" value="true"/>
		<set name="crystal_type" value="NONE"/>
	</etcitem>
	<etcitem id="34798" name="Earth Crystal" add_name="Event">
		<set name="type" value="QUEST"/>
		<set name="icon" value="icon.etc_earth_crystal_i00"/>
		<set name="weight" value="1"/>
		<set name="stackable" value="true"/>
		<set name="crystal_type" value="NONE"/>
	</etcitem>
	<etcitem id="34799" name="Wind Crystal" add_name="Event">
		<set name="type" value="QUEST"/>
		<set name="icon" value="icon.etc_wind_crystal_i00"/>
		<set name="weight" value="1"/>
		<set name="stackable" value="true"/>
		<set name="crystal_type" value="NONE"/>
	</etcitem>
</list>
