<?xml version="1.0" encoding="UTF-8"?>
<!DOCTYPE list SYSTEM "item.dtd">
<list>
	<etcitem id="35548" name="Engineer Zofan's Supply Box">
		<!--gorodetskiy-->
		<set name="icon" value="icon.etc_pi_gift_box_i01"/>
		<set name="crystal_type" value="NONE"/>
		<set name="weight" value="100"/>
		<set name="stackable" value="true"/>
		<set name="type" value="OTHER"/>
		<set name="ex_type" value="OTHER_ITEMS"/>
	</etcitem>
	<etcitem id="35556" name="Билет в Лабиринт Картии - Ур. 85 (соло)">
		<set name="icon" value="icon.etc_ticket_red_i00"/>
		<set name="class" value="OTHER"/>
		<set name="ex_type" value="OTHER_ITEMS"/>
		<set name="crystal_type" value="NONE"/>
		<set name="durability" value="100"/>
		<set name="stackable" value="true"/>
		<set name="type" value="QUEST"/>
	</etcitem>
	<etcitem id="35557" name="Билет в Лабиринт Картии - Ур. 90 (соло)">
		<set name="icon" value="icon.etc_ticket_red_i00"/>
		<set name="class" value="OTHER"/>
		<set name="ex_type" value="OTHER_ITEMS"/>
		<set name="crystal_type" value="NONE"/>
		<set name="durability" value="100"/>
		<set name="stackable" value="true"/>
		<set name="type" value="QUEST"/>
	</etcitem>
	<etcitem id="35558" name="Билет в Лабиринт Картии - Ур. 95 (соло)">
		<set name="icon" value="icon.etc_ticket_red_i00"/>
		<set name="class" value="OTHER"/>
		<set name="ex_type" value="OTHER_ITEMS"/>
		<set name="crystal_type" value="NONE"/>
		<set name="durability" value="100"/>
		<set name="stackable" value="true"/>
		<set name="type" value="QUEST"/>
	</etcitem>
	<etcitem id="35559" name="Билет в Лабиринт Картии - Ур. 85 (группа)">
		<set name="icon" value="icon.etc_ticket_red_i00"/>
		<set name="class" value="OTHER"/>
		<set name="ex_type" value="OTHER_ITEMS"/>
		<set name="crystal_type" value="NONE"/>
		<set name="durability" value="100"/>
		<set name="stackable" value="true"/>
		<set name="type" value="QUEST"/>
	</etcitem>
	<etcitem id="35560" name="Билет в Лабиринт Картии - Ур. 90 (группа)">
		<set name="icon" value="icon.etc_ticket_red_i00"/>
		<set name="class" value="OTHER"/>
		<set name="ex_type" value="OTHER_ITEMS"/>
		<set name="crystal_type" value="NONE"/>
		<set name="durability" value="100"/>
		<set name="stackable" value="true"/>
		<set name="type" value="QUEST"/>
	</etcitem>
	<etcitem id="35561" name="Билет в Лабиринт Картии - Ур. 95 (группа)">
		<set name="icon" value="icon.etc_ticket_red_i00"/>
		<set name="class" value="OTHER"/>
		<set name="ex_type" value="OTHER_ITEMS"/>
		<set name="crystal_type" value="NONE"/>
		<set name="durability" value="100"/>
		<set name="stackable" value="true"/>
		<set name="type" value="QUEST"/>
	</etcitem>
</list>
