<?xml version="1.0" encoding="UTF-8"?>
<!DOCTYPE list SYSTEM "item.dtd">
<list>
	<etcitem id="35700" name="Santa Girls Golden Gift Box">
		<!-- gorodetskiy -->
		<set name="class" value="OTHER"/>
		<set name="ex_type" value="OTHER_ITEMS"/>
		<set name="type" value="OTHER"/>
		<set name="crystal_type" value="NONE"/>
		<set name="icon" value="icon.event_hero_treasure_box_i00"/>
		<set name="stackable" value="true"/>
	</etcitem>
	<etcitem id="35701" name="Santa Girl's Red Stocking">
		<!-- gorodetskiy -->
		<set name="class" value="OTHER"/>
		<set name="type" value="OTHER"/>
		<set name="ex_type" value="OTHER_ITEMS"/>
		<set name="crystal_type" value="NONE"/>
		<set name="icon" value="icon.xmas_present_i00"/>
		<set name="stackable" value="true"/>
	</etcitem>
	<etcitem id="35702" name="Zahaks Petra">
		<!-- gorodetskiy -->
		<set name="tradeable" value="false"/>
		<set name="dropable" value="false"/>
		<set name="class" value="OTHER"/>
		<set name="type" value="OTHER"/>
		<set name="ex_type" value="OTHER_ITEMS"/>
		<set name="crystal_type" value="NONE"/>
		<set name="icon" value="icon.etc_torch_on_i00"/>
		<set name="stackable" value="true"/>
	</etcitem>
	<etcitem id="35703" name="Top Quality Petra">
		<!-- gorodetskiy -->
		<set name="tradeable" value="false"/>
		<set name="dropable" value="false"/>
		<set name="class" value="OTHER"/>
		<set name="type" value="OTHER"/>
		<set name="ex_type" value="OTHER_ITEMS"/>
		<set name="crystal_type" value="NONE"/>
		<set name="icon" value="icon.etc_torch_on_i00"/>
		<set name="stackable" value="true"/>
		<set name="type" value="QUEST"/>
	</etcitem>
	<etcitem id="35704" name="Expedition Volunteers Crystal Pouch">
		<!-- gorodetskiy -->
		<set name="class" value="OTHER"/>
		<set name="type" value="OTHER"/>
		<set name="ex_type" value="OTHER_ITEMS"/>
		<set name="crystal_type" value="NONE"/>
		<set name="weight" value="10"/>
		<set name="icon" value="icon.etc_pouch_gold_i00"/>
		<set name="stackable" value="true"/>
	</etcitem>
	<etcitem id="35705" name="Echo Crystal - Eternal Adventures (5th Fan Pic Award)">
		<!-- gorodetskiy -->
		<set name="class" value="OTHER"/>
		<set name="type" value="OTHER"/>
		<set name="ex_type" value="OTHER_ITEMS"/>
		<set name="crystal_type" value="NONE"/>
		<set name="weight" value="10"/>
		<set name="icon" value="icon.etc_echo_crystal_i03"/>
		<set name="stackable" value="true"/>
	</etcitem>
	<etcitem id="35706" name="Echo Crystal - The Stirrings of War (5th Fan Pick Award)">
		<!-- gorodetskiy -->
		<set name="class" value="OTHER"/>
		<set name="type" value="OTHER"/>
		<set name="ex_type" value="OTHER_ITEMS"/>
		<set name="crystal_type" value="NONE"/>
		<set name="weight" value="10"/>
		<set name="icon" value="icon.etc_echo_crystal_i04"/>
		<set name="stackable" value="true"/>
	</etcitem>
	<etcitem id="35707" name="Echo Crystal - Reload (5th Fan Pick Award)">
		<!-- gorodetskiy -->
		<set name="class" value="OTHER"/>
		<set name="type" value="OTHER"/>
		<set name="ex_type" value="OTHER_ITEMS"/>
		<set name="crystal_type" value="NONE"/>
		<set name="weight" value="10"/>
		<set name="icon" value="icon.etc_echo_crystal_i01"/>
		<set name="stackable" value="true"/>
	</etcitem>
	<etcitem id="35709" name="Zofan's Supply Box">
		<!-- gorodetskiy -->
		<set name="class" value="OTHER"/>
		<set name="type" value="OTHER"/>
		<set name="ex_type" value="OTHER_ITEMS"/>
		<set name="crystal_type" value="NONE"/>
		<set name="icon" value="icon.event_hero_treasure_box_i00"/>
		<set name="stackable" value="true"/>
	</etcitem>
	<etcitem id="35720" name="Santa Girl's Hat Box">
		<!-- gorodetskiy -->
		<set name="class" value="OTHER"/>
		<set name="type" value="OTHER"/>
		<set name="ex_type" value="OTHER_ITEMS"/>
		<set name="crystal_type" value="NONE"/>
		<set name="icon" value="icon.event_hero_treasure_box_i00"/>
		<set name="stackable" value="true"/>
	</etcitem>
	<etcitem id="35721" name="Santa Girl's Hat Box">
		<!-- gorodetskiy -->
		<set name="class" value="OTHER"/>
		<set name="type" value="OTHER"/>
		<set name="ex_type" value="OTHER_ITEMS"/>
		<set name="crystal_type" value="NONE"/>
		<set name="icon" value="icon.event_hero_treasure_box_i00"/>
		<set name="stackable" value="true"/>
	</etcitem>
	<etcitem id="35723" name="Specter Weapon Pack">
		<!-- gorodetskiy -->
		<set name="class" value="OTHER"/>
		<set name="type" value="OTHER"/>
		<set name="ex_type" value="OTHER_ITEMS"/>
		<set name="crystal_type" value="NONE"/>
		<set name="weight" value="10"/>
		<set name="icon" value="icon.event_hero_treasure_box_i00"/>
		<set name="stackable" value="true"/>
	</etcitem>
	<etcitem id="35724" name="Seraph Armor Pack">
		<!-- gorodetskiy -->
		<set name="class" value="OTHER"/>
		<set name="type" value="OTHER"/>
		<set name="ex_type" value="OTHER_ITEMS"/>
		<set name="crystal_type" value="NONE"/>
		<set name="weight" value="10"/>
		<set name="icon" value="icon.event_hero_treasure_box_i00"/>
		<set name="stackable" value="true"/>
	</etcitem>
	<etcitem id="35725" name="Seraph Accessory Pack">
		<!-- gorodetskiy -->
		<set name="class" value="OTHER"/>
		<set name="type" value="OTHER"/>
		<set name="ex_type" value="OTHER_ITEMS"/>
		<set name="crystal_type" value="NONE"/>
		<set name="weight" value="10"/>
		<set name="icon" value="icon.event_hero_treasure_box_i00"/>
		<set name="stackable" value="true"/>
	</etcitem>
	<etcitem id="35726" name="Enchant Box (R-Grade)">
		<!-- gorodetskiy -->
		<set name="class" value="OTHER"/>
		<set name="type" value="OTHER"/>
		<set name="ex_type" value="OTHER_ITEMS"/>
		<set name="crystal_type" value="NONE"/>
		<set name="weight" value="10"/>
		<set name="icon" value="icon.event_hero_treasure_box_i00"/>
		<set name="stackable" value="true"/>
	</etcitem>
	<etcitem id="35727" name="Seed Talisman Ingredient Box">
		<!-- gorodetskiy -->
		<set name="class" value="OTHER"/>
		<set name="type" value="OTHER"/>
		<set name="ex_type" value="OTHER_ITEMS"/>
		<set name="crystal_type" value="NONE"/>
		<set name="weight" value="10"/>
		<set name="icon" value="icon.event_hero_treasure_box_i00"/>
		<set name="stackable" value="true"/>
	</etcitem>
	<etcitem id="35728" name="Hero's Backup Box">
		<!-- gorodetskiy -->
		<set name="class" value="OTHER"/>
		<set name="type" value="OTHER"/>
		<set name="ex_type" value="OTHER_ITEMS"/>
		<set name="crystal_type" value="NONE"/>
		<set name="weight" value="10"/>
		<set name="icon" value="icon.event_hero_treasure_box_i00"/>
		<set name="stackable" value="true"/>
	</etcitem>
	<!--
	<etcitem id="35729" name="Fire Stone (+ 60)">
		<set name="class" value="OTHER"/>
		<set name="type" value="OTHER"/>
		<set name="ex_type" value="OTHER_ITEMS"/>
		<set name="crystal_type" value="NONE"/>
		<set name="weight" value="1"/>
		<set name="icon" value="icon.etc_fire_stone_i00"/>
		<set name="stackable" value="true"/>
	</etcitem>
	<etcitem id="35730" name="Water Stone (+ 60)">
		<set name="class" value="OTHER"/>
		<set name="type" value="OTHER"/>
		<set name="ex_type" value="OTHER_ITEMS"/>
		<set name="crystal_type" value="NONE"/>
		<set name="weight" value="1"/>
		<set name="icon" value="icon.etc_water_stone_i00"/>
		<set name="stackable" value="true"/>
	</etcitem>
	<etcitem id="35731" name="Earth Stone (+ 60)">
		<set name="class" value="OTHER"/>
		<set name="type" value="OTHER"/>
		<set name="ex_type" value="OTHER_ITEMS"/>
		<set name="crystal_type" value="NONE"/>
		<set name="weight" value="1"/>
		<set name="icon" value="icon.etc_earth_stone_i00"/>
		<set name="stackable" value="true"/>
	</etcitem>
	<etcitem id="35732" name="Wind Stone (+ 60)">
		<set name="class" value="OTHER"/>
		<set name="type" value="OTHER"/>
		<set name="ex_type" value="OTHER_ITEMS"/>
		<set name="crystal_type" value="NONE"/>
		<set name="weight" value="1"/>
		<set name="icon" value="icon.etc_wind_stone_i00"/>
		<set name="stackable" value="true"/>
	</etcitem>
	<etcitem id="35733" name="Dark Stone (+ 60)">
		<set name="class" value="OTHER"/>
		<set name="type" value="OTHER"/>
		<set name="ex_type" value="OTHER_ITEMS"/>
		<set name="crystal_type" value="NONE"/>
		<set name="weight" value="1"/>
		<set name="icon" value="icon.etc_unholy_stone_i00"/>
		<set name="stackable" value="true"/>
	</etcitem>
	<etcitem id="35734" name="Holy Stone (+ 60)">
		<set name="class" value="OTHER"/>
		<set name="type" value="OTHER"/>
		<set name="ex_type" value="OTHER_ITEMS"/>
		<set name="crystal_type" value="NONE"/>
		<set name="weight" value="1"/>
		<set name="icon" value="icon.etc_holy_stone_i00"/>
		<set name="stackable" value="true"/>
	</etcitem>
	<etcitem id="35735" name="Fire Stone (+ 150)">
		<set name="class" value="OTHER"/>
		<set name="type" value="OTHER"/>
		<set name="ex_type" value="OTHER_ITEMS"/>
		<set name="crystal_type" value="NONE"/>
		<set name="weight" value="1"/>
		<set name="icon" value="icon.etc_fire_stone_i00"/>
		<set name="stackable" value="true"/>
	</etcitem>
	<etcitem id="35736" name="Water Stone (+ 150)">
		<set name="class" value="OTHER"/>
		<set name="type" value="OTHER"/>
		<set name="ex_type" value="OTHER_ITEMS"/>
		<set name="crystal_type" value="NONE"/>
		<set name="weight" value="1"/>
		<set name="icon" value="icon.etc_water_stone_i00"/>
		<set name="stackable" value="true"/>
	</etcitem>
	<etcitem id="35737" name="Earth Stone (+ 150)">
		<set name="class" value="OTHER"/>
		<set name="type" value="OTHER"/>
		<set name="ex_type" value="OTHER_ITEMS"/>
		<set name="crystal_type" value="NONE"/>
		<set name="weight" value="1"/>
		<set name="icon" value="icon.etc_earth_stone_i00"/>
		<set name="stackable" value="true"/>
	</etcitem>
	<etcitem id="35738" name="Wind Stone (+ 150)">
		<set name="class" value="OTHER"/>
		<set name="type" value="OTHER"/>
		<set name="ex_type" value="OTHER_ITEMS"/>
		<set name="crystal_type" value="NONE"/>
		<set name="weight" value="1"/>
		<set name="icon" value="icon.etc_wind_stone_i00"/>
		<set name="stackable" value="true"/>
	</etcitem>
	<etcitem id="35739" name="Dark Stone (+ 150)">
		<set name="class" value="OTHER"/>
		<set name="type" value="OTHER"/>
		<set name="ex_type" value="OTHER_ITEMS"/>
		<set name="crystal_type" value="NONE"/>
		<set name="weight" value="1"/>
		<set name="icon" value="icon.etc_unholy_stone_i00"/>
		<set name="stackable" value="true"/>
	</etcitem>
	<etcitem id="35740" name="Holy Stone (+ 150)">
		<set name="class" value="OTHER"/>
		<set name="type" value="OTHER"/>
		<set name="ex_type" value="OTHER_ITEMS"/>
		<set name="crystal_type" value="NONE"/>
		<set name="weight" value="1"/>
		<set name="icon" value="icon.etc_holy_stone_i00"/>
		<set name="stackable" value="true"/>
	</etcitem>
    -->
	<etcitem id="35741" name="Resume Scroll (Low-Grade)">
		<!--gorodetskiy-->
		<set name="class" value="OTHER"/>
		<set name="type" value="OTHER"/>
		<set name="ex_type" value="OTHER_ITEMS"/>
		<set name="crystal_type" value="NONE"/>
		<set name="price" value="2060000"/>
		<set name="weight" value="10"/>
		<set name="icon" value="icon.etc_ev_draco_pk_count_down"/>
		<set name="stackable" value="true"/>
		<!-- Написать скилл 
        Снижает очки PK на 1 при двойном щелчке мыши. Может применяться в деревне Флоран. 
        Может применяться, когда значение PK равняется 1 или выше. 
        Не может использоваться при обладании Демоническим Мечом Зарич, Кровавым Мечом Аканамахом.
		<skills>
			<skill id="9504" level="1"/>
		</skills> -->
	</etcitem>
	<etcitem id="35742" name="Purify Scroll (Low-Grade)">
		<!--gorodetskiy-->
		<set name="class" value="OTHER"/>
		<set name="type" value="OTHER"/>
		<set name="ex_type" value="OTHER_ITEMS"/>
		<set name="crystal_type" value="NONE"/>
		<set name="price" value="1900000"/>
		<set name="weight" value="10"/>
		<set name="icon" value="icon.etc_ev_draco_karma_down"/>
		<set name="stackable" value="true"/>
		<!-- Написать скилл 
        При двойном щелчке мыши повышает карму на 1000. 
        Может использоваться в деревне Флоран. Может использоваться только в хаотичном состоянии (карма меньше нуля). 
        Не может использоваться при обладании Демоническим Мечом Зарич, Кровавым Мечом Аканамахом.
		<skills>
			<skill id="9508" level="1"/>
		</skills> -->
	</etcitem>
	<etcitem id="35743" name="Draco's Red Potion Bottle">
		<!--gorodetskiy-->
		<set name="class" value="CONSUMABLE"/>
		<set name="type" value="POTION"/>
		<set name="ex_type" value="POTION"/>
		<set name="crystal_type" value="NONE"/>
		<set name="price" value="238000"/>
		<set name="weight" value="10"/>
		<set name="icon" value="icon.etc_ev_draco_hp_bottle"/>
		<set name="stackable" value="true"/>
		<!-- Написать скилл 
        При применении восстанавливает HP на 3000, на остаток восстанавливает CP. 
        Время перезарядки отсутствует. Можно обменять, выбросить, использовать в личной торговой лавке.
		<skills>
			<skill id="9513" level="1"/>
		</skills> -->
		<cond msgId="1508">
			<not>
				<player olympiad="true"/>
			</not>
		</cond>
	</etcitem>
	<etcitem id="35744" name="Draco's Blue Potion Bottle">
		<!--gorodetskiy-->
		<set name="class" value="CONSUMABLE"/>
		<set name="type" value="POTION"/>
		<set name="ex_type" value="POTION"/>
		<set name="crystal_type" value="NONE"/>
		<set name="price" value="238000"/>
		<set name="weight" value="10"/>
		<set name="icon" value="icon.etc_ev_draco_mp_bottle"/>
		<set name="stackable" value="true"/>
		<!-- Написать скилл
        Мгновенно восстанавливает 100 MP. Время перезарядки отсутствует. 
        Можно обменять, выбросить, использовать в личной торговой лавке. Нельзя использовать при MP=100%.
		<skills>
			<skill id="9514" level="1"/>
		</skills> -->
		<cond msgId="1508">
			<not>
				<player olympiad="true"/>
			</not>
		</cond>
	</etcitem>
	<etcitem id="35745" name="Draco's Hat Box">
		<!--gorodetskiy-->
		<set name="class" value="OTHER"/>
		<set name="type" value="OTHER"/>
		<set name="ex_type" value="OTHER_ITEMS"/>
		<set name="crystal_type" value="NONE"/>
		<set name="weight" value="10"/>
		<set name="icon" value="icon.change_elemental_crystal"/>
		<set name="stackable" value="true"/>
	</etcitem>
	<etcitem id="35749" name="Weapon Attribute Change Crystal (R-Grade)">
		<!--gorodetskiy-->
		<!--При двойном щелчке позволяет изменить стихию оружия ранга R, R95, R99. 
        Может использоваться только при наличии в инвентаре стихийного оружия ранга R.-->
		<set name="class" value="OTHER"/>
		<set name="type" value="OTHER"/>
		<set name="ex_type" value="OTHER_ITEMS"/>
		<set name="crystal_type" value="R"/>
		<set name="price" value="20000000"/>
		<set name="icon" value="icon.change_elemental_crystal"/>
		<set name="stackable" value="true"/>
	</etcitem>
	<etcitem id="35750" name="Draco's Blessing (30 minutes)">
		<!--gorodetskiy-->
		<set name="class" value="OTHER"/>
		<set name="type" value="OTHER"/>
		<set name="ex_type" value="OTHER_ITEMS"/>
		<set name="crystal_type" value="NONE"/>
		<set name="icon" value="icon.etc_ev_draco_exp_up"/>
		<set name="stackable" value="true"/>
		<!-- Написать скилл
        При применении увеличивает набираемые на охоте персонажем от 85 до 90 уровня очки опыта и SP до 200% в течение 30 минут. 
		<skills>
			<skill id="9518" level="1"/>
		</skills> -->
	</etcitem>
	<etcitem id="35751" name="Shiny Draco's Accessory Pack">
		<!--gorodetskiy-->
		<set name="class" value="OTHER"/>
		<set name="type" value="OTHER"/>
		<set name="ex_type" value="OTHER_ITEMS"/>
		<set name="crystal_type" value="NONE"/>
		<set name="icon" value="icon.etc_ev_draco_gift_box"/>
		<set name="stackable" value="true"/>
	</etcitem>
	<etcitem id="35752" name="Resume Scroll (Mid-Grade)">
		<set name="class" value="OTHER"/>
		<set name="type" value="OTHER"/>
		<set name="ex_type" value="OTHER_ITEMS"/>
		<set name="crystal_type" value="NONE"/>
		<set name="icon" value="111111"/>
		<set name="stackable" value="true"/>
	</etcitem>
	<etcitem id="35753" name="Resume Scroll (High-Grade)">
		<set name="class" value="OTHER"/>
		<set name="type" value="OTHER"/>
		<set name="ex_type" value="OTHER_ITEMS"/>
		<set name="crystal_type" value="NONE"/>
		<set name="icon" value="111111"/>
		<set name="stackable" value="true"/>
	</etcitem>
	<etcitem id="35754" name="Resume Scroll (Top-Grade)">
		<set name="class" value="OTHER"/>
		<set name="type" value="OTHER"/>
		<set name="ex_type" value="OTHER_ITEMS"/>
		<set name="crystal_type" value="NONE"/>
		<set name="icon" value="111111"/>
		<set name="stackable" value="true"/>
	</etcitem>
	<etcitem id="35755" name="Purify Scroll (Mid-Grade)">
		<set name="class" value="OTHER"/>
		<set name="type" value="OTHER"/>
		<set name="ex_type" value="OTHER_ITEMS"/>
		<set name="crystal_type" value="NONE"/>
		<set name="icon" value="111111"/>
		<set name="stackable" value="true"/>
	</etcitem>
	<etcitem id="35756" name="Purify Scroll (High-Grade)">
		<set name="class" value="OTHER"/>
		<set name="type" value="OTHER"/>
		<set name="ex_type" value="OTHER_ITEMS"/>
		<set name="crystal_type" value="NONE"/>
		<set name="icon" value="111111"/>
		<set name="stackable" value="true"/>
	</etcitem>
	<etcitem id="35757" name="Purify Scroll (Top-Grade)">
		<set name="class" value="OTHER"/>
		<set name="type" value="OTHER"/>
		<set name="ex_type" value="OTHER_ITEMS"/>
		<set name="crystal_type" value="NONE"/>
		<set name="icon" value="111111"/>
		<set name="stackable" value="true"/>
	</etcitem>
	<etcitem id="35758" name="Draco's Blessing (1 Hour)">
		<set name="class" value="OTHER"/>
		<set name="type" value="OTHER"/>
		<set name="ex_type" value="OTHER_ITEMS"/>
		<set name="crystal_type" value="NONE"/>
		<set name="icon" value="111111"/>
		<set name="stackable" value="true"/>
	</etcitem>
	<etcitem id="35759" name="Draco's Blessing (2 Hours)">
		<set name="class" value="OTHER"/>
		<set name="type" value="OTHER"/>
		<set name="ex_type" value="OTHER_ITEMS"/>
		<set name="crystal_type" value="NONE"/>
		<set name="icon" value="111111"/>
		<set name="stackable" value="true"/>
	</etcitem>
	<etcitem id="35760" name="Draco's Blessing (3 Hours)">
		<set name="class" value="OTHER"/>
		<set name="type" value="OTHER"/>
		<set name="ex_type" value="OTHER_ITEMS"/>
		<set name="crystal_type" value="NONE"/>
		<set name="icon" value="111111"/>
		<set name="stackable" value="true"/>
	</etcitem>
</list>
